{
  "metrics": {
    "val": {
      "all_candidates_model_robust_mae": 0.7147467796455244,
      "all_candidates_baseline_robust_mae": 0.827250102514385,
      "all_candidates_improvement_pct": 13.599674696553375,
      "affected_candidates_model_robust_mae": 1.1562468215677528,
      "affected_candidates_baseline_robust_mae": 1.3240686608241723,
      "affected_candidates_improvement_pct": 12.674708209765951,
      "unaffected_candidates_model_robust_mae": 0.5307554341570279,
      "unaffected_candidates_baseline_robust_mae": 0.6202052519238401,
      "unaffected_candidates_improvement_pct": 14.422615334092093,
      "horizon_01_all_candidates_model_robust_mae": 0.5325190031711325,
      "horizon_01_all_candidates_baseline_robust_mae": 0.6003526910613428,
      "horizon_01_all_candidates_improvement_pct": 11.298972903792508,
      "horizon_01_affected_candidates_model_robust_mae": 0.7665097430268322,
      "horizon_01_affected_candidates_baseline_robust_mae": 0.8427632361549119,
      "horizon_01_affected_candidates_improvement_pct": 9.048032692548924,
      "horizon_02_all_candidates_model_robust_mae": 0.5962273768425665,
      "horizon_02_all_candidates_baseline_robust_mae": 0.6733494887504019,
      "horizon_02_all_candidates_improvement_pct": 11.453504190068983,
      "horizon_02_affected_candidates_model_robust_mae": 0.8984265378036906,
      "horizon_02_affected_candidates_baseline_robust_mae": 0.9973475087895826,
      "horizon_02_affected_candidates_improvement_pct": 9.918405582217378,
      "horizon_03_all_candidates_model_robust_mae": 0.6429042748002031,
      "horizon_03_all_candidates_baseline_robust_mae": 0.7308534943862844,
      "horizon_03_all_candidates_improvement_pct": 12.033768773307225,
      "horizon_03_affected_candidates_model_robust_mae": 0.9965902756397769,
      "horizon_03_affected_candidates_baseline_robust_mae": 1.116654747019574,
      "horizon_03_affected_candidates_improvement_pct": 10.752156984981905,
      "horizon_04_all_candidates_model_robust_mae": 0.6750900114384795,
      "horizon_04_all_candidates_baseline_robust_mae": 0.773284867237372,
      "horizon_04_all_candidates_improvement_pct": 12.698406494065022,
      "horizon_04_affected_candidates_model_robust_mae": 1.0644745866042193,
      "horizon_04_affected_candidates_baseline_robust_mae": 1.2040969431001207,
      "horizon_04_affected_candidates_improvement_pct": 11.595607587577089,
      "horizon_05_all_candidates_model_robust_mae": 0.7006724692231967,
      "horizon_05_all_candidates_baseline_robust_mae": 0.8061880555422644,
      "horizon_05_all_candidates_improvement_pct": 13.088210076257575,
      "horizon_05_affected_candidates_model_robust_mae": 1.124395552599868,
      "horizon_05_affected_candidates_baseline_robust_mae": 1.2793815410253246,
      "horizon_05_affected_candidates_improvement_pct": 12.114133544653736,
      "horizon_06_all_candidates_model_robust_mae": 0.7235098478924575,
      "horizon_06_all_candidates_baseline_robust_mae": 0.837740935448321,
      "horizon_06_all_candidates_improvement_pct": 13.635610094036066,
      "horizon_06_affected_candidates_model_robust_mae": 1.175772510411857,
      "horizon_06_affected_candidates_baseline_robust_mae": 1.346644229576236,
      "horizon_06_affected_candidates_improvement_pct": 12.688705406486545,
      "horizon_07_all_candidates_model_robust_mae": 0.7430184313110543,
      "horizon_07_all_candidates_baseline_robust_mae": 0.8643465291235348,
      "horizon_07_all_candidates_improvement_pct": 14.03697402886661,
      "horizon_07_affected_candidates_model_robust_mae": 1.2164687129453593,
      "horizon_07_affected_candidates_baseline_robust_mae": 1.401758678996387,
      "horizon_07_affected_candidates_improvement_pct": 13.218392639715216,
      "horizon_08_all_candidates_model_robust_mae": 0.7638158075426338,
      "horizon_08_all_candidates_baseline_robust_mae": 0.8908410379620302,
      "horizon_08_all_candidates_improvement_pct": 14.259023215858013,
      "horizon_08_affected_candidates_model_robust_mae": 1.2626261341817901,
      "horizon_08_affected_candidates_baseline_robust_mae": 1.459318947694711,
      "horizon_08_affected_candidates_improvement_pct": 13.478397839186348,
      "horizon_09_all_candidates_model_robust_mae": 0.7803857907880898,
      "horizon_09_all_candidates_baseline_robust_mae": 0.911975627290561,
      "horizon_09_all_candidates_improvement_pct": 14.429095752637467,
      "horizon_09_affected_candidates_model_robust_mae": 1.2991299723398224,
      "horizon_09_affected_candidates_baseline_robust_mae": 1.5058868829427,
      "horizon_09_affected_candidates_improvement_pct": 13.729909792350899,
      "horizon_10_all_candidates_model_robust_mae": 0.792416095278459,
      "horizon_10_all_candidates_baseline_robust_mae": 0.9289248027645703,
      "horizon_10_all_candidates_improvement_pct": 14.695345315341799,
      "horizon_10_affected_candidates_model_robust_mae": 1.3258776606186315,
      "horizon_10_affected_candidates_baseline_robust_mae": 1.5406091656416363,
      "horizon_10_affected_candidates_improvement_pct": 13.938090841720582,
      "horizon_11_all_candidates_model_robust_mae": 0.8070127474933769,
      "horizon_11_all_candidates_baseline_robust_mae": 0.9471625830397096,
      "horizon_11_all_candidates_improvement_pct": 14.796808705909037,
      "horizon_11_affected_candidates_model_robust_mae": 1.3569697689211258,
      "horizon_11_affected_candidates_baseline_robust_mae": 1.579863786064337,
      "horizon_11_affected_candidates_improvement_pct": 14.108432581929838,
      "horizon_12_all_candidates_model_robust_mae": 0.8194784314064719,
      "horizon_12_all_candidates_baseline_robust_mae": 0.962095373567048,
      "horizon_12_all_candidates_improvement_pct": 14.823576339610906,
      "horizon_12_affected_candidates_model_robust_mae": 1.387905846662861,
      "horizon_12_affected_candidates_baseline_robust_mae": 1.6147309201281246,
      "horizon_12_affected_candidates_improvement_pct": 14.047236640967125,
      "affected_node_rate": 0.23427743925374256
    },
    "test": {
      "all_candidates_model_robust_mae": 0.7074274567502036,
      "all_candidates_baseline_robust_mae": 0.8328134175155775,
      "all_candidates_improvement_pct": 15.0557085330615,
      "affected_candidates_model_robust_mae": 1.1026121678230671,
      "affected_candidates_baseline_robust_mae": 1.293837023264936,
      "affected_candidates_improvement_pct": 14.77967100982488,
      "unaffected_candidates_model_robust_mae": 0.5220149055838623,
      "unaffected_candidates_baseline_robust_mae": 0.6165106205771105,
      "unaffected_candidates_improvement_pct": 15.327508049219249,
      "horizon_01_all_candidates_model_robust_mae": 0.5229126541144832,
      "horizon_01_all_candidates_baseline_robust_mae": 0.591224841429918,
      "horizon_01_all_candidates_improvement_pct": 11.554349974574333,
      "horizon_01_affected_candidates_model_robust_mae": 0.7340392754039728,
      "horizon_01_affected_candidates_baseline_robust_mae": 0.8144241979669616,
      "horizon_01_affected_candidates_improvement_pct": 9.87015400127511,
      "horizon_02_all_candidates_model_robust_mae": 0.5841426070394772,
      "horizon_02_all_candidates_baseline_robust_mae": 0.6647113468303868,
      "horizon_02_all_candidates_improvement_pct": 12.12086120916907,
      "horizon_02_affected_candidates_model_robust_mae": 0.8536651082021254,
      "horizon_02_affected_candidates_baseline_robust_mae": 0.9614806884368053,
      "horizon_02_affected_candidates_improvement_pct": 11.213494096274434,
      "horizon_03_all_candidates_model_robust_mae": 0.6301902969508338,
      "horizon_03_all_candidates_baseline_robust_mae": 0.7255605875606053,
      "horizon_03_all_candidates_improvement_pct": 13.144359305735478,
      "horizon_03_affected_candidates_model_robust_mae": 0.9450712440014915,
      "horizon_03_affected_candidates_baseline_robust_mae": 1.0792830611036868,