{
  "metrics": {
    "val": {
      "all_candidates_model_robust_mae": 0.6983304570299097,
      "all_candidates_baseline_robust_mae": 0.812272253538368,
      "all_candidates_improvement_pct": 14.027537689747787,
      "affected_candidates_model_robust_mae": 1.124770833219043,
      "affected_candidates_baseline_robust_mae": 1.2999156952298925,
      "affected_candidates_improvement_pct": 13.473555450830592,
      "unaffected_candidates_model_robust_mae": 0.523871666934917,
      "unaffected_candidates_baseline_robust_mae": 0.6127749966054564,
      "unaffected_candidates_improvement_pct": 14.508315476811305,
      "horizon_01_all_candidates_model_robust_mae": 0.5250884965774882,
      "horizon_01_all_candidates_baseline_robust_mae": 0.5925561872164117,
      "horizon_01_all_candidates_improvement_pct": 11.385872275818983,
      "horizon_01_affected_candidates_model_robust_mae": 0.7503707470240334,
      "horizon_01_affected_candidates_baseline_robust_mae": 0.8310821840812233,
      "horizon_01_affected_candidates_improvement_pct": 9.71160717954962,
      "horizon_02_all_candidates_model_robust_mae": 0.5835498308695151,
      "horizon_02_all_candidates_baseline_robust_mae": 0.6605090726494501,
      "horizon_02_all_candidates_improvement_pct": 11.651504115035738,
      "horizon_02_affected_candidates_model_robust_mae": 0.8673530382899481,
      "horizon_02_affected_candidates_baseline_robust_mae": 0.969432654323763,
      "horizon_02_affected_candidates_improvement_pct": 10.529830574463316,
      "horizon_03_all_candidates_model_robust_mae": 0.6243418550100697,
      "horizon_03_all_candidates_baseline_robust_mae": 0.7156650011947023,
      "horizon_03_all_candidates_improvement_pct": 12.760599726433663,
      "horizon_03_affected_candidates_model_robust_mae": 0.958463154652169,
      "horizon_03_affected_candidates_baseline_robust_mae": 1.0868382318468646,
      "horizon_03_affected_candidates_improvement_pct": 11.811792540325687,
      "horizon_04_all_candidates_model_robust_mae": 0.6597371636151986,
      "horizon_04_all_candidates_baseline_robust_mae": 0.7587719564434949,
      "horizon_04_all_candidates_improvement_pct": 13.05198379925515,
      "horizon_04_affected_candidates_model_robust_mae": 1.023802806236715,
      "horizon_04_affected_candidates_baseline_robust_mae": 1.1706791141493218,
      "horizon_04_affected_candidates_improvement_pct": 12.546248253462261,
      "horizon_05_all_candidates_model_robust_mae": 0.6812658907089485,
      "horizon_05_all_candidates_baseline_robust_mae": 0.78826782591811,
      "horizon_05_all_candidates_improvement_pct": 13.574312142517595,
      "horizon_05_affected_candidates_model_robust_mae": 1.088123096160355,
      "horizon_05_affected_candidates_baseline_robust_mae": 1.250857173134531,
      "horizon_05_affected_candidates_improvement_pct": 13.009804833782876,
      "horizon_06_all_candidates_model_robust_mae": 0.7043897663339785,
      "horizon_06_all_candidates_baseline_robust_mae": 0.8191494627034623,
      "horizon_06_all_candidates_improvement_pct": 14.009616265966786,
      "horizon_06_affected_candidates_model_robust_mae": 1.1382308875024094,
      "horizon_06_affected_candidates_baseline_robust_mae": 1.3189782477938825,
      "horizon_06_affected_candidates_improvement_pct": 13.703589167887369,
      "horizon_07_all_candidates_model_robust_mae": 0.7250190443177847,
      "horizon_07_all_candidates_baseline_robust_mae": 0.8484080569173638,
      "horizon_07_all_candidates_improvement_pct": 14.543592743320364,
      "horizon_07_affected_candidates_model_robust_mae": 1.1842874667659475,
      "horizon_07_affected_candidates_baseline_robust_mae": 1.373737024284366,
      "horizon_07_affected_candidates_improvement_pct": 13.790816886304007,
      "horizon_08_all_candidates_model_robust_mae": 0.7461184421525017,
      "horizon_08_all_candidates_baseline_robust_mae": 0.8730975337730842,
      "horizon_08_all_candidates_improvement_pct": 14.543517385949238,
      "horizon_08_affected_candidates_model_robust_mae": 1.2331032593907503,
      "horizon_08_affected_candidates_baseline_robust_mae": 1.436019830312394,
      "horizon_08_affected_candidates_improvement_pct": 14.130485292637013,
      "horizon_09_all_candidates_model_robust_mae": 0.7633879762274116,
      "horizon_09_all_candidates_baseline_robust_mae": 0.8976867136473045,
      "horizon_09_all_candidates_improvement_pct": 14.960535271179026,
      "horizon_09_affected_candidates_model_robust_mae": 1.2718101713870862,
      "horizon_09_affected_candidates_baseline_robust_mae": 1.4868423174878904,
      "horizon_09_affected_candidates_improvement_pct": 14.462336965503779,
      "horizon_10_all_candidates_model_robust_mae": 0.7724090073818051,
      "horizon_10_all_candidates_baseline_robust_mae": 0.9113789985417645,
      "horizon_10_all_candidates_improvement_pct": 15.24832055405225,
      "horizon_10_affected_candidates_model_robust_mae": 1.286809559545913,
      "horizon_10_affected_candidates_baseline_robust_mae": 1.5105281051277468,
      "horizon_10_affected_candidates_improvement_pct": 14.810617877441857,
      "horizon_11_all_candidates_model_robust_mae": 0.7905566896904525,
      "horizon_11_all_candidates_baseline_robust_mae": 0.9332737739183414,
      "horizon_11_all_candidates_improvement_pct": 15.292092011617619,
      "horizon_11_affected_candidates_model_robust_mae": 1.330720281254703,
      "horizon_11_affected_candidates_baseline_robust_mae": 1.564404800238793,
      "horizon_11_affected_candidates_improvement_pct": 14.93759920376235,
      "horizon_12_all_candidates_model_robust_mae": 0.8041499468687191,
      "horizon_12_all_candidates_baseline_robust_mae": 0.9485655322208022,
      "horizon_12_all_candidates_improvement_pct": 15.2246292371571,
      "horizon_12_affected_candidates_model_robust_mae": 1.36438789374853,
      "horizon_12_affected_candidates_baseline_robust_mae": 1.5998585408337254,
      "horizon_12_affected_candidates_improvement_pct": 14.71821670949019,
      "affected_node_rate": 0.2311284046692607
    },
    "test": {
      "all_candidates_model_robust_mae": 0.7091653617674138,
      "all_candidates_baseline_robust_mae": 0.8330488830427023,
      "all_candidates_improvement_pct": 14.871098659037294,
      "affected_candidates_model_robust_mae": 1.103186099277879,
      "affected_candidates_baseline_robust_mae": 1.2900944477339138,
      "affected_candidates_improvement_pct": 14.487958519962968,
      "unaffected_candidates_model_robust_mae": 0.5227698278663907,
      "unaffected_candidates_baseline_robust_mae": 0.6168388012401588,
      "unaffected_candidates_improvement_pct": 15.250171225390126,
      "horizon_01_all_candidates_model_robust_mae": 0.5246990802182906,
      "horizon_01_all_candidates_baseline_robust_mae": 0.5907186167402946,
      "horizon_01_all_candidates_improvement_pct": 11.17613947674668,
      "horizon_01_affected_candidates_model_robust_mae": 0.7329860847058056,
      "horizon_01_affected_candidates_baseline_robust_mae": 0.8083569085558622,
      "horizon_01_affected_candidates_improvement_pct": 9.323953695739089,
      "horizon_02_all_candidates_model_robust_mae": 0.5826704983284332,
      "horizon_02_all_candidates_baseline_robust_mae": 0.6613039375788015,
      "horizon_02_all_candidates_improvement_pct": 11.890665514296629,
      "horizon_02_affected_candidates_model_robust_mae": 0.8506960402180458,
      "horizon_02_affected_candidates_baseline_robust_mae": 0.9541223391609646,
      "horizon_02_affected_candidates_improvement_pct": 10.839941032495865,
      "horizon_03_all_candidates_model_robust_mae": 0.6266430978495527,
      "horizon_03_all_candidates_baseline_robust_mae": 0.7180480895724983,
      "horizon_03_all_candidates_improvement_pct": 12.729647644820702,
      "horizon_03_affected_candidates_model_robust_mae": 0.9308927060417463,
      "horizon_03_affected_candidates_baseline_robust_mae": 1.0552724023797542,