{
  "metrics": {
    "val": {
      "all_candidates_model_robust_mae": 0.714605317693009,
      "all_candidates_baseline_robust_mae": 0.8272501102632047,
      "all_candidates_improvement_pct": 13.616775769828037,
      "affected_candidates_model_robust_mae": 1.1572565444751672,
      "affected_candidates_baseline_robust_mae": 1.3240686546633906,
      "affected_candidates_improvement_pct": 12.598448698313982,
      "unaffected_candidates_model_robust_mae": 0.5301342273824488,
      "unaffected_candidates_baseline_robust_mae": 0.6202052552880885,
      "unaffected_candidates_improvement_pct": 14.522777280208832,
      "horizon_01_all_candidates_model_robust_mae": 0.5325160774022145,
      "horizon_01_all_candidates_baseline_robust_mae": 0.6003526860005128,
      "horizon_01_all_candidates_improvement_pct": 11.299459497752688,
      "horizon_01_affected_candidates_model_robust_mae": 0.7669515371770026,
      "horizon_01_affected_candidates_baseline_robust_mae": 0.8427632402965712,
      "horizon_01_affected_candidates_improvement_pct": 8.995611044080452,
      "horizon_02_all_candidates_model_robust_mae": 0.5960927096948511,
      "horizon_02_all_candidates_baseline_robust_mae": 0.6733494887504019,
      "horizon_02_all_candidates_improvement_pct": 11.473503781657802,
      "horizon_02_affected_candidates_model_robust_mae": 0.8988678080558459,
      "horizon_02_affected_candidates_baseline_robust_mae": 0.9973475126132015,
      "horizon_02_affected_candidates_improvement_pct": 9.874161544688063,
      "horizon_03_all_candidates_model_robust_mae": 0.6426509223772306,
      "horizon_03_all_candidates_baseline_robust_mae": 0.7308534904495786,
      "horizon_03_all_candidates_improvement_pct": 12.068433581413268,
      "horizon_03_affected_candidates_model_robust_mae": 0.9972518860074076,
      "horizon_03_affected_candidates_baseline_robust_mae": 1.1166547427176545,
      "horizon_03_affected_candidates_improvement_pct": 10.692907318841515,
      "horizon_04_all_candidates_model_robust_mae": 0.6747650200869711,
      "horizon_04_all_candidates_baseline_robust_mae": 0.7732848661126429,
      "horizon_04_all_candidates_improvement_pct": 12.740433744803246,
      "horizon_04_affected_candidates_model_robust_mae": 1.0650761643580293,
      "horizon_04_affected_candidates_baseline_robust_mae": 1.2040969552088483,
      "horizon_04_affected_candidates_improvement_pct": 11.545647570108347,
      "horizon_05_all_candidates_model_robust_mae": 0.700405126169053,
      "horizon_05_all_candidates_baseline_robust_mae": 0.80618805385504,
      "horizon_05_all_candidates_improvement_pct": 13.121371270654887,
      "horizon_05_affected_candidates_model_robust_mae": 1.1252011628509293,
      "horizon_05_affected_candidates_baseline_robust_mae": 1.2793815399100616,
      "horizon_05_affected_candidates_improvement_pct": 12.051164742456029,
      "horizon_06_all_candidates_model_robust_mae": 0.723223887339152,
      "horizon_06_all_candidates_baseline_robust_mae": 0.8377409271994909,
      "horizon_06_all_candidates_improvement_pct": 13.669743967644187,
      "horizon_06_affected_candidates_model_robust_mae": 1.1765565936520836,
      "horizon_06_affected_candidates_baseline_robust_mae": 1.346644237542608,
      "horizon_06_affected_candidates_improvement_pct": 12.630480950254892,
      "horizon_07_all_candidates_model_robust_mae": 0.7428200113968162,
      "horizon_07_all_candidates_baseline_robust_mae": 0.8643465388721971,
      "horizon_07_all_candidates_improvement_pct": 14.059931058895573,
      "horizon_07_affected_candidates_model_robust_mae": 1.2174459164845886,
      "horizon_07_affected_candidates_baseline_robust_mae": 1.4017586805897237,
      "horizon_07_affected_candidates_improvement_pct": 13.14868005865277,
      "horizon_08_all_candidates_model_robust_mae": 0.7636528663131376,
      "horizon_08_all_candidates_baseline_robust_mae": 0.8908410368372225,
      "horizon_08_all_candidates_improvement_pct": 14.277313826453774,
      "horizon_08_affected_candidates_model_robust_mae": 1.2638036157156585,
      "horizon_08_affected_candidates_baseline_robust_mae": 1.4593189470573813,
      "horizon_08_affected_candidates_improvement_pct": 13.397710742806867,
      "horizon_09_all_candidates_model_robust_mae": 0.7803040900224754,
      "horizon_09_all_candidates_baseline_robust_mae": 0.9119756261656342,
      "horizon_09_all_candidates_improvement_pct": 14.438054303793916,
      "horizon_09_affected_candidates_model_robust_mae": 1.3003525714901256,
      "horizon_09_affected_candidates_baseline_robust_mae": 1.5058868737007916,
      "horizon_09_affected_candidates_improvement_pct": 13.64872128180221,
      "horizon_10_all_candidates_model_robust_mae": 0.7922178995183844,
      "horizon_10_all_candidates_baseline_robust_mae": 0.9289248031395567,
      "horizon_10_all_candidates_improvement_pct": 14.71668138897075,
      "horizon_10_affected_candidates_model_robust_mae": 1.3271095294661932,
      "horizon_10_affected_candidates_baseline_robust_mae": 1.5406091605425325,
      "horizon_10_affected_candidates_improvement_pct": 13.858130702088934,
      "horizon_11_all_candidates_model_robust_mae": 0.8069454122868195,
      "horizon_11_all_candidates_baseline_robust_mae": 0.9471625751648224,
      "horizon_11_all_candidates_improvement_pct": 14.803917147339012,
      "horizon_11_affected_candidates_model_robust_mae": 1.3586198061687595,
      "horizon_11_affected_candidates_baseline_robust_mae": 1.5798637806463696,
      "horizon_11_affected_candidates_improvement_pct": 14.003990545760375,
      "horizon_12_all_candidates_model_robust_mae": 0.8197587525938154,
      "horizon_12_all_candidates_baseline_robust_mae": 0.962095373567048,
      "horizon_12_all_candidates_improvement_pct": 14.794439811669385,
      "horizon_12_affected_candidates_model_robust_mae": 1.3900277237916425,
      "horizon_12_affected_candidates_baseline_robust_mae": 1.6147309258643616,
      "horizon_12_affected_candidates_improvement_pct": 13.915829471862999,
      "affected_node_rate": 0.23427743925374256
    },
    "test": {
      "all_candidates_model_robust_mae": 0.7079086393228073,
      "all_candidates_baseline_robust_mae": 0.8328134196658367,
      "all_candidates_improvement_pct": 14.99793079620966,
      "affected_candidates_model_robust_mae": 1.1049857505871823,
      "affected_candidates_baseline_robust_mae": 1.293837027683651,
      "affected_candidates_improvement_pct": 14.596218306919853,
      "unaffected_candidates_model_robust_mae": 0.5216082195760205,
      "unaffected_candidates_baseline_robust_mae": 0.6165106195898865,
      "unaffected_candidates_improvement_pct": 15.393473688579228,
      "horizon_01_all_candidates_model_robust_mae": 0.522946697009333,
      "horizon_01_all_candidates_baseline_robust_mae": 0.5912248439472282,
      "horizon_01_all_candidates_improvement_pct": 11.54859232268486,
      "horizon_01_affected_candidates_model_robust_mae": 0.7344382658949452,
      "horizon_01_affected_candidates_baseline_robust_mae": 0.8144241910254835,
      "horizon_01_affected_candidates_improvement_pct": 9.821162732141325,
      "horizon_02_all_candidates_model_robust_mae": 0.5841766147829176,
      "horizon_02_all_candidates_baseline_robust_mae": 0.6647113446148724,
      "horizon_02_all_candidates_improvement_pct": 12.115744749116,
      "horizon_02_affected_candidates_model_robust_mae": 0.8544564726174773,
      "horizon_02_affected_candidates_baseline_robust_mae": 0.9614806863858398,
      "horizon_02_affected_candidates_improvement_pct": 11.131187062182342,
      "horizon_03_all_candidates_model_robust_mae": 0.6302182454403178,
      "horizon_03_all_candidates_baseline_robust_mae": 0.7255605942083166,
      "horizon_03_all_candidates_improvement_pct": 13.14050811593897,
      "horizon_03_affected_candidates_model_robust_mae": 0.9461750306147789,
      "horizon_03_affected_candidates_baseline_robust_mae": 1.0792830623658292,