{
  "metrics": {
    "val": {
      "all_candidates_model_robust_mae": 0.6895174291486771,
      "all_candidates_baseline_robust_mae": 0.7995363859713458,
      "all_candidates_improvement_pct": 13.760343963459299,
      "affected_candidates_model_robust_mae": 1.0893815767284662,
      "affected_candidates_baseline_robust_mae": 1.2584114214889162,
      "affected_candidates_improvement_pct": 13.432001797985803,
      "unaffected_candidates_model_robust_mae": 0.5224166650043297,
      "unaffected_candidates_baseline_robust_mae": 0.6077753549443679,
      "unaffected_candidates_improvement_pct": 14.044447384322021,
      "horizon_01_all_candidates_model_robust_mae": 0.5262248869723531,
      "horizon_01_all_candidates_baseline_robust_mae": 0.5929446607233769,
      "horizon_01_all_candidates_improvement_pct": 11.252276674458525,
      "horizon_01_affected_candidates_model_robust_mae": 0.7432527759102557,
      "horizon_01_affected_candidates_baseline_robust_mae": 0.8216458869390394,
      "horizon_01_affected_candidates_improvement_pct": 9.540985024683742,
      "horizon_02_all_candidates_model_robust_mae": 0.5763832725675226,
      "horizon_02_all_candidates_baseline_robust_mae": 0.6517273449174645,
      "horizon_02_all_candidates_improvement_pct": 11.560673790583936,
      "horizon_02_affected_candidates_model_robust_mae": 0.8414509632717441,
      "horizon_02_affected_candidates_baseline_robust_mae": 0.9391720167093849,
      "horizon_02_affected_candidates_improvement_pct": 10.405021838281558,
      "horizon_03_all_candidates_model_robust_mae": 0.6199809580366334,
      "horizon_03_all_candidates_baseline_robust_mae": 0.7087809848382115,
      "horizon_03_all_candidates_improvement_pct": 12.52855659239332,
      "horizon_03_affected_candidates_model_robust_mae": 0.9415881222037435,
      "horizon_03_affected_candidates_baseline_robust_mae": 1.066772891892558,
      "horizon_03_affected_candidates_improvement_pct": 11.734903524472267,
      "horizon_04_all_candidates_model_robust_mae": 0.6506096163294398,
      "horizon_04_all_candidates_baseline_robust_mae": 0.7451416339992527,
      "horizon_04_all_candidates_improvement_pct": 12.68644957636439,
      "horizon_04_affected_candidates_model_robust_mae": 0.9879719012666698,
      "horizon_04_affected_candidates_baseline_robust_mae": 1.1291521056624483,
      "horizon_04_affected_candidates_improvement_pct": 12.503205164989815,
      "horizon_05_all_candidates_model_robust_mae": 0.672116103055125,
      "horizon_05_all_candidates_baseline_robust_mae": 0.7775164482787248,
      "horizon_05_all_candidates_improvement_pct": 13.556027715804122,
      "horizon_05_affected_candidates_model_robust_mae": 1.0525587591261218,
      "horizon_05_affected_candidates_baseline_robust_mae": 1.2136341483430413,
      "horizon_05_affected_candidates_improvement_pct": 13.272153674716021,
      "horizon_06_all_candidates_model_robust_mae": 0.692196758642697,
      "horizon_06_all_candidates_baseline_robust_mae": 0.8022793232510516,
      "horizon_06_all_candidates_improvement_pct": 13.721226687267768,
      "horizon_06_affected_candidates_model_robust_mae": 1.0992641891677777,
      "horizon_06_affected_candidates_baseline_robust_mae": 1.2700762706095545,
      "horizon_06_affected_candidates_improvement_pct": 13.448962506779067,
      "horizon_07_all_candidates_model_robust_mae": 0.7132832857665259,
      "horizon_07_all_candidates_baseline_robust_mae": 0.8332710728971775,
      "horizon_07_all_candidates_improvement_pct": 14.399610286898517,
      "horizon_07_affected_candidates_model_robust_mae": 1.1450152397155762,
      "horizon_07_affected_candidates_baseline_robust_mae": 1.3287969552553618,
      "horizon_07_affected_candidates_improvement_pct": 13.830684576220099,
      "horizon_08_all_candidates_model_robust_mae": 0.7372262679808076,
      "horizon_08_all_candidates_baseline_robust_mae": 0.8590011855154337,
      "horizon_08_all_candidates_improvement_pct": 14.176338704533508,
      "horizon_08_affected_candidates_model_robust_mae": 1.2004534097818227,
      "horizon_08_affected_candidates_baseline_robust_mae": 1.3952351074952345,
      "horizon_08_affected_candidates_improvement_pct": 13.960492870845933,
      "horizon_09_all_candidates_model_robust_mae": 0.7552585519445875,
      "horizon_09_all_candidates_baseline_robust_mae": 0.8850243246432051,
      "horizon_09_all_candidates_improvement_pct": 14.66239617209757,
      "horizon_09_affected_candidates_model_robust_mae": 1.2396180974269886,
      "horizon_09_affected_candidates_baseline_robust_mae": 1.4476606862518318,
      "horizon_09_affected_candidates_improvement_pct": 14.370949684590146,
      "horizon_10_all_candidates_model_robust_mae": 0.7647368782645071,
      "horizon_10_all_candidates_baseline_robust_mae": 0.8987710923573512,
      "horizon_10_all_candidates_improvement_pct": 14.913053527488414,
      "horizon_10_affected_candidates_model_robust_mae": 1.2488207789485797,
      "horizon_10_affected_candidates_baseline_robust_mae": 1.465643201842193,
      "horizon_10_affected_candidates_improvement_pct": 14.793670288995667,
      "horizon_11_all_candidates_model_robust_mae": 0.7756363278914709,
      "horizon_11_all_candidates_baseline_robust_mae": 0.9127843606076878,
      "horizon_11_all_candidates_improvement_pct": 15.02523910739557,
      "horizon_11_affected_candidates_model_robust_mae": 1.2705010252108535,
      "horizon_11_affected_candidates_baseline_robust_mae": 1.4943399511726088,
      "horizon_11_affected_candidates_improvement_pct": 14.979116752256326,
      "horizon_12_all_candidates_model_robust_mae": 0.7906511440226417,
      "horizon_12_all_candidates_baseline_robust_mae": 0.927315600304819,
      "horizon_12_all_candidates_improvement_pct": 14.737642312633815,
      "horizon_12_affected_candidates_model_robust_mae": 1.302494527521934,
      "horizon_12_affected_candidates_baseline_robust_mae": 1.5293312568690351,
      "horizon_12_affected_candidates_improvement_pct": 14.832413077824542,
      "affected_node_rate": 0.23494838741541957
    },
    "test": {
      "all_candidates_model_robust_mae": 0.7042887249281528,
      "all_candidates_baseline_robust_mae": 0.8234128243864272,
      "all_candidates_improvement_pct": 14.467117335346423,
      "affected_candidates_model_robust_mae": 1.0969226649230173,
      "affected_candidates_baseline_robust_mae": 1.272880286139895,
      "affected_candidates_improvement_pct": 13.823579729597537,
      "unaffected_candidates_model_robust_mae": 0.520999393245851,
      "unaffected_candidates_baseline_robust_mae": 0.6135924538478237,
      "unaffected_candidates_improvement_pct": 15.090319318844914,
      "horizon_01_all_candidates_model_robust_mae": 0.5211323387372848,
      "horizon_01_all_candidates_baseline_robust_mae": 0.5863519605043456,
      "horizon_01_all_candidates_improvement_pct": 11.122947676505193,
      "horizon_01_affected_candidates_model_robust_mae": 0.7311943443881253,
      "horizon_01_affected_candidates_baseline_robust_mae": 0.8031333235223636,
      "horizon_01_affected_candidates_improvement_pct": 8.957289783311442,
      "horizon_02_all_candidates_model_robust_mae": 0.582986274052304,
      "horizon_02_all_candidates_baseline_robust_mae": 0.6569048889229767,
      "horizon_02_all_candidates_improvement_pct": 11.25255971102079,
      "horizon_02_affected_candidates_model_robust_mae": 0.8592072532053961,
      "horizon_02_affected_candidates_baseline_robust_mae": 0.9531313926453509,
      "horizon_02_affected_candidates_improvement_pct": 9.854269848281325,
      "horizon_03_all_candidates_model_robust_mae": 0.6255026797350434,
      "horizon_03_all_candidates_baseline_robust_mae": 0.7140641069932852,
      "horizon_03_all_candidates_improvement_pct": 12.402447678143075,
      "horizon_03_affected_candidates_model_robust_mae": 0.9293112138812052,
      "horizon_03_affected_candidates_baseline_robust_mae": 1.0451551416441651,