{
  "metrics": {
    "val": {
      "all_candidates_model_robust_mae": 0.7062978585909703,
      "all_candidates_baseline_robust_mae": 0.8218168869426726,
      "all_candidates_improvement_pct": 14.056541084408332,
      "affected_candidates_model_robust_mae": 1.1443637096396242,
      "affected_candidates_baseline_robust_mae": 1.321900093170066,
      "affected_candidates_improvement_pct": 13.430393450135059,
      "unaffected_candidates_model_robust_mae": 0.5276235824973791,
      "unaffected_candidates_baseline_robust_mae": 0.6178475281539271,
      "unaffected_candidates_improvement_pct": 14.602946770075954,
      "horizon_01_all_candidates_model_robust_mae": 0.5276064716197899,
      "horizon_01_all_candidates_baseline_robust_mae": 0.5962882424202636,
      "horizon_01_all_candidates_improvement_pct": 11.51821651248773,
      "horizon_01_affected_candidates_model_robust_mae": 0.7543464079567053,
      "horizon_01_affected_candidates_baseline_robust_mae": 0.8344840254504524,
      "horizon_01_affected_candidates_improvement_pct": 9.603253633344158,
      "horizon_02_all_candidates_model_robust_mae": 0.5869301408877277,
      "horizon_02_all_candidates_baseline_robust_mae": 0.6658843623079687,
      "horizon_02_all_candidates_improvement_pct": 11.857046942292513,
      "horizon_02_affected_candidates_model_robust_mae": 0.8717046506995638,
      "horizon_02_affected_candidates_baseline_robust_mae": 0.9774392338256852,
      "horizon_02_affected_candidates_improvement_pct": 10.817509617685134,
      "horizon_03_all_candidates_model_robust_mae": 0.6275601735862563,
      "horizon_03_all_candidates_baseline_robust_mae": 0.7185090804896771,
      "horizon_03_all_candidates_improvement_pct": 12.658003826679197,
      "horizon_03_affected_candidates_model_robust_mae": 0.958277837784102,
      "horizon_03_affected_candidates_baseline_robust_mae": 1.0872711996786735,
      "horizon_03_affected_candidates_improvement_pct": 11.863954635485008,
      "horizon_04_all_candidates_model_robust_mae": 0.6662468186343317,
      "horizon_04_all_candidates_baseline_robust_mae": 0.7657993273023962,
      "horizon_04_all_candidates_improvement_pct": 12.999816677659942,
      "horizon_04_affected_candidates_model_robust_mae": 1.0421071079209612,
      "horizon_04_affected_candidates_baseline_robust_mae": 1.187129695928143,
      "horizon_04_affected_candidates_improvement_pct": 12.216237914408977,
      "horizon_05_all_candidates_model_robust_mae": 0.6897688372440269,
      "horizon_05_all_candidates_baseline_robust_mae": 0.7988252447729507,
      "horizon_05_all_candidates_improvement_pct": 13.652098283388723,
      "horizon_05_affected_candidates_model_robust_mae": 1.1128031124466993,
      "horizon_05_affected_candidates_baseline_robust_mae": 1.2785870019025969,
      "horizon_05_affected_candidates_improvement_pct": 12.96617979137935,
      "horizon_06_all_candidates_model_robust_mae": 0.71167992748756,
      "horizon_06_all_candidates_baseline_robust_mae": 0.8271635636319291,
      "horizon_06_all_candidates_improvement_pct": 13.961402704599417,
      "horizon_06_affected_candidates_model_robust_mae": 1.1564137993849781,
      "horizon_06_affected_candidates_baseline_robust_mae": 1.3361698379661417,
      "horizon_06_affected_candidates_improvement_pct": 13.45308309419559,
      "horizon_07_all_candidates_model_robust_mae": 0.7335244522691936,
      "horizon_07_all_candidates_baseline_robust_mae": 0.8581669754201103,
      "horizon_07_all_candidates_improvement_pct": 14.524274030691844,
      "horizon_07_affected_candidates_model_robust_mae": 1.2055215805812365,
      "horizon_07_affected_candidates_baseline_robust_mae": 1.396760433062908,
      "horizon_07_affected_candidates_improvement_pct": 13.69160007362969,
      "horizon_08_all_candidates_model_robust_mae": 0.7538070794244249,
      "horizon_08_all_candidates_baseline_robust_mae": 0.8832959456348695,
      "horizon_08_all_candidates_improvement_pct": 14.659737413078958,
      "horizon_08_affected_candidates_model_robust_mae": 1.2553436472928274,
      "horizon_08_affected_candidates_baseline_robust_mae": 1.4631506402253955,
      "horizon_08_affected_candidates_improvement_pct": 14.20270662633588,
      "horizon_09_all_candidates_model_robust_mae": 0.775401285319192,
      "horizon_09_all_candidates_baseline_robust_mae": 0.9114611392936798,
      "horizon_09_all_candidates_improvement_pct": 14.927663737800708,
      "horizon_09_affected_candidates_model_robust_mae": 1.303768694439545,
      "horizon_09_affected_candidates_baseline_robust_mae": 1.5233428762195156,
      "horizon_09_affected_candidates_improvement_pct": 14.413969777105496,
      "horizon_10_all_candidates_model_robust_mae": 0.7831642823135828,
      "horizon_10_all_candidates_baseline_robust_mae": 0.9254125011244565,
      "horizon_10_all_candidates_improvement_pct": 15.371331015955562,
      "horizon_10_affected_candidates_model_robust_mae": 1.3159746737415408,
      "horizon_10_affected_candidates_baseline_robust_mae": 1.546078384663797,
      "horizon_10_affected_candidates_improvement_pct": 14.883055943654085,
      "horizon_11_all_candidates_model_robust_mae": 0.8036675365619466,
      "horizon_11_all_candidates_baseline_robust_mae": 0.9489043907745328,
      "horizon_11_all_candidates_improvement_pct": 15.305741613655961,
      "horizon_11_affected_candidates_model_robust_mae": 1.362005932126925,
      "horizon_11_affected_candidates_baseline_robust_mae": 1.6002097212676636,
      "horizon_11_affected_candidates_improvement_pct": 14.885785655147565,
      "horizon_12_all_candidates_model_robust_mae": 0.816301664164581,
      "horizon_12_all_candidates_baseline_robust_mae": 0.9622013237750741,
      "horizon_12_all_candidates_improvement_pct": 15.163111503325968,
      "horizon_12_affected_candidates_model_robust_mae": 1.394375886629325,
      "horizon_12_affected_candidates_baseline_robust_mae": 1.6325334546965442,
      "horizon_12_affected_candidates_improvement_pct": 14.588219762484929,
      "affected_node_rate": 0.23040841625624014
    },
    "test": {
      "all_candidates_model_robust_mae": 0.7066140726711256,
      "all_candidates_baseline_robust_mae": 0.8305550675168533,
      "all_candidates_improvement_pct": 14.922670355414173,
      "affected_candidates_model_robust_mae": 1.1013690326083865,
      "affected_candidates_baseline_robust_mae": 1.288427198736098,
      "affected_candidates_improvement_pct": 14.518334160533792,
      "unaffected_candidates_model_robust_mae": 0.5216840904553789,
      "unaffected_candidates_baseline_robust_mae": 0.6160567199198358,
      "unaffected_candidates_improvement_pct": 15.31882153265646,
      "horizon_01_all_candidates_model_robust_mae": 0.5231745513452347,
      "horizon_01_all_candidates_baseline_robust_mae": 0.5892743176977213,
      "horizon_01_all_candidates_improvement_pct": 11.217146983553702,
      "horizon_01_affected_candidates_model_robust_mae": 0.7306634322607582,
      "horizon_01_affected_candidates_baseline_robust_mae": 0.8069023430602876,
      "horizon_01_affected_candidates_improvement_pct": 9.448344208591942,
      "horizon_02_all_candidates_model_robust_mae": 0.5839604003973343,
      "horizon_02_all_candidates_baseline_robust_mae": 0.6626268678422095,
      "horizon_02_all_candidates_improvement_pct": 11.871910310707158,
      "horizon_02_affected_candidates_model_robust_mae": 0.8557358495137276,
      "horizon_02_affected_candidates_baseline_robust_mae": 0.9595131967832721,
      "horizon_02_affected_candidates_improvement_pct": 10.815624799893707,
      "horizon_03_all_candidates_model_robust_mae": 0.6251456593640008,
      "horizon_03_all_candidates_baseline_robust_mae": 0.7171255289241326,
      "horizon_03_all_candidates_improvement_pct": 12.82618814283806,
      "horizon_03_affected_candidates_model_robust_mae": 0.9303676039387289,
      "horizon_03_affected_candidates_baseline_robust_mae": 1.055717821613149,