{
  "metrics": {
    "val": {
      "all_candidates_model_robust_mae": 0.7145041940961553,
      "all_candidates_baseline_robust_mae": 0.8272501102632047,
      "all_candidates_improvement_pct": 13.628999835512534,
      "affected_candidates_model_robust_mae": 1.1578111175418342,
      "affected_candidates_baseline_robust_mae": 1.3240686546633906,
      "affected_candidates_improvement_pct": 12.556564686883476,
      "unaffected_candidates_model_robust_mae": 0.5297598532070084,
      "unaffected_candidates_baseline_robust_mae": 0.6202052552880885,
      "unaffected_candidates_improvement_pct": 14.583140228160072,
      "horizon_01_all_candidates_model_robust_mae": 0.5326269055494491,
      "horizon_01_all_candidates_baseline_robust_mae": 0.6003526860005128,
      "horizon_01_all_candidates_improvement_pct": 11.280998991150652,
      "horizon_01_affected_candidates_model_robust_mae": 0.7665963676644407,
      "horizon_01_affected_candidates_baseline_robust_mae": 0.8427632402965712,
      "horizon_01_affected_candidates_improvement_pct": 9.037754495002313,
      "horizon_02_all_candidates_model_robust_mae": 0.5963712976402492,
      "horizon_02_all_candidates_baseline_robust_mae": 0.6733494887504019,
      "horizon_02_all_candidates_improvement_pct": 11.432130327002753,
      "horizon_02_affected_candidates_model_robust_mae": 0.8988126917423869,
      "horizon_02_affected_candidates_baseline_robust_mae": 0.9973475126132015,
      "horizon_02_affected_candidates_improvement_pct": 9.879687834447846,
      "horizon_03_all_candidates_model_robust_mae": 0.6430089122543987,
      "horizon_03_all_candidates_baseline_robust_mae": 0.7308534904495786,
      "horizon_03_all_candidates_improvement_pct": 12.01945114076735,
      "horizon_03_affected_candidates_model_robust_mae": 0.9974340746893073,
      "horizon_03_affected_candidates_baseline_robust_mae": 1.1166547427176545,
      "horizon_03_affected_candidates_improvement_pct": 10.676591740271869,
      "horizon_04_all_candidates_model_robust_mae": 0.6751441887936214,
      "horizon_04_all_candidates_baseline_robust_mae": 0.7732848661126429,
      "horizon_04_all_candidates_improvement_pct": 12.691400235514966,
      "horizon_04_affected_candidates_model_robust_mae": 1.0654746703870541,
      "horizon_04_affected_candidates_baseline_robust_mae": 1.2040969552088483,
      "horizon_04_affected_candidates_improvement_pct": 11.512551727842416,
      "horizon_05_all_candidates_model_robust_mae": 0.7005699657461346,
      "horizon_05_all_candidates_baseline_robust_mae": 0.80618805385504,
      "horizon_05_all_candidates_improvement_pct": 13.10092448081555,
      "horizon_05_affected_candidates_model_robust_mae": 1.1257273656709719,
      "horizon_05_affected_candidates_baseline_robust_mae": 1.2793815399100616,
      "horizon_05_affected_candidates_improvement_pct": 12.010035274535179,
      "horizon_06_all_candidates_model_robust_mae": 0.7230571899652154,
      "horizon_06_all_candidates_baseline_robust_mae": 0.8377409271994909,
      "horizon_06_all_candidates_improvement_pct": 13.68964240742722,
      "horizon_06_affected_candidates_model_robust_mae": 1.1769452019649942,
      "horizon_06_affected_candidates_baseline_robust_mae": 1.346644237542608,
      "horizon_06_affected_candidates_improvement_pct": 12.601623416685394,
      "horizon_07_all_candidates_model_robust_mae": 0.7426505821295976,
      "horizon_07_all_candidates_baseline_robust_mae": 0.8643465388721971,
      "horizon_07_all_candidates_improvement_pct": 14.079533065683234,
      "horizon_07_affected_candidates_model_robust_mae": 1.2181890926660084,
      "horizon_07_affected_candidates_baseline_robust_mae": 1.4017586805897237,
      "horizon_07_affected_candidates_improvement_pct": 13.09566264619008,
      "horizon_08_all_candidates_model_robust_mae": 0.763341973650145,
      "horizon_08_all_candidates_baseline_robust_mae": 0.8908410368372225,
      "horizon_08_all_candidates_improvement_pct": 14.312212607508624,
      "horizon_08_affected_candidates_model_robust_mae": 1.264635915803129,
      "horizon_08_affected_candidates_baseline_robust_mae": 1.4593189470573813,
      "horizon_08_affected_candidates_improvement_pct": 13.340677282839197,
      "horizon_09_all_candidates_model_robust_mae": 0.7799319031923019,
      "horizon_09_all_candidates_baseline_robust_mae": 0.9119756261656342,
      "horizon_09_all_candidates_improvement_pct": 14.478865353946464,
      "horizon_09_affected_candidates_model_robust_mae": 1.3013995001276122,
      "horizon_09_affected_candidates_baseline_robust_mae": 1.5058868737007916,
      "horizon_09_affected_candidates_improvement_pct": 13.579198885680007,
      "horizon_10_all_candidates_model_robust_mae": 0.7918822622897671,
      "horizon_10_all_candidates_baseline_robust_mae": 0.9289248031395567,
      "horizon_10_all_candidates_improvement_pct": 14.752813186451334,
      "horizon_10_affected_candidates_model_robust_mae": 1.3282350703686003,
      "horizon_10_affected_candidates_baseline_robust_mae": 1.5406091605425325,
      "horizon_10_affected_candidates_improvement_pct": 13.785072529306762,
      "horizon_11_all_candidates_model_robust_mae": 0.8065293106583024,
      "horizon_11_all_candidates_baseline_robust_mae": 0.9471625751648224,
      "horizon_11_all_candidates_improvement_pct": 14.847848531393616,
      "horizon_11_affected_candidates_model_robust_mae": 1.359673229150213,
      "horizon_11_affected_candidates_baseline_robust_mae": 1.5798637806463696,
      "horizon_11_affected_candidates_improvement_pct": 13.937312456525213,
      "horizon_12_all_candidates_model_robust_mae": 0.8190245372076818,
      "horizon_12_all_candidates_baseline_robust_mae": 0.962095373567048,
      "horizon_12_all_candidates_improvement_pct": 14.870754011519598,
      "horizon_12_affected_candidates_model_robust_mae": 1.390796398844518,
      "horizon_12_affected_candidates_baseline_robust_mae": 1.6147309258643616,
      "horizon_12_affected_candidates_improvement_pct": 13.868225562099271,
      "affected_node_rate": 0.23427743925374256
    },
    "test": {
      "all_candidates_model_robust_mae": 0.707817919620664,
      "all_candidates_baseline_robust_mae": 0.8328134196658367,
      "all_candidates_improvement_pct": 15.00882395667047,
      "affected_candidates_model_robust_mae": 1.1053382889161758,
      "affected_candidates_baseline_robust_mae": 1.293837027683651,
      "affected_candidates_improvement_pct": 14.568970800359875,
      "unaffected_candidates_model_robust_mae": 0.5213095328052962,
      "unaffected_candidates_baseline_robust_mae": 0.6165106195898865,
      "unaffected_candidates_improvement_pct": 15.441921640850191,
      "horizon_01_all_candidates_model_robust_mae": 0.5231429108674929,
      "horizon_01_all_candidates_baseline_robust_mae": 0.5912248439472282,
      "horizon_01_all_candidates_improvement_pct": 11.51540463441895,
      "horizon_01_affected_candidates_model_robust_mae": 0.73418740229049,
      "horizon_01_affected_candidates_baseline_robust_mae": 0.8144241910254835,
      "horizon_01_affected_candidates_improvement_pct": 9.8519653049553,
      "horizon_02_all_candidates_model_robust_mae": 0.5844151106800105,
      "horizon_02_all_candidates_baseline_robust_mae": 0.6647113446148724,
      "horizon_02_all_candidates_improvement_pct": 12.079865130237058,
      "horizon_02_affected_candidates_model_robust_mae": 0.85414253511152,
      "horizon_02_affected_candidates_baseline_robust_mae": 0.9614806863858398,
      "horizon_02_affected_candidates_improvement_pct": 11.16383852470285,
      "horizon_03_all_candidates_model_robust_mae": 0.6304673492869232,
      "horizon_03_all_candidates_baseline_robust_mae": 0.7255605942083166,
      "horizon_03_all_candidates_improvement_pct": 13.10617551179897,
      "horizon_03_affected_candidates_model_robust_mae": 0.9459592967135972,
      "horizon_03_affected_candidates_baseline_robust_mae": 1.0792830623658292,