{
  "metrics": {
    "val": {
      "all_candidates_model_robust_mae": 0.7147389904569736,
      "all_candidates_baseline_robust_mae": 0.8272501102632047,
      "all_candidates_improvement_pct": 13.600617081868217,
      "affected_candidates_model_robust_mae": 1.1573725203406067,
      "affected_candidates_baseline_robust_mae": 1.3240686546633906,
      "affected_candidates_improvement_pct": 12.589689646052534,
      "unaffected_candidates_model_robust_mae": 0.5302752759731871,
      "unaffected_candidates_baseline_robust_mae": 0.6202052552880885,
      "unaffected_candidates_improvement_pct": 14.50003503648617,
      "horizon_01_all_candidates_model_robust_mae": 0.5326408944333413,
      "horizon_01_all_candidates_baseline_robust_mae": 0.6003526860005128,
      "horizon_01_all_candidates_improvement_pct": 11.278668880164501,
      "horizon_01_affected_candidates_model_robust_mae": 0.7670606074977425,
      "horizon_01_affected_candidates_baseline_robust_mae": 0.8427632402965712,
      "horizon_01_affected_candidates_improvement_pct": 8.982669055687419,
      "horizon_02_all_candidates_model_robust_mae": 0.5964313514446309,
      "horizon_02_all_candidates_baseline_robust_mae": 0.6733494887504019,
      "horizon_02_all_candidates_improvement_pct": 11.423211659151216,
      "horizon_02_affected_candidates_model_robust_mae": 0.899245349212988,
      "horizon_02_affected_candidates_baseline_robust_mae": 0.9973475126132015,
      "horizon_02_affected_candidates_improvement_pct": 9.836307020325439,
      "horizon_03_all_candidates_model_robust_mae": 0.643165087702563,
      "horizon_03_all_candidates_baseline_robust_mae": 0.7308534904495786,
      "horizon_03_all_candidates_improvement_pct": 11.998082227543964,
      "horizon_03_affected_candidates_model_robust_mae": 0.9977323409504765,
      "horizon_03_affected_candidates_baseline_robust_mae": 1.1166547427176545,
      "horizon_03_affected_candidates_improvement_pct": 10.649881043602706,
      "horizon_04_all_candidates_model_robust_mae": 0.6752733632228931,
      "horizon_04_all_candidates_baseline_robust_mae": 0.7732848661126429,
      "horizon_04_all_candidates_improvement_pct": 12.674695598591045,
      "horizon_04_affected_candidates_model_robust_mae": 1.0654613250159248,
      "horizon_04_affected_candidates_baseline_robust_mae": 1.2040969552088483,
      "horizon_04_affected_candidates_improvement_pct": 11.513660058120267,
      "horizon_05_all_candidates_model_robust_mae": 0.7007180005679032,
      "horizon_05_all_candidates_baseline_robust_mae": 0.80618805385504,
      "horizon_05_all_candidates_improvement_pct": 13.082562161867664,
      "horizon_05_affected_candidates_model_robust_mae": 1.1254539711006302,
      "horizon_05_affected_candidates_baseline_robust_mae": 1.2793815399100616,
      "horizon_05_affected_candidates_improvement_pct": 12.031404550377703,
      "horizon_06_all_candidates_model_robust_mae": 0.7231656150254396,
      "horizon_06_all_candidates_baseline_robust_mae": 0.8377409271994909,
      "horizon_06_all_candidates_improvement_pct": 13.676699854818898,
      "horizon_06_affected_candidates_model_robust_mae": 1.1764618095978698,
      "horizon_06_affected_candidates_baseline_robust_mae": 1.346644237542608,
      "horizon_06_affected_candidates_improvement_pct": 12.637519487351131,
      "horizon_07_all_candidates_model_robust_mae": 0.7428370330299258,
      "horizon_07_all_candidates_baseline_robust_mae": 0.8643465388721971,
      "horizon_07_all_candidates_improvement_pct": 14.057961752333442,
      "horizon_07_affected_candidates_model_robust_mae": 1.2175167440896637,
      "horizon_07_affected_candidates_baseline_robust_mae": 1.4017586805897237,
      "horizon_07_affected_candidates_improvement_pct": 13.143627291293031,
      "horizon_08_all_candidates_model_robust_mae": 0.7636552840871789,
      "horizon_08_all_candidates_baseline_robust_mae": 0.8908410368372225,
      "horizon_08_all_candidates_improvement_pct": 14.277042422921458,
      "horizon_08_affected_candidates_model_robust_mae": 1.2639352617480186,
      "horizon_08_affected_candidates_baseline_robust_mae": 1.4593189470573813,
      "horizon_08_affected_candidates_improvement_pct": 13.388689683180004,
      "horizon_09_all_candidates_model_robust_mae": 0.7803830751209233,
      "horizon_09_all_candidates_baseline_robust_mae": 0.9119756261656342,
      "horizon_09_all_candidates_improvement_pct": 14.429393425566275,
      "horizon_09_affected_candidates_model_robust_mae": 1.3005567231743629,
      "horizon_09_affected_candidates_baseline_robust_mae": 1.5058868737007916,
      "horizon_09_affected_candidates_improvement_pct": 13.635164374719574,
      "horizon_10_all_candidates_model_robust_mae": 0.7922318401017976,
      "horizon_10_all_candidates_baseline_robust_mae": 0.9289248031395567,
      "horizon_10_all_candidates_improvement_pct": 14.715180666483194,
      "horizon_10_affected_candidates_model_robust_mae": 1.327124860758137,
      "horizon_10_affected_candidates_baseline_robust_mae": 1.5406091605425325,
      "horizon_10_affected_candidates_improvement_pct": 13.857135557289306,
      "horizon_11_all_candidates_model_robust_mae": 0.8070000941435254,
      "horizon_11_all_candidates_baseline_robust_mae": 0.9471625751648224,
      "horizon_11_all_candidates_improvement_pct": 14.798143919158374,
      "horizon_11_affected_candidates_model_robust_mae": 1.358590289121904,
      "horizon_11_affected_candidates_baseline_robust_mae": 1.5798637806463696,
      "horizon_11_affected_candidates_improvement_pct": 14.005858874360422,
      "horizon_12_all_candidates_model_robust_mae": 0.8194551118713576,
      "horizon_12_all_candidates_baseline_robust_mae": 0.962095373567048,
      "horizon_12_all_candidates_improvement_pct": 14.826000167409589,
      "horizon_12_affected_candidates_model_robust_mae": 1.3895167002735802,
      "horizon_12_affected_candidates_baseline_robust_mae": 1.6147309258643616,
      "horizon_12_affected_candidates_improvement_pct": 13.947477067748904,
      "affected_node_rate": 0.23427743925374256
    },
    "test": {
      "all_candidates_model_robust_mae": 0.7081542870778818,
      "all_candidates_baseline_robust_mae": 0.8328134196658367,
      "all_candidates_improvement_pct": 14.968434663069424,
      "affected_candidates_model_robust_mae": 1.1051611946092796,
      "affected_candidates_baseline_robust_mae": 1.293837027683651,
      "affected_candidates_improvement_pct": 14.582658328472533,
      "unaffected_candidates_model_robust_mae": 0.521886801432768,
      "unaffected_candidates_baseline_robust_mae": 0.6165106195898865,
      "unaffected_candidates_improvement_pct": 15.348286817843285,
      "horizon_01_all_candidates_model_robust_mae": 0.5230304536591885,
      "horizon_01_all_candidates_baseline_robust_mae": 0.5912248439472282,
      "horizon_01_all_candidates_improvement_pct": 11.534425690359956,
      "horizon_01_affected_candidates_model_robust_mae": 0.7343163771652061,
      "horizon_01_affected_candidates_baseline_robust_mae": 0.8144241910254835,
      "horizon_01_affected_candidates_improvement_pct": 9.836128978365617,
      "horizon_02_all_candidates_model_robust_mae": 0.5844130981872806,
      "horizon_02_all_candidates_baseline_robust_mae": 0.6647113446148724,
      "horizon_02_all_candidates_improvement_pct": 12.080167892142088,
      "horizon_02_affected_candidates_model_robust_mae": 0.8543618360197911,
      "horizon_02_affected_candidates_baseline_robust_mae": 0.9614806863858398,
      "horizon_02_affected_candidates_improvement_pct": 11.141029859757598,
      "horizon_03_all_candidates_model_robust_mae": 0.6305677761620141,
      "horizon_03_all_candidates_baseline_robust_mae": 0.7255605942083166,
      "horizon_03_all_candidates_improvement_pct": 13.092334231567852,
      "horizon_03_affected_candidates_model_robust_mae": 0.9461644830483773,
      "horizon_03_affected_candidates_baseline_robust_mae": 1.0792830623658292,