{
  "metrics": {
    "val": {
      "all_candidates_model_robust_mae": 0.7107735441508211,
      "all_candidates_baseline_robust_mae": 0.8251209175914559,
      "all_candidates_improvement_pct": 13.858256529772273,
      "affected_candidates_model_robust_mae": 1.1522800506695667,
      "affected_candidates_baseline_robust_mae": 1.3266944118026271,
      "affected_candidates_improvement_pct": 13.146536201662096,
      "unaffected_candidates_model_robust_mae": 0.5284629559952685,
      "unaffected_candidates_baseline_robust_mae": 0.6180069509582966,
      "unaffected_candidates_improvement_pct": 14.489156606439302,
      "horizon_01_all_candidates_model_robust_mae": 0.5314989456196679,
      "horizon_01_all_candidates_baseline_robust_mae": 0.5998224242136384,
      "horizon_01_all_candidates_improvement_pct": 11.390617595456176,
      "horizon_01_affected_candidates_model_robust_mae": 0.7642471705812406,
      "horizon_01_affected_candidates_baseline_robust_mae": 0.8432460464706908,
      "horizon_01_affected_candidates_improvement_pct": 9.368425291774672,
      "horizon_02_all_candidates_model_robust_mae": 0.5921550687056572,
      "horizon_02_all_candidates_baseline_robust_mae": 0.6695346937686188,
      "horizon_02_all_candidates_improvement_pct": 11.557224111481657,
      "horizon_02_affected_candidates_model_robust_mae": 0.8843655595364235,
      "horizon_02_affected_candidates_baseline_robust_mae": 0.9876437123221473,
      "horizon_02_affected_candidates_improvement_pct": 10.457025291326596,
      "horizon_03_all_candidates_model_robust_mae": 0.6355853250939215,
      "horizon_03_all_candidates_baseline_robust_mae": 0.7246314043581412,
      "horizon_03_all_candidates_improvement_pct": 12.288465380974525,
      "horizon_03_affected_candidates_model_robust_mae": 0.9773482910940008,
      "horizon_03_affected_candidates_baseline_robust_mae": 1.1024392023224319,
      "horizon_03_affected_candidates_improvement_pct": 11.34674011636295,
      "horizon_04_all_candidates_model_robust_mae": 0.6691755057656048,
      "horizon_04_all_candidates_baseline_robust_mae": 0.7688836821190034,
      "horizon_04_all_candidates_improvement_pct": 12.967914220602008,
      "horizon_04_affected_candidates_model_robust_mae": 1.0521495309009141,
      "horizon_04_affected_candidates_baseline_robust_mae": 1.1967916005944892,
      "horizon_04_affected_candidates_improvement_pct": 12.085819253888996,
      "horizon_05_all_candidates_model_robust_mae": 0.6942818383339274,
      "horizon_05_all_candidates_baseline_robust_mae": 0.8020017680797625,
      "horizon_05_all_candidates_improvement_pct": 13.43138307584403,
      "horizon_05_affected_candidates_model_robust_mae": 1.1165476573055941,
      "horizon_05_affected_candidates_baseline_robust_mae": 1.278794956902673,
      "horizon_05_affected_candidates_improvement_pct": 12.68751481395053,
      "horizon_06_all_candidates_model_robust_mae": 0.7157602889280923,
      "horizon_06_all_candidates_baseline_robust_mae": 0.8309331462252701,
      "horizon_06_all_candidates_improvement_pct": 13.860664702134041,
      "horizon_06_affected_candidates_model_robust_mae": 1.1624206848575516,
      "horizon_06_affected_candidates_baseline_robust_mae": 1.338801370773286,
      "horizon_06_affected_candidates_improvement_pct": 13.174522357551643,
      "horizon_07_all_candidates_model_robust_mae": 0.7371474455656319,
      "horizon_07_all_candidates_baseline_robust_mae": 0.8603359643595453,
      "horizon_07_all_candidates_improvement_pct": 14.318652700473569,
      "horizon_07_affected_candidates_model_robust_mae": 1.2097990892136967,
      "horizon_07_affected_candidates_baseline_robust_mae": 1.3996848053600315,
      "horizon_07_affected_candidates_improvement_pct": 13.56631974707275,
      "horizon_08_all_candidates_model_robust_mae": 0.7583776701427128,
      "horizon_08_all_candidates_baseline_robust_mae": 0.8861502709168423,
      "horizon_08_all_candidates_improvement_pct": 14.41884124708684,
      "horizon_08_affected_candidates_model_robust_mae": 1.257242694367217,
      "horizon_08_affected_candidates_baseline_robust_mae": 1.4596601159438387,
      "horizon_08_affected_candidates_improvement_pct": 13.867435258771556,
      "horizon_09_all_candidates_model_robust_mae": 0.7781838273486346,
      "horizon_09_all_candidates_baseline_robust_mae": 0.9125706141112399,
      "horizon_09_all_candidates_improvement_pct": 14.726179507049514,
      "horizon_09_affected_candidates_model_robust_mae": 1.3021364235792883,
      "horizon_09_affected_candidates_baseline_robust_mae": 1.516497419177973,
      "horizon_09_affected_candidates_improvement_pct": 14.135269396955547,
      "horizon_10_all_candidates_model_robust_mae": 0.7893833302733216,
      "horizon_10_all_candidates_baseline_robust_mae": 0.9300649010291959,
      "horizon_10_all_candidates_improvement_pct": 15.125995035421525,
      "horizon_10_affected_candidates_model_robust_mae": 1.3276069548713565,
      "horizon_10_affected_candidates_baseline_robust_mae": 1.5541937378693185,
      "horizon_10_affected_candidates_improvement_pct": 14.579056489353459,
      "horizon_11_all_candidates_model_robust_mae": 0.8073892813204241,
      "horizon_11_all_candidates_baseline_robust_mae": 0.9512812676206814,
      "horizon_11_all_candidates_improvement_pct": 15.126124228237568,
      "horizon_11_affected_candidates_model_robust_mae": 1.369103507310788,
      "horizon_11_affected_candidates_baseline_robust_mae": 1.6033171811897264,
      "horizon_11_affected_candidates_improvement_pct": 14.608068610924658,
      "horizon_12_all_candidates_model_robust_mae": 0.8204337200505489,
      "horizon_12_all_candidates_baseline_robust_mae": 0.9653563223543601,
      "horizon_12_all_candidates_improvement_pct": 15.01234300204991,
      "horizon_12_affected_candidates_model_robust_mae": 1.4046198785371622,
      "horizon_12_affected_candidates_baseline_robust_mae": 1.639548358123804,
      "horizon_12_affected_candidates_improvement_pct": 14.328853334675602,
      "affected_node_rate": 0.2325104082364818
    },
    "test": {
      "all_candidates_model_robust_mae": 0.7049217575108591,
      "all_candidates_baseline_robust_mae": 0.8280836555638911,
      "all_candidates_improvement_pct": 14.873122688210023,
      "affected_candidates_model_robust_mae": 1.0968500916316708,
      "affected_candidates_baseline_robust_mae": 1.2841962408174767,
      "affected_candidates_improvement_pct": 14.588591932534204,
      "unaffected_candidates_model_robust_mae": 0.521672785821389,
      "unaffected_candidates_baseline_robust_mae": 0.6148248699120327,
      "unaffected_candidates_improvement_pct": 15.15099480344242,
      "horizon_01_all_candidates_model_robust_mae": 0.5204810048258729,
      "horizon_01_all_candidates_baseline_robust_mae": 0.5881255439329283,
      "horizon_01_all_candidates_improvement_pct": 11.501717584769583,
      "horizon_01_affected_candidates_model_robust_mae": 0.7264906343052945,
      "horizon_01_affected_candidates_baseline_robust_mae": 0.806992459315604,
      "horizon_01_affected_candidates_improvement_pct": 9.975536212393079,
      "horizon_02_all_candidates_model_robust_mae": 0.5815968619342687,
      "horizon_02_all_candidates_baseline_robust_mae": 0.6610505935363826,
      "horizon_02_all_candidates_improvement_pct": 12.019311740885827,
      "horizon_02_affected_candidates_model_robust_mae": 0.8462669627358547,
      "horizon_02_affected_candidates_baseline_robust_mae": 0.9526375373027857,
      "horizon_02_affected_candidates_improvement_pct": 11.165902077310465,
      "horizon_03_all_candidates_model_robust_mae": 0.6270957328068519,
      "horizon_03_all_candidates_baseline_robust_mae": 0.7207016778711037,
      "horizon_03_all_candidates_improvement_pct": 12.98816805044168,
      "horizon_03_affected_candidates_model_robust_mae": 0.9399016221978467,
      "horizon_03_affected_candidates_baseline_robust_mae": 1.0694187462035791,