{
  "metrics": {
    "val": {
      "all_candidates_model_robust_mae": 0.7151513130269997,
      "all_candidates_baseline_robust_mae": 0.827250102514385,
      "all_candidates_improvement_pct": 13.550773719660675,
      "affected_candidates_model_robust_mae": 1.1568721615154374,
      "affected_candidates_baseline_robust_mae": 1.3240686608241723,
      "affected_candidates_improvement_pct": 12.627479545106276,
      "unaffected_candidates_model_robust_mae": 0.5310679548117421,
      "unaffected_candidates_baseline_robust_mae": 0.6202052519238401,
      "unaffected_candidates_improvement_pct": 14.372225458523516,
      "horizon_01_all_candidates_model_robust_mae": 0.5330505111257616,
      "horizon_01_all_candidates_baseline_robust_mae": 0.6003526910613428,
      "horizon_01_all_candidates_improvement_pct": 11.210440285792671,
      "horizon_01_affected_candidates_model_robust_mae": 0.7671301143385864,
      "horizon_01_affected_candidates_baseline_robust_mae": 0.8427632361549119,
      "horizon_01_affected_candidates_improvement_pct": 8.974421115163961,
      "horizon_02_all_candidates_model_robust_mae": 0.5968697487529272,
      "horizon_02_all_candidates_baseline_robust_mae": 0.6733494887504019,
      "horizon_02_all_candidates_improvement_pct": 11.358104710141738,
      "horizon_02_affected_candidates_model_robust_mae": 0.8993818434114007,
      "horizon_02_affected_candidates_baseline_robust_mae": 0.9973475087895826,
      "horizon_02_affected_candidates_improvement_pct": 9.822620953560767,
      "horizon_03_all_candidates_model_robust_mae": 0.6434333703636883,
      "horizon_03_all_candidates_baseline_robust_mae": 0.7308534943862844,
      "horizon_03_all_candidates_improvement_pct": 11.96137457015307,
      "horizon_03_affected_candidates_model_robust_mae": 0.9980295553923214,
      "horizon_03_affected_candidates_baseline_robust_mae": 1.116654747019574,
      "horizon_03_affected_candidates_improvement_pct": 10.623264885039099,
      "horizon_04_all_candidates_model_robust_mae": 0.6747448985904092,
      "horizon_04_all_candidates_baseline_robust_mae": 0.773284867237372,
      "horizon_04_all_candidates_improvement_pct": 12.743035952456367,
      "horizon_04_affected_candidates_model_robust_mae": 1.0646115828352696,
      "horizon_04_affected_candidates_baseline_robust_mae": 1.2040969431001207,
      "horizon_04_affected_candidates_improvement_pct": 11.584230079160074,
      "horizon_05_all_candidates_model_robust_mae": 0.70109175517956,
      "horizon_05_all_candidates_baseline_robust_mae": 0.8061880555422644,
      "horizon_05_all_candidates_improvement_pct": 13.036201620726526,
      "horizon_05_affected_candidates_model_robust_mae": 1.1249144028097515,
      "horizon_05_affected_candidates_baseline_robust_mae": 1.2793815410253246,
      "horizon_05_affected_candidates_improvement_pct": 12.073578777115992,
      "horizon_06_all_candidates_model_robust_mae": 0.7238058333989841,
      "horizon_06_all_candidates_baseline_robust_mae": 0.837740935448321,
      "horizon_06_all_candidates_improvement_pct": 13.600278705297356,
      "horizon_06_affected_candidates_model_robust_mae": 1.1762233167323486,
      "horizon_06_affected_candidates_baseline_robust_mae": 1.346644229576236,
      "horizon_06_affected_candidates_improvement_pct": 12.655229131863262,
      "horizon_07_all_candidates_model_robust_mae": 0.7434160902615087,
      "horizon_07_all_candidates_baseline_robust_mae": 0.8643465291235348,
      "horizon_07_all_candidates_improvement_pct": 13.990967139609168,
      "horizon_07_affected_candidates_model_robust_mae": 1.2159777151357767,
      "horizon_07_affected_candidates_baseline_robust_mae": 1.401758678996387,
      "horizon_07_affected_candidates_improvement_pct": 13.25341991059569,
      "horizon_08_all_candidates_model_robust_mae": 0.7643769526135874,
      "horizon_08_all_candidates_baseline_robust_mae": 0.8908410379620302,
      "horizon_08_all_candidates_improvement_pct": 14.196032733039965,
      "horizon_08_affected_candidates_model_robust_mae": 1.2635936283958942,
      "horizon_08_affected_candidates_baseline_robust_mae": 1.459318947694711,
      "horizon_08_affected_candidates_improvement_pct": 13.412100186049427,
      "horizon_09_all_candidates_model_robust_mae": 0.7808886063742592,
      "horizon_09_all_candidates_baseline_robust_mae": 0.911975627290561,
      "horizon_09_all_candidates_improvement_pct": 14.373960991233458,
      "horizon_09_affected_candidates_model_robust_mae": 1.299681321089524,
      "horizon_09_affected_candidates_baseline_robust_mae": 1.5058868829427,
      "horizon_09_affected_candidates_improvement_pct": 13.693296899580089,
      "horizon_10_all_candidates_model_robust_mae": 0.793087529339226,
      "horizon_10_all_candidates_baseline_robust_mae": 0.9289248027645703,
      "horizon_10_all_candidates_improvement_pct": 14.62306453881729,
      "horizon_10_affected_candidates_model_robust_mae": 1.32662719922878,
      "horizon_10_affected_candidates_baseline_robust_mae": 1.5406091656416363,
      "horizon_10_affected_candidates_improvement_pct": 13.88943874832373,
      "horizon_11_all_candidates_model_robust_mae": 0.8073734653221262,
      "horizon_11_all_candidates_baseline_robust_mae": 0.9471625830397096,
      "horizon_11_all_candidates_improvement_pct": 14.75872466044436,
      "horizon_11_affected_candidates_model_robust_mae": 1.3580141619435417,
      "horizon_11_affected_candidates_baseline_robust_mae": 1.579863786064337,
      "horizon_11_affected_candidates_improvement_pct": 14.042326058593561,
      "horizon_12_all_candidates_model_robust_mae": 0.8197660143827789,
      "horizon_12_all_candidates_baseline_robust_mae": 0.962095373567048,
      "horizon_12_all_candidates_improvement_pct": 14.793685022782231,
      "horizon_12_affected_candidates_model_robust_mae": 1.3884665516508636,
      "horizon_12_affected_candidates_baseline_robust_mae": 1.6147309201281246,
      "horizon_12_affected_candidates_improvement_pct": 14.012512280331356,
      "affected_node_rate": 0.23427743925374256
    },
    "test": {
      "all_candidates_model_robust_mae": 0.7085746759112214,
      "all_candidates_baseline_robust_mae": 0.8328134175155775,
      "all_candidates_improvement_pct": 14.917956290255406,
      "affected_candidates_model_robust_mae": 1.1052186919793279,
      "affected_candidates_baseline_robust_mae": 1.293837023264936,
      "affected_candidates_improvement_pct": 14.578214094510827,
      "unaffected_candidates_model_robust_mae": 0.5224774500048321,
      "unaffected_candidates_baseline_robust_mae": 0.6165106205771105,
      "unaffected_candidates_improvement_pct": 15.252481860613313,
      "horizon_01_all_candidates_model_robust_mae": 0.5236367747059795,
      "horizon_01_all_candidates_baseline_robust_mae": 0.591224841429918,
      "horizon_01_all_candidates_improvement_pct": 11.431871935636565,
      "horizon_01_affected_candidates_model_robust_mae": 0.7344463312616395,
      "horizon_01_affected_candidates_baseline_robust_mae": 0.8144241979669616,
      "horizon_01_affected_candidates_improvement_pct": 9.820173185542624,
      "horizon_02_all_candidates_model_robust_mae": 0.5849226300473125,
      "horizon_02_all_candidates_baseline_robust_mae": 0.6647113468303868,
      "horizon_02_all_candidates_improvement_pct": 12.003513579772523,
      "horizon_02_affected_candidates_model_robust_mae": 0.8548774219315436,
      "horizon_02_affected_candidates_baseline_robust_mae": 0.9614806884368053,
      "horizon_02_affected_candidates_improvement_pct": 11.087405892528064,
      "horizon_03_all_candidates_model_robust_mae": 0.631244544203126,
      "horizon_03_all_candidates_baseline_robust_mae": 0.7255605875606053,
      "horizon_03_all_candidates_improvement_pct": 12.999058241928159,
      "horizon_03_affected_candidates_model_robust_mae": 0.9475433379821909,
      "horizon_03_affected_candidates_baseline_robust_mae": 1.0792830611036868,