{
  "metrics": {
    "val": {
      "all_candidates_model_robust_mae": 0.7147418890154652,
      "all_candidates_baseline_robust_mae": 0.8272501102632047,
      "all_candidates_improvement_pct": 13.600266697086685,
      "affected_candidates_model_robust_mae": 1.1562100895002674,
      "affected_candidates_baseline_robust_mae": 1.3240686546633906,
      "affected_candidates_improvement_pct": 12.677481984935051,
      "unaffected_candidates_model_robust_mae": 0.5307638183508315,
      "unaffected_candidates_baseline_robust_mae": 0.6202052552880885,
      "unaffected_candidates_improvement_pct": 14.421263956512417,
      "horizon_01_all_candidates_model_robust_mae": 0.5325165537762687,
      "horizon_01_all_candidates_baseline_robust_mae": 0.6003526860005128,
      "horizon_01_all_candidates_improvement_pct": 11.299380148719143,
      "horizon_01_affected_candidates_model_robust_mae": 0.7665697241307725,
      "horizon_01_affected_candidates_baseline_robust_mae": 0.8427632402965712,
      "horizon_01_affected_candidates_improvement_pct": 9.04091594443369,
      "horizon_02_all_candidates_model_robust_mae": 0.5962150975958909,
      "horizon_02_all_candidates_baseline_robust_mae": 0.6733494887504019,
      "horizon_02_all_candidates_improvement_pct": 11.455327796811222,
      "horizon_02_affected_candidates_model_robust_mae": 0.8984364440040448,
      "horizon_02_affected_candidates_baseline_robust_mae": 0.9973475126132015,
      "horizon_02_affected_candidates_improvement_pct": 9.917412672940326,
      "horizon_03_all_candidates_model_robust_mae": 0.6428913626861881,
      "horizon_03_all_candidates_baseline_robust_mae": 0.7308534904495786,
      "horizon_03_all_candidates_improvement_pct": 12.035535016639427,
      "horizon_03_affected_candidates_model_robust_mae": 0.9965981351272539,
      "horizon_03_affected_candidates_baseline_robust_mae": 1.1166547427176545,
      "horizon_03_affected_candidates_improvement_pct": 10.751452798938843,
      "horizon_04_all_candidates_model_robust_mae": 0.6750741954516125,
      "horizon_04_all_candidates_baseline_robust_mae": 0.7732848661126429,
      "horizon_04_all_candidates_improvement_pct": 12.700451665987247,
      "horizon_04_affected_candidates_model_robust_mae": 1.0644795630522343,
      "horizon_04_affected_candidates_baseline_robust_mae": 1.2040969552088483,
      "horizon_04_affected_candidates_improvement_pct": 11.595195183630175,
      "horizon_05_all_candidates_model_robust_mae": 0.7006660879998041,
      "horizon_05_all_candidates_baseline_robust_mae": 0.80618805385504,
      "horizon_05_all_candidates_improvement_pct": 13.089001424748188,
      "horizon_05_affected_candidates_model_robust_mae": 1.1243785451581196,
      "horizon_05_affected_candidates_baseline_robust_mae": 1.2793815399100616,
      "horizon_05_affected_candidates_improvement_pct": 12.115462816732407,
      "horizon_06_all_candidates_model_robust_mae": 0.7234973634755475,
      "horizon_06_all_candidates_baseline_robust_mae": 0.8377409271994909,
      "horizon_06_all_candidates_improvement_pct": 13.637099491587644,
      "horizon_06_affected_candidates_model_robust_mae": 1.1757420959185867,
      "horizon_06_affected_candidates_baseline_robust_mae": 1.346644237542608,
      "horizon_06_affected_candidates_improvement_pct": 12.690964462587981,
      "horizon_07_all_candidates_model_robust_mae": 0.7430247394923458,
      "horizon_07_all_candidates_baseline_robust_mae": 0.8643465388721971,
      "horizon_07_all_candidates_improvement_pct": 14.036245177559511,
      "horizon_07_affected_candidates_model_robust_mae": 1.2164210596672511,
      "horizon_07_affected_candidates_baseline_robust_mae": 1.4017586805897237,
      "horizon_07_affected_candidates_improvement_pct": 13.221792273439005,
      "horizon_08_all_candidates_model_robust_mae": 0.7638033259270899,
      "horizon_08_all_candidates_baseline_robust_mae": 0.8908410368372225,
      "horizon_08_all_candidates_improvement_pct": 14.260424212287985,
      "horizon_08_affected_candidates_model_robust_mae": 1.2625492117496977,
      "horizon_08_affected_candidates_baseline_robust_mae": 1.4593189470573813,
      "horizon_08_affected_candidates_improvement_pct": 13.483668919975074,
      "horizon_09_all_candidates_model_robust_mae": 0.7803872983775603,
      "horizon_09_all_candidates_baseline_robust_mae": 0.9119756261656342,
      "horizon_09_all_candidates_improvement_pct": 14.428930336804275,
      "horizon_09_affected_candidates_model_robust_mae": 1.2990415915718059,
      "horizon_09_affected_candidates_baseline_robust_mae": 1.5058868737007916,
      "horizon_09_affected_candidates_improvement_pct": 13.735778280652195,
      "horizon_10_all_candidates_model_robust_mae": 0.7924135976355178,
      "horizon_10_all_candidates_baseline_robust_mae": 0.9289248031395567,
      "horizon_10_all_candidates_improvement_pct": 14.695614224387358,
      "horizon_10_affected_candidates_model_robust_mae": 1.3257790514019154,
      "horizon_10_affected_candidates_baseline_robust_mae": 1.5406091605425325,
      "horizon_10_affected_candidates_improvement_pct": 13.944491220924824,
      "horizon_11_all_candidates_model_robust_mae": 0.8070178728261501,
      "horizon_11_all_candidates_baseline_robust_mae": 0.9471625751648224,
      "horizon_11_all_candidates_improvement_pct": 14.79626687258887,
      "horizon_11_affected_candidates_model_robust_mae": 1.3568694658904452,
      "horizon_11_affected_candidates_baseline_robust_mae": 1.5798637806463696,
      "horizon_11_affected_candidates_improvement_pct": 14.114781127819178,
      "horizon_12_all_candidates_model_robust_mae": 0.8194841443093961,
      "horizon_12_all_candidates_baseline_robust_mae": 0.962095373567048,
      "horizon_12_all_candidates_improvement_pct": 14.822982541627761,
      "horizon_12_affected_candidates_model_robust_mae": 1.3878414587556904,
      "horizon_12_affected_candidates_baseline_robust_mae": 1.6147309258643616,
      "horizon_12_affected_candidates_improvement_pct": 14.0512244779865,
      "affected_node_rate": 0.23427743925374256
    },
    "test": {
      "all_candidates_model_robust_mae": 0.7074657476243335,
      "all_candidates_baseline_robust_mae": 0.8328134196658367,
      "all_candidates_improvement_pct": 15.051110978951144,
      "affected_candidates_model_robust_mae": 1.102669249202672,
      "affected_candidates_baseline_robust_mae": 1.293837027683651,
      "affected_candidates_improvement_pct": 14.775259510328413,
      "unaffected_candidates_model_robust_mae": 0.5220443850775186,
      "unaffected_candidates_baseline_robust_mae": 0.6165106195898865,
      "unaffected_candidates_improvement_pct": 15.32272624520377,
      "horizon_01_all_candidates_model_robust_mae": 0.5229303262362489,
      "horizon_01_all_candidates_baseline_robust_mae": 0.5912248439472282,
      "horizon_01_all_candidates_improvement_pct": 11.551361281610003,
      "horizon_01_affected_candidates_model_robust_mae": 0.734116128453807,
      "horizon_01_affected_candidates_baseline_robust_mae": 0.8144241910254835,
      "horizon_01_affected_candidates_improvement_pct": 9.860716744004916,
      "horizon_02_all_candidates_model_robust_mae": 0.584147962038522,
      "horizon_02_all_candidates_baseline_robust_mae": 0.6647113446148724,
      "horizon_02_all_candidates_improvement_pct": 12.12005530355857,
      "horizon_02_affected_candidates_model_robust_mae": 0.8537210194154367,
      "horizon_02_affected_candidates_baseline_robust_mae": 0.9614806863858398,
      "horizon_02_affected_candidates_improvement_pct": 11.20767879128874,
      "horizon_03_all_candidates_model_robust_mae": 0.6302094685475614,
      "horizon_03_all_candidates_baseline_robust_mae": 0.7255605942083166,
      "horizon_03_all_candidates_improvement_pct": 13.141717786478743,
      "horizon_03_affected_candidates_model_robust_mae": 0.9451502776241274,
      "horizon_03_affected_candidates_baseline_robust_mae": 1.0792830623658292,