{
  "metrics": {
    "val": {
      "all_candidates_model_robust_mae": 0.7165152040916127,
      "all_candidates_baseline_robust_mae": 0.827250102514385,
      "all_candidates_improvement_pct": 13.385903257817576,
      "affected_candidates_model_robust_mae": 1.1587040194414047,
      "affected_candidates_baseline_robust_mae": 1.3240686608241723,
      "affected_candidates_improvement_pct": 12.489128870389221,
      "unaffected_candidates_model_robust_mae": 0.5322368273971608,
      "unaffected_candidates_baseline_robust_mae": 0.6202052519238401,
      "unaffected_candidates_improvement_pct": 14.18376001393191,
      "horizon_01_all_candidates_model_robust_mae": 0.5344422853469121,
      "horizon_01_all_candidates_baseline_robust_mae": 0.6003526910613428,
      "horizon_01_all_candidates_improvement_pct": 10.978614187255495,
      "horizon_01_affected_candidates_model_robust_mae": 0.7679516717720116,
      "horizon_01_affected_candidates_baseline_robust_mae": 0.8427632361549119,
      "horizon_01_affected_candidates_improvement_pct": 8.876937338205014,
      "horizon_02_all_candidates_model_robust_mae": 0.5974785504721061,
      "horizon_02_all_candidates_baseline_robust_mae": 0.6733494887504019,
      "horizon_02_all_candidates_improvement_pct": 11.267690782552858,
      "horizon_02_affected_candidates_model_robust_mae": 0.8994536931165038,
      "horizon_02_affected_candidates_baseline_robust_mae": 0.9973475087895826,
      "horizon_02_affected_candidates_improvement_pct": 9.815416874293522,
      "horizon_03_all_candidates_model_robust_mae": 0.6440052261449902,
      "horizon_03_all_candidates_baseline_robust_mae": 0.7308534943862844,
      "horizon_03_all_candidates_improvement_pct": 11.883129643407237,
      "horizon_03_affected_candidates_model_robust_mae": 0.9984017036559218,
      "horizon_03_affected_candidates_baseline_robust_mae": 1.116654747019574,
      "horizon_03_affected_candidates_improvement_pct": 10.589937819122467,
      "horizon_04_all_candidates_model_robust_mae": 0.6754631393190906,
      "horizon_04_all_candidates_baseline_robust_mae": 0.773284867237372,
      "horizon_04_all_candidates_improvement_pct": 12.650154175104715,
      "horizon_04_affected_candidates_model_robust_mae": 1.0648645656195397,
      "horizon_04_affected_candidates_baseline_robust_mae": 1.2040969431001207,
      "horizon_04_affected_candidates_improvement_pct": 11.563219911688112,
      "horizon_05_all_candidates_model_robust_mae": 0.7016109266030798,
      "horizon_05_all_candidates_baseline_robust_mae": 0.8061880555422644,
      "horizon_05_all_candidates_improvement_pct": 12.97180331812819,
      "horizon_05_affected_candidates_model_robust_mae": 1.1254525374699045,
      "horizon_05_affected_candidates_baseline_robust_mae": 1.2793815410253246,
      "horizon_05_affected_candidates_improvement_pct": 12.031516683604647,
      "horizon_06_all_candidates_model_robust_mae": 0.7250405395223978,
      "horizon_06_all_candidates_baseline_robust_mae": 0.837740935448321,
      "horizon_06_all_candidates_improvement_pct": 13.452893508852,
      "horizon_06_affected_candidates_model_robust_mae": 1.1780158197554913,
      "horizon_06_affected_candidates_baseline_robust_mae": 1.346644229576236,
      "horizon_06_affected_candidates_improvement_pct": 12.522120253974498,
      "horizon_07_all_candidates_model_robust_mae": 0.7446887900329868,
      "horizon_07_all_candidates_baseline_robust_mae": 0.8643465291235348,
      "horizon_07_all_candidates_improvement_pct": 13.843722981323637,
      "horizon_07_affected_candidates_model_robust_mae": 1.2187432395516111,
      "horizon_07_affected_candidates_baseline_robust_mae": 1.401758678996387,
      "horizon_07_affected_candidates_improvement_pct": 13.056130287405024,
      "horizon_08_all_candidates_model_robust_mae": 0.7659240905718695,
      "horizon_08_all_candidates_baseline_robust_mae": 0.8908410379620302,
      "horizon_08_all_candidates_improvement_pct": 14.022361124711113,
      "horizon_08_affected_candidates_model_robust_mae": 1.2653753194659885,
      "horizon_08_affected_candidates_baseline_robust_mae": 1.459318947694711,
      "horizon_08_affected_candidates_improvement_pct": 13.290009599004774,
      "horizon_09_all_candidates_model_robust_mae": 0.783141791738134,
      "horizon_09_all_candidates_baseline_robust_mae": 0.911975627290561,
      "horizon_09_all_candidates_improvement_pct": 14.126894589846287,
      "horizon_09_affected_candidates_model_robust_mae": 1.3034649989254656,
      "horizon_09_affected_candidates_baseline_robust_mae": 1.5058868829427,
      "horizon_09_affected_candidates_improvement_pct": 13.44203779912575,
      "horizon_10_all_candidates_model_robust_mae": 0.7954680158818745,
      "horizon_10_all_candidates_baseline_robust_mae": 0.9289248027645703,
      "horizon_10_all_candidates_improvement_pct": 14.366801972077337,
      "horizon_10_affected_candidates_model_robust_mae": 1.3306101147314402,
      "horizon_10_affected_candidates_baseline_robust_mae": 1.5406091656416363,
      "horizon_10_affected_candidates_improvement_pct": 13.630910135649831,
      "horizon_11_all_candidates_model_robust_mae": 0.8094271342088539,
      "horizon_11_all_candidates_baseline_robust_mae": 0.9471625830397096,
      "horizon_11_all_candidates_improvement_pct": 14.54190139023694,
      "horizon_11_affected_candidates_model_robust_mae": 1.3613372738754554,
      "horizon_11_affected_candidates_baseline_robust_mae": 1.579863786064337,
      "horizon_11_affected_candidates_improvement_pct": 13.831984384759005,
      "horizon_12_all_candidates_model_robust_mae": 0.8215814948090575,
      "horizon_12_all_candidates_baseline_robust_mae": 0.962095373567048,
      "horizon_12_all_candidates_improvement_pct": 14.604984351709714,
      "horizon_12_affected_candidates_model_robust_mae": 1.390963867171566,
      "horizon_12_affected_candidates_baseline_robust_mae": 1.6147309201281246,
      "horizon_12_affected_candidates_improvement_pct": 13.857853972276892,
      "affected_node_rate": 0.23427743925374256
    },
    "test": {
      "all_candidates_model_robust_mae": 0.710061289287987,
      "all_candidates_baseline_robust_mae": 0.8328134175155775,
      "all_candidates_improvement_pct": 14.739451315971921,
      "affected_candidates_model_robust_mae": 1.1080881229374617,
      "affected_candidates_baseline_robust_mae": 1.293837023264936,
      "affected_candidates_improvement_pct": 14.356437247308465,
      "unaffected_candidates_model_robust_mae": 0.523315265092591,
      "unaffected_candidates_baseline_robust_mae": 0.6165106205771105,
      "unaffected_candidates_improvement_pct": 15.116585566243794,
      "horizon_01_all_candidates_model_robust_mae": 0.5248927578327545,
      "horizon_01_all_candidates_baseline_robust_mae": 0.591224841429918,
      "horizon_01_all_candidates_improvement_pct": 11.219434460286692,
      "horizon_01_affected_candidates_model_robust_mae": 0.7357787757794891,
      "horizon_01_affected_candidates_baseline_robust_mae": 0.8144241979669616,
      "horizon_01_affected_candidates_improvement_pct": 9.656567472306719,
      "horizon_02_all_candidates_model_robust_mae": 0.5855577382714051,
      "horizon_02_all_candidates_baseline_robust_mae": 0.6647113468303868,
      "horizon_02_all_candidates_improvement_pct": 11.907967110298053,
      "horizon_02_affected_candidates_model_robust_mae": 0.8560214530236255,
      "horizon_02_affected_candidates_baseline_robust_mae": 0.9614806884368053,
      "horizon_02_affected_candidates_improvement_pct": 10.96841950977066,
      "horizon_03_all_candidates_model_robust_mae": 0.631594621547999,
      "horizon_03_all_candidates_baseline_robust_mae": 0.7255605875606053,
      "horizon_03_all_candidates_improvement_pct": 12.950809019068643,
      "horizon_03_affected_candidates_model_robust_mae": 0.9479955535126574,
      "horizon_03_affected_candidates_baseline_robust_mae": 1.0792830611036868,