{
  "metrics": {
    "val": {
      "all_candidates_model_robust_mae": 0.7208913004656641,
      "all_candidates_baseline_robust_mae": 0.8356682411538807,
      "all_candidates_improvement_pct": 13.73474963338729,
      "affected_candidates_model_robust_mae": 1.1851767429058309,
      "affected_candidates_baseline_robust_mae": 1.3608444863994964,
      "affected_candidates_improvement_pct": 12.908730222249336,
      "unaffected_candidates_model_robust_mae": 0.5299161852240897,
      "unaffected_candidates_baseline_robust_mae": 0.6196468416375984,
      "unaffected_candidates_improvement_pct": 14.480935007490586,
      "horizon_01_all_candidates_model_robust_mae": 0.5301127390077494,
      "horizon_01_all_candidates_baseline_robust_mae": 0.5993474118900214,
      "horizon_01_all_candidates_improvement_pct": 11.55167629137546,
      "horizon_01_affected_candidates_model_robust_mae": 0.7744781931651765,
      "horizon_01_affected_candidates_baseline_robust_mae": 0.851246532277295,
      "horizon_01_affected_candidates_improvement_pct": 9.018343828872249,
      "horizon_02_all_candidates_model_robust_mae": 0.5990607989788784,
      "horizon_02_all_candidates_baseline_robust_mae": 0.6773057852443504,
      "horizon_02_all_candidates_improvement_pct": 11.552387115258972,
      "horizon_02_affected_candidates_model_robust_mae": 0.9056396672551834,
      "horizon_02_affected_candidates_baseline_robust_mae": 1.0081401535041237,
      "horizon_02_affected_candidates_improvement_pct": 10.16728536133255,
      "horizon_03_all_candidates_model_robust_mae": 0.6393273147075752,
      "horizon_03_all_candidates_baseline_robust_mae": 0.7320894774293857,
      "horizon_03_all_candidates_improvement_pct": 12.670877752201806,
      "horizon_03_affected_candidates_model_robust_mae": 0.9981571278072973,
      "horizon_03_affected_candidates_baseline_robust_mae": 1.1304110060565844,
      "horizon_03_affected_candidates_improvement_pct": 11.699627616918919,
      "horizon_04_all_candidates_model_robust_mae": 0.6830740435145509,
      "horizon_04_all_candidates_baseline_robust_mae": 0.7859080644810293,
      "horizon_04_all_candidates_improvement_pct": 13.084739248016799,
      "horizon_04_affected_candidates_model_robust_mae": 1.0922381873121243,
      "horizon_04_affected_candidates_baseline_robust_mae": 1.2420958955169956,
      "horizon_04_affected_candidates_improvement_pct": 12.064906481515768,
      "horizon_05_all_candidates_model_robust_mae": 0.7088278028585794,
      "horizon_05_all_candidates_baseline_robust_mae": 0.8173555358115927,
      "horizon_05_all_candidates_improvement_pct": 13.277910064590285,
      "horizon_05_affected_candidates_model_robust_mae": 1.1581755844024504,
      "horizon_05_affected_candidates_baseline_robust_mae": 1.3104676393463939,
      "horizon_05_affected_candidates_improvement_pct": 11.621199209459332,
      "horizon_06_all_candidates_model_robust_mae": 0.7414889082093578,
      "horizon_06_all_candidates_baseline_robust_mae": 0.8564715162760124,
      "horizon_06_all_candidates_improvement_pct": 13.425152603627222,
      "horizon_06_affected_candidates_model_robust_mae": 1.2256154715509349,
      "horizon_06_affected_candidates_baseline_robust_mae": 1.3948244446318427,
      "horizon_06_affected_candidates_improvement_pct": 12.131202154660386,
      "horizon_07_all_candidates_model_robust_mae": 0.762000135019159,
      "horizon_07_all_candidates_baseline_robust_mae": 0.8815240897707097,
      "horizon_07_all_candidates_improvement_pct": 13.55878485211218,
      "horizon_07_affected_candidates_model_robust_mae": 1.265679286936199,
      "horizon_07_affected_candidates_baseline_robust_mae": 1.454657307127024,
      "horizon_07_affected_candidates_improvement_pct": 12.991239879312888,
      "horizon_08_all_candidates_model_robust_mae": 0.7777916482409591,
      "horizon_08_all_candidates_baseline_robust_mae": 0.9039595310043239,
      "horizon_08_all_candidates_improvement_pct": 13.957249017905568,
      "horizon_08_affected_candidates_model_robust_mae": 1.3191733903504124,
      "horizon_08_affected_candidates_baseline_robust_mae": 1.5220454430495607,
      "horizon_08_affected_candidates_improvement_pct": 13.328909043127855,
      "horizon_09_all_candidates_model_robust_mae": 0.7894429692064402,
      "horizon_09_all_candidates_baseline_robust_mae": 0.9237086605658172,
      "horizon_09_all_candidates_improvement_pct": 14.535502057232273,
      "horizon_09_affected_candidates_model_robust_mae": 1.351460269642685,
      "horizon_09_affected_candidates_baseline_robust_mae": 1.5723941141215305,
      "horizon_09_affected_candidates_improvement_pct": 14.050793150054336,
      "horizon_10_all_candidates_model_robust_mae": 0.7858311211495886,
      "horizon_10_all_candidates_baseline_robust_mae": 0.9288557581278657,
      "horizon_10_all_candidates_improvement_pct": 15.397938347989264,
      "horizon_10_affected_candidates_model_robust_mae": 1.3313710761257809,
      "horizon_10_affected_candidates_baseline_robust_mae": 1.5723871116043884,
      "horizon_10_affected_candidates_improvement_pct": 15.328034279846412,
      "horizon_11_all_candidates_model_robust_mae": 0.8031606143113174,
      "horizon_11_all_candidates_baseline_robust_mae": 0.9463526187272462,
      "horizon_11_all_candidates_improvement_pct": 15.130935507792898,
      "horizon_11_affected_candidates_model_robust_mae": 1.361060455016384,
      "horizon_11_affected_candidates_baseline_robust_mae": 1.5939816041827293,
      "horizon_11_affected_candidates_improvement_pct": 14.612536842027684,
      "horizon_12_all_candidates_model_robust_mae": 0.8307591684856503,
      "horizon_12_all_candidates_baseline_robust_mae": 0.9753739056249439,
      "horizon_12_all_candidates_improvement_pct": 14.826594837662345,
      "horizon_12_affected_candidates_model_robust_mae": 1.4395485436395812,
      "horizon_12_affected_candidates_baseline_robust_mae": 1.678098231549433,
      "horizon_12_affected_candidates_improvement_pct": 14.215478177912896,
      "affected_node_rate": 0.23289592306921766
    },
    "test": {
      "all_candidates_model_robust_mae": 0.7011564089733873,
      "all_candidates_baseline_robust_mae": 0.8242806425758973,
      "all_candidates_improvement_pct": 14.937173972415966,
      "affected_candidates_model_robust_mae": 1.0723619521041805,
      "affected_candidates_baseline_robust_mae": 1.2716875207174103,
      "affected_candidates_improvement_pct": 15.674099601196227,
      "unaffected_candidates_model_robust_mae": 0.5252177584986787,
      "unaffected_candidates_baseline_robust_mae": 0.61222524108572,
      "unaffected_candidates_improvement_pct": 14.21167843925256,
      "horizon_01_all_candidates_model_robust_mae": 0.5240261855877232,
      "horizon_01_all_candidates_baseline_robust_mae": 0.5928633419680283,
      "horizon_01_all_candidates_improvement_pct": 11.610965210262114,
      "horizon_01_affected_candidates_model_robust_mae": 0.7241957503793095,
      "horizon_01_affected_candidates_baseline_robust_mae": 0.8104395965613526,
      "horizon_01_affected_candidates_improvement_pct": 10.641613088497973,
      "horizon_02_all_candidates_model_robust_mae": 0.572946823939135,
      "horizon_02_all_candidates_baseline_robust_mae": 0.652908033974156,
      "horizon_02_all_candidates_improvement_pct": 12.246933086166633,
      "horizon_02_affected_candidates_model_robust_mae": 0.8205877601686845,
      "horizon_02_affected_candidates_baseline_robust_mae": 0.9405505455784077,
      "horizon_02_affected_candidates_improvement_pct": 12.754528289168126,
      "horizon_03_all_candidates_model_robust_mae": 0.6306415965269129,
      "horizon_03_all_candidates_baseline_robust_mae": 0.7235044903781026,
      "horizon_03_all_candidates_improvement_pct": 12.8351510026786,
      "horizon_03_affected_candidates_model_robust_mae": 0.9256496836697181,
      "horizon_03_affected_candidates_baseline_robust_mae": 1.0697764896396453,