epoch,train_loss,val_loss,val_final_loss,val_incident_loss,val_branch_loss,val_gate_loss,val_normal_better_gate_loss,val_convex_gate_loss,val_hard_rate,val_affected_rate,val_normal_better_rate,val_convex_target_rate,val_gate_mean
1,0.5358844548463821,0.6450662463903427,0.6397802233695984,0.7420397996902466,0.9622342437505722,0.7109555453062057,0.6018748879432678,0.10572041384875774,0.5639856159687042,0.29220642894506454,0.3056986480951309,0.9233134239912033,0.4396698698401451
