{
  "metrics": {
    "val": {
      "all_candidates_model_robust_mae": 0.7165805636672922,
      "all_candidates_baseline_robust_mae": 0.827250102514385,
      "all_candidates_improvement_pct": 13.378002433691861,
      "affected_candidates_model_robust_mae": 1.158597660290623,
      "affected_candidates_baseline_robust_mae": 1.3240686608241723,
      "affected_candidates_improvement_pct": 12.497161622309768,
      "unaffected_candidates_model_robust_mae": 0.5323737400872246,
      "unaffected_candidates_baseline_robust_mae": 0.6202052519238401,
      "unaffected_candidates_improvement_pct": 14.161684630074857,
      "horizon_01_all_candidates_model_robust_mae": 0.5344813285257878,
      "horizon_01_all_candidates_baseline_robust_mae": 0.6003526910613428,
      "horizon_01_all_candidates_improvement_pct": 10.972110813579151,
      "horizon_01_affected_candidates_model_robust_mae": 0.767872453138182,
      "horizon_01_affected_candidates_baseline_robust_mae": 0.8427632361549119,
      "horizon_01_affected_candidates_improvement_pct": 8.88633720645165,
      "horizon_02_all_candidates_model_robust_mae": 0.5975507486054409,
      "horizon_02_all_candidates_baseline_robust_mae": 0.6733494887504019,
      "horizon_02_all_candidates_improvement_pct": 11.256968544763863,
      "horizon_02_affected_candidates_model_robust_mae": 0.8994086623550298,
      "horizon_02_affected_candidates_baseline_robust_mae": 0.9973475087895826,
      "horizon_02_affected_candidates_improvement_pct": 9.81993192657742,
      "horizon_03_all_candidates_model_robust_mae": 0.6440724776409804,
      "horizon_03_all_candidates_baseline_robust_mae": 0.7308534943862844,
      "horizon_03_all_candidates_improvement_pct": 11.873927868153134,
      "horizon_03_affected_candidates_model_robust_mae": 0.9982866969757865,
      "horizon_03_affected_candidates_baseline_robust_mae": 1.116654747019574,
      "horizon_03_affected_candidates_improvement_pct": 10.600237034743254,
      "horizon_04_all_candidates_model_robust_mae": 0.6755258244997313,
      "horizon_04_all_candidates_baseline_robust_mae": 0.773284867237372,
      "horizon_04_all_candidates_improvement_pct": 12.642047824741928,
      "horizon_04_affected_candidates_model_robust_mae": 1.0647492788631403,
      "horizon_04_affected_candidates_baseline_robust_mae": 1.2040969431001207,
      "horizon_04_affected_candidates_improvement_pct": 11.572794452763066,
      "horizon_05_all_candidates_model_robust_mae": 0.7016643827471947,
      "horizon_05_all_candidates_baseline_robust_mae": 0.8061880555422644,
      "horizon_05_all_candidates_improvement_pct": 12.965172589261966,
      "horizon_05_affected_candidates_model_robust_mae": 1.1252955629313455,
      "horizon_05_affected_candidates_baseline_robust_mae": 1.2793815410253246,
      "horizon_05_affected_candidates_improvement_pct": 12.043786247728045,
      "horizon_06_all_candidates_model_robust_mae": 0.7251163152912001,
      "horizon_06_all_candidates_baseline_robust_mae": 0.837740935448321,
      "horizon_06_all_candidates_improvement_pct": 13.443848258035668,
      "horizon_06_affected_candidates_model_robust_mae": 1.1779080199239347,
      "horizon_06_affected_candidates_baseline_robust_mae": 1.346644229576236,
      "horizon_06_affected_candidates_improvement_pct": 12.530125325335517,
      "horizon_07_all_candidates_model_robust_mae": 0.7447641646278864,
      "horizon_07_all_candidates_baseline_robust_mae": 0.8643465291235348,
      "horizon_07_all_candidates_improvement_pct": 13.835002567420197,
      "horizon_07_affected_candidates_model_robust_mae": 1.2186148371593217,
      "horizon_07_affected_candidates_baseline_robust_mae": 1.401758678996387,
      "horizon_07_affected_candidates_improvement_pct": 13.065290379952573,
      "horizon_08_all_candidates_model_robust_mae": 0.7659896674670708,
      "horizon_08_all_candidates_baseline_robust_mae": 0.8908410379620302,
      "horizon_08_all_candidates_improvement_pct": 14.01499989050582,
      "horizon_08_affected_candidates_model_robust_mae": 1.2652280155566553,
      "horizon_08_affected_candidates_baseline_robust_mae": 1.459318947694711,
      "horizon_08_affected_candidates_improvement_pct": 13.300103616461744,
      "horizon_09_all_candidates_model_robust_mae": 0.7832304428174363,
      "horizon_09_all_candidates_baseline_robust_mae": 0.911975627290561,
      "horizon_09_all_candidates_improvement_pct": 14.117173816982476,
      "horizon_09_affected_candidates_model_robust_mae": 1.3033122689803354,
      "horizon_09_affected_candidates_baseline_robust_mae": 1.5058868829427,
      "horizon_09_affected_candidates_improvement_pct": 13.452179991534774,
      "horizon_10_all_candidates_model_robust_mae": 0.7955753559836182,
      "horizon_10_all_candidates_baseline_robust_mae": 0.9289248027645703,
      "horizon_10_all_candidates_improvement_pct": 14.355246666263112,
      "horizon_10_affected_candidates_model_robust_mae": 1.3305898110564591,
      "horizon_10_affected_candidates_baseline_robust_mae": 1.5406091656416363,
      "horizon_10_affected_candidates_improvement_pct": 13.632228034792188,
      "horizon_11_all_candidates_model_robust_mae": 0.8094708705818493,
      "horizon_11_all_candidates_baseline_robust_mae": 0.9471625830397096,
      "horizon_11_all_candidates_improvement_pct": 14.537283769801068,
      "horizon_11_affected_candidates_model_robust_mae": 1.3612099369002093,
      "horizon_11_affected_candidates_baseline_robust_mae": 1.579863786064337,
      "horizon_11_affected_candidates_improvement_pct": 13.840044381853017,
      "horizon_12_all_candidates_model_robust_mae": 0.82161465442257,
      "horizon_12_all_candidates_baseline_robust_mae": 0.962095373567048,
      "horizon_12_all_candidates_improvement_pct": 14.601537748137604,
      "horizon_12_affected_candidates_model_robust_mae": 1.3908828905446926,
      "horizon_12_affected_candidates_baseline_robust_mae": 1.6147309201281246,
      "horizon_12_affected_candidates_improvement_pct": 13.862868840442482,
      "affected_node_rate": 0.23427743925374256
    },
    "test": {
      "all_candidates_model_robust_mae": 0.7100188372592363,
      "all_candidates_baseline_robust_mae": 0.8328134175155775,
      "all_candidates_improvement_pct": 14.744548739699468,
      "affected_candidates_model_robust_mae": 1.107722786958111,
      "affected_candidates_baseline_robust_mae": 1.293837023264936,
      "affected_candidates_improvement_pct": 14.38467387779449,
      "unaffected_candidates_model_robust_mae": 0.5234243114781268,
      "unaffected_candidates_baseline_robust_mae": 0.6165106205771105,
      "unaffected_candidates_improvement_pct": 15.098897892764008,
      "horizon_01_all_candidates_model_robust_mae": 0.5249691209411648,
      "horizon_01_all_candidates_baseline_robust_mae": 0.591224841429918,
      "horizon_01_all_candidates_improvement_pct": 11.206518374381774,
      "horizon_01_affected_candidates_model_robust_mae": 0.7358180803225256,
      "horizon_01_affected_candidates_baseline_robust_mae": 0.8144241979669616,
      "horizon_01_affected_candidates_improvement_pct": 9.65174141935611,
      "horizon_02_all_candidates_model_robust_mae": 0.5856815613579225,
      "horizon_02_all_candidates_baseline_robust_mae": 0.6647113468303868,
      "horizon_02_all_candidates_improvement_pct": 11.889339011483761,
      "horizon_02_affected_candidates_model_robust_mae": 0.8561003451478372,
      "horizon_02_affected_candidates_baseline_robust_mae": 0.9614806884368053,
      "horizon_02_affected_candidates_improvement_pct": 10.96021423584676,
      "horizon_03_all_candidates_model_robust_mae": 0.6316266256450391,
      "horizon_03_all_candidates_baseline_robust_mae": 0.7255605875606053,
      "horizon_03_all_candidates_improvement_pct": 12.9463980715077,
      "horizon_03_affected_candidates_model_robust_mae": 0.9478535511315904,
      "horizon_03_affected_candidates_baseline_robust_mae": 1.0792830611036868,