{
  "metrics": {
    "val": {
      "all_candidates_model_robust_mae": 0.7151548031203887,
      "all_candidates_baseline_robust_mae": 0.827250102514385,
      "all_candidates_improvement_pct": 13.550351828701901,
      "affected_candidates_model_robust_mae": 1.1568792729694675,
      "affected_candidates_baseline_robust_mae": 1.3240686608241723,
      "affected_candidates_improvement_pct": 12.626942454074632,
      "unaffected_candidates_model_robust_mae": 0.531069932856969,
      "unaffected_candidates_baseline_robust_mae": 0.6202052519238401,
      "unaffected_candidates_improvement_pct": 14.37190652455435,
      "horizon_01_all_candidates_model_robust_mae": 0.5330453062963971,
      "horizon_01_all_candidates_baseline_robust_mae": 0.6003526910613428,
      "horizon_01_all_candidates_improvement_pct": 11.211307247737206,
      "horizon_01_affected_candidates_model_robust_mae": 0.7670664408258467,
      "horizon_01_affected_candidates_baseline_robust_mae": 0.8427632361549119,
      "horizon_01_affected_candidates_improvement_pct": 8.981976441500944,
      "horizon_02_all_candidates_model_robust_mae": 0.5968479827143358,
      "horizon_02_all_candidates_baseline_robust_mae": 0.6733494887504019,
      "horizon_02_all_candidates_improvement_pct": 11.3613372125725,
      "horizon_02_affected_candidates_model_robust_mae": 0.8993147776113319,
      "horizon_02_affected_candidates_baseline_robust_mae": 0.9973475087895826,
      "horizon_02_affected_candidates_improvement_pct": 9.829345370023207,
      "horizon_03_all_candidates_model_robust_mae": 0.6434040731643786,
      "horizon_03_all_candidates_baseline_robust_mae": 0.7308534943862844,
      "horizon_03_all_candidates_improvement_pct": 11.965383198357587,
      "horizon_03_affected_candidates_model_robust_mae": 0.997956476733529,
      "horizon_03_affected_candidates_baseline_robust_mae": 1.116654747019574,
      "horizon_03_affected_candidates_improvement_pct": 10.629809312400145,
      "horizon_04_all_candidates_model_robust_mae": 0.6747294413452477,
      "horizon_04_all_candidates_baseline_robust_mae": 0.773284867237372,
      "horizon_04_all_candidates_improvement_pct": 12.745034859433135,
      "horizon_04_affected_candidates_model_robust_mae": 1.0645895731916368,
      "horizon_04_affected_candidates_baseline_robust_mae": 1.2040969431001207,
      "horizon_04_affected_candidates_improvement_pct": 11.586057975473478,
      "horizon_05_all_candidates_model_robust_mae": 0.7010891297177465,
      "horizon_05_all_candidates_baseline_robust_mae": 0.8061880555422644,
      "horizon_05_all_candidates_improvement_pct": 13.036527284421922,
      "horizon_05_affected_candidates_model_robust_mae": 1.124896236012308,
      "horizon_05_affected_candidates_baseline_robust_mae": 1.2793815410253246,
      "horizon_05_affected_candidates_improvement_pct": 12.074998744253312,
      "horizon_06_all_candidates_model_robust_mae": 0.7237983455703129,
      "horizon_06_all_candidates_baseline_robust_mae": 0.837740935448321,
      "horizon_06_all_candidates_improvement_pct": 13.601172517256924,
      "horizon_06_affected_candidates_model_robust_mae": 1.1762259771819652,
      "horizon_06_affected_candidates_baseline_robust_mae": 1.346644229576236,
      "horizon_06_affected_candidates_improvement_pct": 12.6550315704318,
      "horizon_07_all_candidates_model_robust_mae": 0.7434283704827158,
      "horizon_07_all_candidates_baseline_robust_mae": 0.8643465291235348,
      "horizon_07_all_candidates_improvement_pct": 13.989546387538864,
      "horizon_07_affected_candidates_model_robust_mae": 1.2160101628821052,
      "horizon_07_affected_candidates_baseline_robust_mae": 1.401758678996387,
      "horizon_07_affected_candidates_improvement_pct": 13.251105122264812,
      "horizon_08_all_candidates_model_robust_mae": 0.7643804897118404,
      "horizon_08_all_candidates_baseline_robust_mae": 0.8908410379620302,
      "horizon_08_all_candidates_improvement_pct": 14.195635681478324,
      "horizon_08_affected_candidates_model_robust_mae": 1.263612014362776,
      "horizon_08_affected_candidates_baseline_robust_mae": 1.459318947694711,
      "horizon_08_affected_candidates_improvement_pct": 13.410840285538239,
      "horizon_09_all_candidates_model_robust_mae": 0.7808997943811452,
      "horizon_09_all_candidates_baseline_robust_mae": 0.911975627290561,
      "horizon_09_all_candidates_improvement_pct": 14.372734203307196,
      "horizon_09_affected_candidates_model_robust_mae": 1.2997184106205533,
      "horizon_09_affected_candidates_baseline_robust_mae": 1.5058868829427,
      "horizon_09_affected_candidates_improvement_pct": 13.690833930319286,
      "horizon_10_all_candidates_model_robust_mae": 0.7931078577200446,
      "horizon_10_all_candidates_baseline_robust_mae": 0.9289248027645703,
      "horizon_10_all_candidates_improvement_pct": 14.62087616137726,
      "horizon_10_affected_candidates_model_robust_mae": 1.3266870474889627,
      "horizon_10_affected_candidates_baseline_robust_mae": 1.5406091656416363,
      "horizon_10_affected_candidates_improvement_pct": 13.885554034308164,
      "horizon_11_all_candidates_model_robust_mae": 0.8074128738352907,
      "horizon_11_all_candidates_baseline_robust_mae": 0.9471625830397096,
      "horizon_11_all_candidates_improvement_pct": 14.754563968935827,
      "horizon_11_affected_candidates_model_robust_mae": 1.3580976975999277,
      "horizon_11_affected_candidates_baseline_robust_mae": 1.579863786064337,
      "horizon_11_affected_candidates_improvement_pct": 14.037038535889211,
      "horizon_12_all_candidates_model_robust_mae": 0.819802936554289,
      "horizon_12_all_candidates_baseline_robust_mae": 0.962095373567048,
      "horizon_12_all_candidates_improvement_pct": 14.789847339687125,
      "horizon_12_affected_candidates_model_robust_mae": 1.3885618205108463,
      "horizon_12_affected_candidates_baseline_robust_mae": 1.6147309201281246,
      "horizon_12_affected_candidates_improvement_pct": 14.00661229669971,
      "affected_node_rate": 0.23427743925374256
    },
    "test": {
      "all_candidates_model_robust_mae": 0.7085563180737642,
      "all_candidates_baseline_robust_mae": 0.8328134175155775,
      "all_candidates_improvement_pct": 14.920160606020627,
      "affected_candidates_model_robust_mae": 1.1051773277581238,
      "affected_candidates_baseline_robust_mae": 1.293837023264936,
      "affected_candidates_improvement_pct": 14.581411113954564,
      "unaffected_candidates_model_robust_mae": 0.522469879181988,
      "unaffected_candidates_baseline_robust_mae": 0.6165106205771105,
      "unaffected_candidates_improvement_pct": 15.253709872360638,
      "horizon_01_all_candidates_model_robust_mae": 0.5236352075293407,
      "horizon_01_all_candidates_baseline_robust_mae": 0.591224841429918,
      "horizon_01_all_candidates_improvement_pct": 11.432137008503766,
      "horizon_01_affected_candidates_model_robust_mae": 0.7344234937981653,
      "horizon_01_affected_candidates_baseline_robust_mae": 0.8144241979669616,
      "horizon_01_affected_candidates_improvement_pct": 9.822977309429316,
      "horizon_02_all_candidates_model_robust_mae": 0.5849085558912896,
      "horizon_02_all_candidates_baseline_robust_mae": 0.6647113468303868,
      "horizon_02_all_candidates_improvement_pct": 12.005630913272237,
      "horizon_02_affected_candidates_model_robust_mae": 0.8548444537651537,
      "horizon_02_affected_candidates_baseline_robust_mae": 0.9614806884368053,
      "horizon_02_affected_candidates_improvement_pct": 11.090834787854446,
      "horizon_03_all_candidates_model_robust_mae": 0.6312042018615577,
      "horizon_03_all_candidates_baseline_robust_mae": 0.7255605875606053,
      "horizon_03_all_candidates_improvement_pct": 13.004618403582473,
      "horizon_03_affected_candidates_model_robust_mae": 0.9474605117793631,
      "horizon_03_affected_candidates_baseline_robust_mae": 1.0792830611036868,