group,label,samples,source_all_mae,source_affected_mae,source_unaffected_mae,adapter_all_mae,adapter_affected_mae,adapter_unaffected_mae,all_delta,affected_delta,unaffected_delta
overall,all test events,27499,0.7075284829132151,1.1021290314300882,0.5223900088174734,0.7073046995307,1.1015827250892347,0.5223175465813001,-0.0002237833825151636,-0.0005463063408535085,-7.24622361732985e-05
severity_low,severity <= 1.557,9167,0.5699663124403138,0.8362681306787395,0.5038067052232063,0.5697517069640139,0.8357245712624221,0.5036738305032503,-0.00021460547629992277,-0.0005435594163174517,-0.00013287471995593325
severity_mid,1.557 < severity <= 2.578,9167,0.6619068212118702,0.9600897260219046,0.5242734319975974,0.6615233203765203,0.9592835967882236,0.524085014398241,-0.00038350083534988144,-0.0008061292336809522,-0.00018841759935639413
severity_high,severity > 2.578,9165,0.8340806650433672,1.2835414815661446,0.5362009946371183,0.8339892835328563,1.283172482327393,0.5362936240620352,-9.138151051091281e-05,-0.00036899923875166607,9.262942491683468e-05
recovery_short_lt30,recovery < 30 min,12563,0.6065161953340562,0.9378633128246259,0.5047306017851748,0.6061916070393719,0.9371880641515042,0.5045137461547108,-0.0003245882946842915,-0.0006752486731216312,-0.00021685563046403011
recovery_mid_30_90,30 <= recovery < 90 min,3380,0.6697321161957819,1.0276247439130548,0.5202882507032417,0.6694269207768034,1.0267498956939505,0.5202209200166309,-0.0003051954189784434,-0.0008748482191043294,-6.733068661080033e-05
recovery_long_ge90,recovery >= 90 min,11556,0.79082735054456,1.1891926843101461,0.5391099926548031,0.7906976327306312,1.1887661659178181,0.5391678158832346,-0.0001297178139287869,-0.00042651839232799027,5.782322843150833e-05
severity_high_and_long,severity high and recovery >= 90 min,8029,0.8375846330736829,1.2705793719340213,0.5402885131514297,0.8375415411767575,1.2702580507958867,0.5404364673419984,-4.309189692541793e-05,-0.0003213211381345449,0.00014795419056867765
