{
  "metrics": {
    "val": {
      "all_candidates_model_robust_mae": 0.7161325057592227,
      "all_candidates_baseline_robust_mae": 0.8272501102632047,
      "all_candidates_improvement_pct": 13.432165571864102,
      "affected_candidates_model_robust_mae": 1.1585832778395613,
      "affected_candidates_baseline_robust_mae": 1.3240686546633906,
      "affected_candidates_improvement_pct": 12.498247446685431,
      "unaffected_candidates_model_robust_mae": 0.53174495733524,
      "unaffected_candidates_baseline_robust_mae": 0.6202052552880885,
      "unaffected_candidates_improvement_pct": 14.263068105051486,
      "horizon_01_all_candidates_model_robust_mae": 0.5348002384624861,
      "horizon_01_all_candidates_baseline_robust_mae": 0.6003526860005128,
      "horizon_01_all_candidates_improvement_pct": 10.918989631699706,
      "horizon_01_affected_candidates_model_robust_mae": 0.7680210283980559,
      "horizon_01_affected_candidates_baseline_robust_mae": 0.8427632402965712,
      "horizon_01_affected_candidates_improvement_pct": 8.868708116909955,
      "horizon_02_all_candidates_model_robust_mae": 0.5979934273371668,
      "horizon_02_all_candidates_baseline_robust_mae": 0.6733494887504019,
      "horizon_02_all_candidates_improvement_pct": 11.191225756045421,
      "horizon_02_affected_candidates_model_robust_mae": 0.9000859506704558,
      "horizon_02_affected_candidates_baseline_robust_mae": 0.9973475126132015,
      "horizon_02_affected_candidates_improvement_pct": 9.752023313108356,
      "horizon_03_all_candidates_model_robust_mae": 0.6444830188858162,
      "horizon_03_all_candidates_baseline_robust_mae": 0.7308534904495786,
      "horizon_03_all_candidates_improvement_pct": 11.817754542108341,
      "horizon_03_affected_candidates_model_robust_mae": 0.9989634844358413,
      "horizon_03_affected_candidates_baseline_robust_mae": 1.1166547427176545,
      "horizon_03_affected_candidates_improvement_pct": 10.539628210899153,
      "horizon_04_all_candidates_model_robust_mae": 0.6766615091678375,
      "horizon_04_all_candidates_baseline_robust_mae": 0.7732848661126429,
      "horizon_04_all_candidates_improvement_pct": 12.495182717145076,
      "horizon_04_affected_candidates_model_robust_mae": 1.0671724905949602,
      "horizon_04_affected_candidates_baseline_robust_mae": 1.2040969552088483,
      "horizon_04_affected_candidates_improvement_pct": 11.371548115088357,
      "horizon_05_all_candidates_model_robust_mae": 0.7019449959152072,
      "horizon_05_all_candidates_baseline_robust_mae": 0.80618805385504,
      "horizon_05_all_candidates_improvement_pct": 12.930364998757058,
      "horizon_05_affected_candidates_model_robust_mae": 1.1266070265955297,
      "horizon_05_affected_candidates_baseline_robust_mae": 1.2793815399100616,
      "horizon_05_affected_candidates_improvement_pct": 11.941278543480607,
      "horizon_06_all_candidates_model_robust_mae": 0.7246344542556596,
      "horizon_06_all_candidates_baseline_robust_mae": 0.8377409271994909,
      "horizon_06_all_candidates_improvement_pct": 13.501366505028978,
      "horizon_06_affected_candidates_model_robust_mae": 1.177981221004955,
      "horizon_06_affected_candidates_baseline_robust_mae": 1.346644237542608,
      "horizon_06_affected_candidates_improvement_pct": 12.524690028409715,
      "horizon_07_all_candidates_model_robust_mae": 0.7441244317688454,
      "horizon_07_all_candidates_baseline_robust_mae": 0.8643465388721971,
      "horizon_07_all_candidates_improvement_pct": 13.909017008411707,
      "horizon_07_affected_candidates_model_robust_mae": 1.2185391856075747,
      "horizon_07_affected_candidates_baseline_robust_mae": 1.4017586805897237,
      "horizon_07_affected_candidates_improvement_pct": 13.070687381444866,
      "horizon_08_all_candidates_model_robust_mae": 0.7649866088574925,
      "horizon_08_all_candidates_baseline_robust_mae": 0.8908410368372225,
      "horizon_08_all_candidates_improvement_pct": 14.127596594175149,
      "horizon_08_affected_candidates_model_robust_mae": 1.2650314631077657,
      "horizon_08_affected_candidates_baseline_robust_mae": 1.4593189470573813,
      "horizon_08_affected_candidates_improvement_pct": 13.313572357940206,
      "horizon_09_all_candidates_model_robust_mae": 0.7816344194722582,
      "horizon_09_all_candidates_baseline_robust_mae": 0.9119756261656342,
      "horizon_09_all_candidates_improvement_pct": 14.292180948013984,
      "horizon_09_affected_candidates_model_robust_mae": 1.301825341730142,
      "horizon_09_affected_candidates_baseline_robust_mae": 1.5058868737007916,
      "horizon_09_affected_candidates_improvement_pct": 13.550920426655841,
      "horizon_10_all_candidates_model_robust_mae": 0.79363462521739,
      "horizon_10_all_candidates_baseline_robust_mae": 0.9289248031395567,
      "horizon_10_all_candidates_improvement_pct": 14.564168968781578,
      "horizon_10_affected_candidates_model_robust_mae": 1.3283472031653134,
      "horizon_10_affected_candidates_baseline_robust_mae": 1.5406091605425325,
      "horizon_10_affected_candidates_improvement_pct": 13.777794057934205,
      "horizon_11_all_candidates_model_robust_mae": 0.8082364221226525,
      "horizon_11_all_candidates_baseline_robust_mae": 0.9471625751648224,
      "horizon_11_all_candidates_improvement_pct": 14.667614270759632,
      "horizon_11_affected_candidates_model_robust_mae": 1.3597874457205075,
      "horizon_11_affected_candidates_baseline_robust_mae": 1.5798637806463696,
      "horizon_11_affected_candidates_improvement_pct": 13.930082936379634,
      "horizon_12_all_candidates_model_robust_mae": 0.8205445673758814,
      "horizon_12_all_candidates_baseline_robust_mae": 0.962095373567048,
      "horizon_12_all_candidates_improvement_pct": 14.712762380963882,
      "horizon_12_affected_candidates_model_robust_mae": 1.3908232548709576,
      "horizon_12_affected_candidates_baseline_robust_mae": 1.6147309258643616,
      "horizon_12_affected_candidates_improvement_pct": 13.866562373142557,
      "affected_node_rate": 0.23427743925374256
    },
    "test": {
      "all_candidates_model_robust_mae": 0.708704287619317,
      "all_candidates_baseline_robust_mae": 0.8328134196658367,
      "all_candidates_improvement_pct": 14.902393395187842,
      "affected_candidates_model_robust_mae": 1.1046497277310776,
      "affected_candidates_baseline_robust_mae": 1.293837027683651,
      "affected_candidates_improvement_pct": 14.622189341054366,
      "unaffected_candidates_model_robust_mae": 0.5229348156465307,
      "unaffected_candidates_baseline_robust_mae": 0.6165106195898865,
      "unaffected_candidates_improvement_pct": 15.178295550789391,
      "horizon_01_all_candidates_model_robust_mae": 0.5251719060865657,
      "horizon_01_all_candidates_baseline_robust_mae": 0.5912248439472282,
      "horizon_01_all_candidates_improvement_pct": 11.172219594100522,
      "horizon_01_affected_candidates_model_robust_mae": 0.7359761661794539,
      "horizon_01_affected_candidates_baseline_robust_mae": 0.8144241910254835,
      "horizon_01_affected_candidates_improvement_pct": 9.632329897673051,
      "horizon_02_all_candidates_model_robust_mae": 0.5857977583417099,
      "horizon_02_all_candidates_baseline_robust_mae": 0.6647113446148724,
      "horizon_02_all_candidates_improvement_pct": 11.871857899293758,
      "horizon_02_affected_candidates_model_robust_mae": 0.8554583505004406,
      "horizon_02_affected_candidates_baseline_robust_mae": 0.9614806863858398,
      "horizon_02_affected_candidates_improvement_pct": 11.026985501282626,
      "horizon_03_all_candidates_model_robust_mae": 0.6315187570599501,
      "horizon_03_all_candidates_baseline_robust_mae": 0.7255605942083166,
      "horizon_03_all_candidates_improvement_pct": 12.961265799030713,
      "horizon_03_affected_candidates_model_robust_mae": 0.9470575526188183,
      "horizon_03_affected_candidates_baseline_robust_mae": 1.0792830623658292,