{
  "metrics": {
    "val": {
      "all_candidates_model_robust_mae": 0.7147136136973616,
      "all_candidates_baseline_robust_mae": 0.827250102514385,
      "all_candidates_improvement_pct": 13.603683876855909,
      "affected_candidates_model_robust_mae": 1.1561603871815904,
      "affected_candidates_baseline_robust_mae": 1.3240686608241723,
      "affected_candidates_improvement_pct": 12.681236148136506,
      "unaffected_candidates_model_robust_mae": 0.5307444722849963,
      "unaffected_candidates_baseline_robust_mae": 0.6202052519238401,
      "unaffected_candidates_improvement_pct": 14.424382792848295,
      "horizon_01_all_candidates_model_robust_mae": 0.5325112548998131,
      "horizon_01_all_candidates_baseline_robust_mae": 0.6003526910613428,
      "horizon_01_all_candidates_improvement_pct": 11.300263523695575,
      "horizon_01_affected_candidates_model_robust_mae": 0.7663943516577735,
      "horizon_01_affected_candidates_baseline_robust_mae": 0.8427632361549119,
      "horizon_01_affected_candidates_improvement_pct": 9.061724719456167,
      "horizon_02_all_candidates_model_robust_mae": 0.596189054070337,
      "horizon_02_all_candidates_baseline_robust_mae": 0.6733494887504019,
      "horizon_02_all_candidates_improvement_pct": 11.459195554341155,
      "horizon_02_affected_candidates_model_robust_mae": 0.8982575784110322,
      "horizon_02_affected_candidates_baseline_robust_mae": 0.9973475087895826,
      "horizon_02_affected_candidates_improvement_pct": 9.935346457004698,
      "horizon_03_all_candidates_model_robust_mae": 0.6428821672911567,
      "horizon_03_all_candidates_baseline_robust_mae": 0.7308534943862844,
      "horizon_03_all_candidates_improvement_pct": 12.036793662593002,
      "horizon_03_affected_candidates_model_robust_mae": 0.9964928526972125,
      "horizon_03_affected_candidates_baseline_robust_mae": 1.116654747019574,
      "horizon_03_affected_candidates_improvement_pct": 10.760881520728011,
      "horizon_04_all_candidates_model_robust_mae": 0.6750646562027044,
      "horizon_04_all_candidates_baseline_robust_mae": 0.773284867237372,
      "horizon_04_all_candidates_improvement_pct": 12.701685393840425,
      "horizon_04_affected_candidates_model_robust_mae": 1.0643932653462698,
      "horizon_04_affected_candidates_baseline_robust_mae": 1.2040969431001207,
      "horizon_04_affected_candidates_improvement_pct": 11.602361301089575,
      "horizon_05_all_candidates_model_robust_mae": 0.7006506475997788,
      "horizon_05_all_candidates_baseline_robust_mae": 0.8061880555422644,
      "horizon_05_all_candidates_improvement_pct": 13.090916842162612,
      "horizon_05_affected_candidates_model_robust_mae": 1.1243301013208766,
      "horizon_05_affected_candidates_baseline_robust_mae": 1.2793815410253246,
      "horizon_05_affected_candidates_improvement_pct": 12.11924939765712,
      "horizon_06_all_candidates_model_robust_mae": 0.7234851002303949,
      "horizon_06_all_candidates_baseline_robust_mae": 0.837740935448321,
      "horizon_06_all_candidates_improvement_pct": 13.638564188913783,
      "horizon_06_affected_candidates_model_robust_mae": 1.1757078315963498,
      "horizon_06_affected_candidates_baseline_robust_mae": 1.346644229576236,
      "horizon_06_affected_candidates_improvement_pct": 12.693508368849335,
      "horizon_07_all_candidates_model_robust_mae": 0.7429928858319277,
      "horizon_07_all_candidates_baseline_robust_mae": 0.8643465291235348,
      "horizon_07_all_candidates_improvement_pct": 14.03992949617814,
      "horizon_07_affected_candidates_model_robust_mae": 1.2163530357374484,
      "horizon_07_affected_candidates_baseline_robust_mae": 1.401758678996387,
      "horizon_07_affected_candidates_improvement_pct": 13.22664493090087,
      "horizon_08_all_candidates_model_robust_mae": 0.7637646159061882,
      "horizon_08_all_candidates_baseline_robust_mae": 0.8908410379620302,
      "horizon_08_all_candidates_improvement_pct": 14.26476965481448,
      "horizon_08_affected_candidates_model_robust_mae": 1.2624975372543574,
      "horizon_08_affected_candidates_baseline_robust_mae": 1.459318947694711,
      "horizon_08_affected_candidates_improvement_pct": 13.487209958540783,
      "horizon_09_all_candidates_model_robust_mae": 0.7803399156148271,
      "horizon_09_all_candidates_baseline_robust_mae": 0.911975627290561,
      "horizon_09_all_candidates_improvement_pct": 14.434126059576592,
      "horizon_09_affected_candidates_model_robust_mae": 1.299012757216077,
      "horizon_09_affected_candidates_baseline_robust_mae": 1.5058868829427,
      "horizon_09_affected_candidates_improvement_pct": 13.737693585746879,
      "horizon_10_all_candidates_model_robust_mae": 0.7923550146082502,
      "horizon_10_all_candidates_baseline_robust_mae": 0.9289248027645703,
      "horizon_10_all_candidates_improvement_pct": 14.701920731352551,
      "horizon_10_affected_candidates_model_robust_mae": 1.3258205299417178,
      "horizon_10_affected_candidates_baseline_robust_mae": 1.5406091656416363,
      "horizon_10_affected_candidates_improvement_pct": 13.94179915906594,
      "horizon_11_all_candidates_model_robust_mae": 0.8069799608227817,
      "horizon_11_all_candidates_baseline_robust_mae": 0.9471625830397096,
      "horizon_11_all_candidates_improvement_pct": 14.800270273245241,
      "horizon_11_affected_candidates_model_robust_mae": 1.3569114522698842,
      "horizon_11_affected_candidates_baseline_robust_mae": 1.579863786064337,
      "horizon_11_affected_candidates_improvement_pct": 14.112123827450873,
      "horizon_12_all_candidates_model_robust_mae": 0.81943703361286,
      "horizon_12_all_candidates_baseline_robust_mae": 0.962095373567048,
      "horizon_12_all_candidates_improvement_pct": 14.827879217968839,
      "horizon_12_affected_candidates_model_robust_mae": 1.387938631608209,
      "horizon_12_affected_candidates_baseline_robust_mae": 1.6147309201281246,
      "horizon_12_affected_candidates_improvement_pct": 14.04520627510621,
      "affected_node_rate": 0.23427743925374256
    },
    "test": {
      "all_candidates_model_robust_mae": 0.7073518315984814,
      "all_candidates_baseline_robust_mae": 0.8328134175155775,
      "all_candidates_improvement_pct": 15.064789216697436,
      "affected_candidates_model_robust_mae": 1.1024511852026857,
      "affected_candidates_baseline_robust_mae": 1.293837023264936,
      "affected_candidates_improvement_pct": 14.792113273996238,
      "unaffected_candidates_model_robust_mae": 0.5219793260335669,
      "unaffected_candidates_baseline_robust_mae": 0.6165106205771105,
      "unaffected_candidates_improvement_pct": 15.333279166391916,
      "horizon_01_all_candidates_model_robust_mae": 0.5229196711670148,
      "horizon_01_all_candidates_baseline_robust_mae": 0.591224841429918,
      "horizon_01_all_candidates_improvement_pct": 11.553163107575541,
      "horizon_01_affected_candidates_model_robust_mae": 0.7339943943297199,
      "horizon_01_affected_candidates_baseline_robust_mae": 0.8144241979669616,
      "horizon_01_affected_candidates_improvement_pct": 9.875664774943791,
      "horizon_02_all_candidates_model_robust_mae": 0.5841130883310612,
      "horizon_02_all_candidates_baseline_robust_mae": 0.6647113468303868,
      "horizon_02_all_candidates_improvement_pct": 12.125302040299257,
      "horizon_02_affected_candidates_model_robust_mae": 0.8535686004928174,
      "horizon_02_affected_candidates_baseline_robust_mae": 0.9614806884368053,
      "horizon_02_affected_candidates_improvement_pct": 11.22353150113016,
      "horizon_03_all_candidates_model_robust_mae": 0.6301540898886353,
      "horizon_03_all_candidates_baseline_robust_mae": 0.7255605875606053,
      "horizon_03_all_candidates_improvement_pct": 13.149349524721911,
      "horizon_03_affected_candidates_model_robust_mae": 0.9449736873345281,
      "horizon_03_affected_candidates_baseline_robust_mae": 1.0792830611036868,