{
  "Alameda": {
    "region": "Alameda",
    "n_matched": 4561,
    "n_igs": 9360,
    "igs_mae_all": 13.073592185974121,
    "igs_mae_affected": 19.19353675842285,
    "igs_mae_unaffected": 12.63221549987793,
    "fdn_mae_all_same_windows": 12.297931671142578,
    "fdn_mae_affected_same_windows": 17.896066665649414,
    "fdn_mae_unaffected_same_windows": 11.894187927246094,
    "delta_fdn_minus_igs_all": -0.775660514831543,
    "delta_fdn_minus_igs_affected": -1.2974700927734375,
    "delta_fdn_minus_igs_unaffected": -0.7380275726318359,
    "per_horizon_all": [
      10.557717323303223,
      11.126279830932617,
      11.610616683959961,
      12.362710952758789,
      12.653865814208984,
      12.975071907043457,
      13.374396324157715,
      13.635705947875977,
      13.87304401397705,
      14.608467102050781,
      14.883868217468262,
      15.225131034851074
    ],
    "per_horizon_affected": [
      14.994058609008789,
      16.040685653686523,
      16.81600570678711,
      18.179292678833008,
      18.65239715576172,
      19.222850799560547,
      19.781478881835938,
      20.210742950439453,
      20.444110870361328,
      21.58534812927246,
      21.966747283935547,
      22.43531608581543
    ],
    "per_horizon_unaffected": [
      10.237805366516113,
      10.771829605102539,
      11.235174179077148,
      11.943209648132324,
      12.221240043640137,
      12.524490356445312,
      12.912209510803223,
      13.16144847869873,
      13.39908218383789,
      14.105332374572754,
      14.373098373413086,
      14.70523452758789
    ]
  },
  "ContraCosta": {
    "region": "ContraCosta",
    "n_matched": 1138,
    "n_igs": 4032,
    "igs_mae_all": 13.719865798950195,
    "igs_mae_affected": 19.779512405395508,
    "igs_mae_unaffected": 13.310269355773926,
    "fdn_mae_all_same_windows": 13.747980117797852,
    "fdn_mae_affected_same_windows": 19.91985511779785,
    "fdn_mae_unaffected_same_windows": 13.330794334411621,
    "delta_fdn_minus_igs_all": 0.02811431884765625,
    "delta_fdn_minus_igs_affected": 0.14034271240234375,
    "delta_fdn_minus_igs_unaffected": 0.020524978637695312,
    "per_horizon_all": [
      11.2385892868042,
      11.779580116271973,
      12.244354248046875,
      13.059843063354492,
      13.295886039733887,
      13.699546813964844,
      14.052928924560547,
      14.187962532043457,
      14.493266105651855,
      15.301101684570312,
      15.491484642028809,
      15.849285125732422
    ],
    "per_horizon_affected": [
      15.366180419921875,
      16.593271255493164,
      17.17829132080078,
      18.72032928466797,
      19.28628921508789,
      19.94835662841797,
      20.41879653930664,
      20.649951934814453,
      21.221595764160156,
      22.208650588989258,
      22.640398025512695,
      23.207866668701172
    ],
    "per_horizon_unaffected": [
      10.959831237792969,
      11.45431900024414,
      11.910880088806152,
      12.677315711975098,
      12.890942573547363,
      13.2770414352417,
      13.622485160827637,
      13.751075744628906,
      14.038300514221191,
      14.834189414978027,
      15.008146286010742,
      15.351873397827148
    ]
  },
  "Orange": {
    "region": "Orange",
    "n_matched": 9704,
    "n_igs": 14352,
    "igs_mae_all": 13.764723777770996,
    "igs_mae_affected": 19.14156150817871,
    "igs_mae_unaffected": 13.464841842651367,
    "fdn_mae_all_same_windows": 13.295644760131836,
    "fdn_mae_affected_same_windows": 18.301372528076172,
    "fdn_mae_unaffected_same_windows": 13.016459465026855,
    "delta_fdn_minus_igs_all": -0.46907901763916016,
    "delta_fdn_minus_igs_affected": -0.8401889801025391,
    "delta_fdn_minus_igs_unaffected": -0.4483823776245117,
    "per_horizon_all": [
      11.595490455627441,
      12.207329750061035,
      12.703117370605469,
      13.147398948669434,
      13.459833145141602,
      13.763360977172852,
      14.006538391113281,
      14.276348114013672,
      14.52614974975586,
      14.889884948730469,
      15.143067359924316,
      15.463281631469727
    ],
    "per_horizon_affected": [
      15.51171588897705,
      16.617883682250977,
      17.440427780151367,
      18.24773406982422,
      18.77574920654297,
      19.249521255493164,
      19.656396865844727,
      20.05132293701172,
      20.4193115234375,
      20.87813949584961,
      21.264944076538086,
      21.585363388061523
    ],
    "per_horizon_unaffected": [
      11.37723445892334,
      11.961472511291504,
      12.439010620117188,
      12.863020896911621,
      13.163381576538086,
      13.45736026763916,
      13.691373825073242,
      13.954179763793945,
      14.197383880615234,
      14.555792808532715,
      14.801465034484863,
      15.121641159057617
    ]
  }
}