{
  "metrics": {
    "val": {
      "all_candidates_model_robust_mae": 0.7147042126293323,
      "all_candidates_baseline_robust_mae": 0.8272501102632047,
      "all_candidates_improvement_pct": 13.604821110034537,
      "affected_candidates_model_robust_mae": 1.1564678521446725,
      "affected_candidates_baseline_robust_mae": 1.3240686546633906,
      "affected_candidates_improvement_pct": 12.658014516726565,
      "unaffected_candidates_model_robust_mae": 0.5306030233487051,
      "unaffected_candidates_baseline_robust_mae": 0.6202052552880885,
      "unaffected_candidates_improvement_pct": 14.447190051261762,
      "horizon_01_all_candidates_model_robust_mae": 0.5325077470417252,
      "horizon_01_all_candidates_baseline_robust_mae": 0.6003526860005128,
      "horizon_01_all_candidates_improvement_pct": 11.300847075535474,
      "horizon_01_affected_candidates_model_robust_mae": 0.7668920328815971,
      "horizon_01_affected_candidates_baseline_robust_mae": 0.8427632402965712,
      "horizon_01_affected_candidates_improvement_pct": 9.002671662360923,
      "horizon_02_all_candidates_model_robust_mae": 0.5962154953665159,
      "horizon_02_all_candidates_baseline_robust_mae": 0.6733494887504019,
      "horizon_02_all_candidates_improvement_pct": 11.455268723383286,
      "horizon_02_affected_candidates_model_robust_mae": 0.8988306254716052,
      "horizon_02_affected_candidates_baseline_robust_mae": 0.9973475126132015,
      "horizon_02_affected_candidates_improvement_pct": 9.877889691975787,
      "horizon_03_all_candidates_model_robust_mae": 0.6428462968241093,
      "horizon_03_all_candidates_baseline_robust_mae": 0.7308534904495786,
      "horizon_03_all_candidates_improvement_pct": 12.041701213102554,
      "horizon_03_affected_candidates_model_robust_mae": 0.9970168435438801,
      "horizon_03_affected_candidates_baseline_robust_mae": 1.1166547427176545,
      "horizon_03_affected_candidates_improvement_pct": 10.713956122427431,
      "horizon_04_all_candidates_model_robust_mae": 0.6749411741677827,
      "horizon_04_all_candidates_baseline_robust_mae": 0.7732848661126429,
      "horizon_04_all_candidates_improvement_pct": 12.717653772178535,
      "horizon_04_affected_candidates_model_robust_mae": 1.0647376965864657,
      "horizon_04_affected_candidates_baseline_robust_mae": 1.2040969552088483,
      "horizon_04_affected_candidates_improvement_pct": 11.573757247663751,
      "horizon_05_all_candidates_model_robust_mae": 0.7005572479639296,
      "horizon_05_all_candidates_baseline_robust_mae": 0.80618805385504,
      "horizon_05_all_candidates_improvement_pct": 13.102502001363542,
      "horizon_05_affected_candidates_model_robust_mae": 1.1246462982105243,
      "horizon_05_affected_candidates_baseline_robust_mae": 1.2793815399100616,
      "horizon_05_affected_candidates_improvement_pct": 12.094534497536596,
      "horizon_06_all_candidates_model_robust_mae": 0.7233610212340245,
      "horizon_06_all_candidates_baseline_robust_mae": 0.8377409271994909,
      "horizon_06_all_candidates_improvement_pct": 13.65337448032179,
      "horizon_06_affected_candidates_model_robust_mae": 1.175892794384916,
      "horizon_06_affected_candidates_baseline_robust_mae": 1.346644237542608,
      "horizon_06_affected_candidates_improvement_pct": 12.679773796031217,
      "horizon_07_all_candidates_model_robust_mae": 0.742976939176314,
      "horizon_07_all_candidates_baseline_robust_mae": 0.8643465388721971,
      "horizon_07_all_candidates_improvement_pct": 14.041775403444857,
      "horizon_07_affected_candidates_model_robust_mae": 1.2166482303391288,
      "horizon_07_affected_candidates_baseline_robust_mae": 1.4017586805897237,
      "horizon_07_affected_candidates_improvement_pct": 13.205586155009108,
      "horizon_08_all_candidates_model_robust_mae": 0.7637468850476817,
      "horizon_08_all_candidates_baseline_robust_mae": 0.8908410368372225,
      "horizon_08_all_candidates_improvement_pct": 14.266759897003244,
      "horizon_08_affected_candidates_model_robust_mae": 1.262755268258686,
      "horizon_08_affected_candidates_baseline_robust_mae": 1.4593189470573813,
      "horizon_08_affected_candidates_improvement_pct": 13.469548873812181,
      "horizon_09_all_candidates_model_robust_mae": 0.7804394479240881,
      "horizon_09_all_candidates_baseline_robust_mae": 0.9119756261656342,
      "horizon_09_all_candidates_improvement_pct": 14.423212031947035,
      "horizon_09_affected_candidates_model_robust_mae": 1.2992625895818815,
      "horizon_09_affected_candidates_baseline_robust_mae": 1.5058868737007916,
      "horizon_09_affected_candidates_improvement_pct": 13.721102675602763,
      "horizon_10_all_candidates_model_robust_mae": 0.7923367007943073,
      "horizon_10_all_candidates_baseline_robust_mae": 0.9289248031395567,
      "horizon_10_all_candidates_improvement_pct": 14.703892272400562,
      "horizon_10_affected_candidates_model_robust_mae": 1.3258623953361792,
      "horizon_10_affected_candidates_baseline_robust_mae": 1.5406091605425325,
      "horizon_10_affected_candidates_improvement_pct": 13.939081417036961,
      "horizon_11_all_candidates_model_robust_mae": 0.8069948558904959,
      "horizon_11_all_candidates_baseline_robust_mae": 0.9471625751648224,
      "horizon_11_all_candidates_improvement_pct": 14.798696966034042,
      "horizon_11_affected_candidates_model_robust_mae": 1.3570719139810647,
      "horizon_11_affected_candidates_baseline_robust_mae": 1.5798637806463696,
      "horizon_11_affected_candidates_improvement_pct": 14.101966852746887,
      "horizon_12_all_candidates_model_robust_mae": 0.8196157338144165,
      "horizon_12_all_candidates_baseline_robust_mae": 0.962095373567048,
      "horizon_12_all_candidates_improvement_pct": 14.809305154890874,
      "horizon_12_affected_candidates_model_robust_mae": 1.3881827474160164,
      "horizon_12_affected_candidates_baseline_robust_mae": 1.6147309258643616,
      "horizon_12_affected_candidates_improvement_pct": 14.030088531751783,
      "affected_node_rate": 0.23427743925374256
    },
    "test": {
      "all_candidates_model_robust_mae": 0.7077095737067378,
      "all_candidates_baseline_robust_mae": 0.8328134196658367,
      "all_candidates_improvement_pct": 15.021833583000657,
      "affected_candidates_model_robust_mae": 1.1035131271636047,
      "affected_candidates_baseline_robust_mae": 1.293837027683651,
      "affected_candidates_improvement_pct": 14.710036615722933,
      "unaffected_candidates_model_robust_mae": 0.5220066766775491,
      "unaffected_candidates_baseline_robust_mae": 0.6165106195898865,
      "unaffected_candidates_improvement_pct": 15.328842668631255,
      "horizon_01_all_candidates_model_robust_mae": 0.5229079905456048,
      "horizon_01_all_candidates_baseline_robust_mae": 0.5912248439472282,
      "horizon_01_all_candidates_improvement_pct": 11.555139149010671,
      "horizon_01_affected_candidates_model_robust_mae": 0.7342738003462137,
      "horizon_01_affected_candidates_baseline_robust_mae": 0.8144241910254835,
      "horizon_01_affected_candidates_improvement_pct": 9.841356821480007,
      "horizon_02_all_candidates_model_robust_mae": 0.5841777060244719,
      "horizon_02_all_candidates_baseline_robust_mae": 0.6647113446148724,
      "horizon_02_all_candidates_improvement_pct": 12.115580581381662,
      "horizon_02_affected_candidates_model_robust_mae": 0.8540917781323305,
      "horizon_02_affected_candidates_baseline_robust_mae": 0.9614806863858398,
      "horizon_02_affected_candidates_improvement_pct": 11.16911756773598,
      "horizon_03_all_candidates_model_robust_mae": 0.630250525618826,
      "horizon_03_all_candidates_baseline_robust_mae": 0.7255605942083166,
      "horizon_03_all_candidates_improvement_pct": 13.136059117638085,
      "horizon_03_affected_candidates_model_robust_mae": 0.9456171553052712,
      "horizon_03_affected_candidates_baseline_robust_mae": 1.0792830623658292,