group,label,samples,source_all_mae,source_affected_mae,source_unaffected_mae,adapter_all_mae,adapter_affected_mae,adapter_unaffected_mae,all_delta,affected_delta,unaffected_delta
overall,all test events,27499,0.7075284829132151,1.1021290314300882,0.5223900088174734,0.7073001243168024,1.1018135225630052,0.5222025515792752,-0.00022835859641268108,-0.00031550886708298087,-0.0001874572381982409
severity_low,severity <= 1.557,9167,0.5699663124403138,0.8362681306787395,0.5038067052232063,0.5697817664994639,0.8359416399477867,0.5036574218343359,-0.00018454594084993392,-0.0003264907309528109,-0.00014928338887032488
severity_mid,1.557 < severity <= 2.578,9167,0.6619068212118702,0.9600897260219046,0.5242734319975974,0.661602304820002,0.9596232066077782,0.5240436919439817,-0.00030451639186812596,-0.0004665194141263429,-0.00022974005361564576
severity_high,severity > 2.578,9165,0.8340806650433672,1.2835414815661446,0.5362009946371183,0.8338904910409374,1.2833330008712305,0.5360229690066799,-0.00019017400242982152,-0.0002084806949140816,-0.00017802563043844977
recovery_short_lt30,recovery < 30 min,12563,0.6065161953340562,0.9378633128246259,0.5047306017851748,0.6062894614849519,0.9375086315552197,0.5045431812693179,-0.00022673384910432137,-0.0003546812694061874,-0.00018742051585696196
recovery_mid_30_90,30 <= recovery < 90 min,3380,0.6697321161957819,1.0276247439130548,0.5202882507032417,0.6694403991034161,1.0270548147348986,0.5201126995412048,-0.00029171709236575083,-0.0005699291781562366,-0.00017555116203693544
recovery_long_ge90,recovery >= 90 min,11556,0.79082735054456,1.1891926843101461,0.5391099926548031,0.7906136582654297,1.188943033423904,0.5389190634570837,-0.000213692279130262,-0.0002496508862421809,-0.00019092919771934724
severity_high_and_long,severity high and recovery >= 90 min,8029,0.8375846330736829,1.2705793719340213,0.5402885131514297,0.8374106991625919,1.2703955097726853,0.5401214238558655,-0.00017393391109099543,-0.0001838621613359237,-0.00016708929556419339
