epoch,train_loss,val_loss,val_residual_loss,val_impact_loss,val_event_aux_loss,val_node_aux_loss
1,0.4033128023147583,0.5301460027694702,0.4980964958667755,0.2267659455537796,0.46088314056396484,1.1415940523147583
