{
  "metrics": {
    "val": {
      "all_candidates_model_robust_mae": 0.714245341274617,
      "all_candidates_baseline_robust_mae": 0.8272501102632047,
      "all_candidates_improvement_pct": 13.660290592482745,
      "affected_candidates_model_robust_mae": 1.1630776954363105,
      "affected_candidates_baseline_robust_mae": 1.3240686546633906,
      "affected_candidates_improvement_pct": 12.15880752558166,
      "unaffected_candidates_model_robust_mae": 0.5271983227515092,
      "unaffected_candidates_baseline_robust_mae": 0.6202052552880885,
      "unaffected_candidates_improvement_pct": 14.996153570704111,
      "horizon_01_all_candidates_model_robust_mae": 0.5326455774817602,
      "horizon_01_all_candidates_baseline_robust_mae": 0.6003526860005128,
      "horizon_01_all_candidates_improvement_pct": 11.277888830615606,
      "horizon_01_affected_candidates_model_robust_mae": 0.7687611418522132,
      "horizon_01_affected_candidates_baseline_robust_mae": 0.8427632402965712,
      "horizon_01_affected_candidates_improvement_pct": 8.780888262083717,
      "horizon_02_all_candidates_model_robust_mae": 0.5962399979526622,
      "horizon_02_all_candidates_baseline_robust_mae": 0.6733494887504019,
      "horizon_02_all_candidates_improvement_pct": 11.45162981274984,
      "horizon_02_affected_candidates_model_robust_mae": 0.9017145721720407,
      "horizon_02_affected_candidates_baseline_robust_mae": 0.9973475126132015,
      "horizon_02_affected_candidates_improvement_pct": 9.588728024255868,
      "horizon_03_all_candidates_model_robust_mae": 0.642974605409425,
      "horizon_03_all_candidates_baseline_robust_mae": 0.7308534904495786,
      "horizon_03_all_candidates_improvement_pct": 12.02414522041834,
      "horizon_03_affected_candidates_model_robust_mae": 1.0013590963939891,
      "horizon_03_affected_candidates_baseline_robust_mae": 1.1166547427176545,
      "horizon_03_affected_candidates_improvement_pct": 10.325093505900044,
      "horizon_04_all_candidates_model_robust_mae": 0.6754049218434476,
      "horizon_04_all_candidates_baseline_robust_mae": 0.7732848661126429,
      "horizon_04_all_candidates_improvement_pct": 12.657682641746844,
      "horizon_04_affected_candidates_model_robust_mae": 1.0707745704753941,
      "horizon_04_affected_candidates_baseline_robust_mae": 1.2040969552088483,
      "horizon_04_affected_candidates_improvement_pct": 11.07239613527049,
      "horizon_05_all_candidates_model_robust_mae": 0.7005919555764546,
      "horizon_05_all_candidates_baseline_robust_mae": 0.80618805385504,
      "horizon_05_all_candidates_improvement_pct": 13.098196850430204,
      "horizon_05_affected_candidates_model_robust_mae": 1.130903998981886,
      "horizon_05_affected_candidates_baseline_robust_mae": 1.2793815399100616,
      "horizon_05_affected_candidates_improvement_pct": 11.605415296097933,
      "horizon_06_all_candidates_model_robust_mae": 0.7227941936394063,
      "horizon_06_all_candidates_baseline_robust_mae": 0.8377409271994909,
      "horizon_06_all_candidates_improvement_pct": 13.721035922685957,
      "horizon_06_affected_candidates_model_robust_mae": 1.1825983651933831,
      "horizon_06_affected_candidates_baseline_robust_mae": 1.346644237542608,
      "horizon_06_affected_candidates_improvement_pct": 12.1818270762128,
      "horizon_07_all_candidates_model_robust_mae": 0.7422512981521228,
      "horizon_07_all_candidates_baseline_robust_mae": 0.8643465388721971,
      "horizon_07_all_candidates_improvement_pct": 14.125727960845976,
      "horizon_07_affected_candidates_model_robust_mae": 1.2237262114337288,
      "horizon_07_affected_candidates_baseline_robust_mae": 1.4017586805897237,
      "horizon_07_affected_candidates_improvement_pct": 12.700650377359972,
      "horizon_08_all_candidates_model_robust_mae": 0.7631317699247887,
      "horizon_08_all_candidates_baseline_robust_mae": 0.8908410368372225,
      "horizon_08_all_candidates_improvement_pct": 14.335808705652303,
      "horizon_08_affected_candidates_model_robust_mae": 1.2710162505773697,
      "horizon_08_affected_candidates_baseline_robust_mae": 1.4593189470573813,
      "horizon_08_affected_candidates_improvement_pct": 12.903464102875617,
      "horizon_09_all_candidates_model_robust_mae": 0.7795918257586218,
      "horizon_09_all_candidates_baseline_robust_mae": 0.9119756261656342,
      "horizon_09_all_candidates_improvement_pct": 14.516155542842178,
      "horizon_09_affected_candidates_model_robust_mae": 1.3078341142900993,
      "horizon_09_affected_candidates_baseline_robust_mae": 1.5058868737007916,
      "horizon_09_affected_candidates_improvement_pct": 13.15190157172748,
      "horizon_10_all_candidates_model_robust_mae": 0.79168939644395,
      "horizon_10_all_candidates_baseline_robust_mae": 0.9289248031395567,
      "horizon_10_all_candidates_improvement_pct": 14.77357545323173,
      "horizon_10_affected_candidates_model_robust_mae": 1.3350778105510206,
      "horizon_10_affected_candidates_baseline_robust_mae": 1.5406091605425325,
      "horizon_10_affected_candidates_improvement_pct": 13.340914441864873,
      "horizon_11_all_candidates_model_robust_mae": 0.8058079114221568,
      "horizon_11_all_candidates_baseline_robust_mae": 0.9471625751648224,
      "horizon_11_all_candidates_improvement_pct": 14.924012777644585,
      "horizon_11_affected_candidates_model_robust_mae": 1.366398743214869,
      "horizon_11_affected_candidates_baseline_robust_mae": 1.5798637806463696,
      "horizon_11_affected_candidates_improvement_pct": 13.511610307577635,
      "horizon_12_all_candidates_model_robust_mae": 0.8179090945874028,
      "horizon_12_all_candidates_baseline_robust_mae": 0.962095373567048,
      "horizon_12_all_candidates_improvement_pct": 14.9866928935603,
      "horizon_12_affected_candidates_model_robust_mae": 1.396955143358763,
      "horizon_12_affected_candidates_baseline_robust_mae": 1.6147309258643616,
      "horizon_12_affected_candidates_improvement_pct": 13.48681560607528,
      "affected_node_rate": 0.23427743925374256
    },
    "test": {
      "all_candidates_model_robust_mae": 0.7073802428381835,
      "all_candidates_baseline_robust_mae": 0.8328134196658367,
      "all_candidates_improvement_pct": 15.061377958820932,
      "affected_candidates_model_robust_mae": 1.1102720677152216,
      "affected_candidates_baseline_robust_mae": 1.293837027683651,
      "affected_candidates_improvement_pct": 14.18764156851074,
      "unaffected_candidates_model_robust_mae": 0.5183516779309602,
      "unaffected_candidates_baseline_robust_mae": 0.6165106195898865,
      "unaffected_candidates_improvement_pct": 15.921695189001511,
      "horizon_01_all_candidates_model_robust_mae": 0.5229097890127048,
      "horizon_01_all_candidates_baseline_robust_mae": 0.5912248439472282,
      "horizon_01_all_candidates_improvement_pct": 11.554834955586047,
      "horizon_01_affected_candidates_model_robust_mae": 0.7357825109258362,
      "horizon_01_affected_candidates_baseline_robust_mae": 0.8144241910254835,
      "horizon_01_affected_candidates_improvement_pct": 9.65610807810429,
      "horizon_02_all_candidates_model_robust_mae": 0.5840048886493734,
      "horizon_02_all_candidates_baseline_robust_mae": 0.6647113446148724,
      "horizon_02_all_candidates_improvement_pct": 12.141579441864279,
      "horizon_02_affected_candidates_model_robust_mae": 0.856603029066561,
      "horizon_02_affected_candidates_baseline_robust_mae": 0.9614806863858398,
      "horizon_02_affected_candidates_improvement_pct": 10.90793177692512,
      "horizon_03_all_candidates_model_robust_mae": 0.6300998915006478,
      "horizon_03_all_candidates_baseline_robust_mae": 0.7255605942083166,
      "horizon_03_all_candidates_improvement_pct": 13.156820184236878,
      "horizon_03_affected_candidates_model_robust_mae": 0.9491259123257617,
      "horizon_03_affected_candidates_baseline_robust_mae": 1.0792830623658292,