{
  "metrics": {
    "val": {
      "all_candidates_model_robust_mae": 0.7221976812925678,
      "all_candidates_baseline_robust_mae": 0.8342644371265286,
      "all_candidates_improvement_pct": 13.433001677496204,
      "affected_candidates_model_robust_mae": 1.160947869879731,
      "affected_candidates_baseline_robust_mae": 1.3253566192646196,
      "affected_candidates_improvement_pct": 12.404868772309104,
      "unaffected_candidates_model_robust_mae": 0.5336780207890517,
      "unaffected_candidates_baseline_robust_mae": 0.6232547673964065,
      "unaffected_candidates_improvement_pct": 14.372412582025488,
      "horizon_01_all_candidates_model_robust_mae": 0.5383093692711955,
      "horizon_01_all_candidates_baseline_robust_mae": 0.6060511979248465,
      "horizon_01_all_candidates_improvement_pct": 11.177575242092221,
      "horizon_01_affected_candidates_model_robust_mae": 0.780797065126137,
      "horizon_01_affected_candidates_baseline_robust_mae": 0.8545475629829588,
      "horizon_01_affected_candidates_improvement_pct": 8.63035611492259,
      "horizon_02_all_candidates_model_robust_mae": 0.6033714109617248,
      "horizon_02_all_candidates_baseline_robust_mae": 0.6792279001471947,
      "horizon_02_all_candidates_improvement_pct": 11.168046714369531,
      "horizon_02_affected_candidates_model_robust_mae": 0.9077482093923819,
      "horizon_02_affected_candidates_baseline_robust_mae": 1.0048633651577705,
      "horizon_02_affected_candidates_improvement_pct": 9.664513518227515,
      "horizon_03_all_candidates_model_robust_mae": 0.6515105671838654,
      "horizon_03_all_candidates_baseline_robust_mae": 0.7388729911286108,
      "horizon_03_all_candidates_improvement_pct": 11.82374034423717,
      "horizon_03_affected_candidates_model_robust_mae": 1.0111884416548818,
      "horizon_03_affected_candidates_baseline_robust_mae": 1.1264019839049626,
      "horizon_03_affected_candidates_improvement_pct": 10.228456971521254,
      "horizon_04_all_candidates_model_robust_mae": 0.679548662354266,
      "horizon_04_all_candidates_baseline_robust_mae": 0.7777049113828819,
      "horizon_04_all_candidates_improvement_pct": 12.621271589255953,
      "horizon_04_affected_candidates_model_robust_mae": 1.06696870374587,
      "horizon_04_affected_candidates_baseline_robust_mae": 1.2044959379005613,
      "horizon_04_affected_candidates_improvement_pct": 11.417824654054177,
      "horizon_05_all_candidates_model_robust_mae": 0.7055569762585487,
      "horizon_05_all_candidates_baseline_robust_mae": 0.8121778471294635,
      "horizon_05_all_candidates_improvement_pct": 13.127773830294966,
      "horizon_05_affected_candidates_model_robust_mae": 1.1252451737543716,
      "horizon_05_affected_candidates_baseline_robust_mae": 1.2799844469058044,
      "horizon_05_affected_candidates_improvement_pct": 12.089152608494173,
      "horizon_06_all_candidates_model_robust_mae": 0.7323111498311284,
      "horizon_06_all_candidates_baseline_robust_mae": 0.8464704588017717,
      "horizon_06_all_candidates_improvement_pct": 13.48650833394026,
      "horizon_06_affected_candidates_model_robust_mae": 1.1802556971735634,
      "horizon_06_affected_candidates_baseline_robust_mae": 1.3513120374318337,
      "horizon_06_affected_candidates_improvement_pct": 12.658537445086527,
      "horizon_07_all_candidates_model_robust_mae": 0.7543005517825386,
      "horizon_07_all_candidates_baseline_robust_mae": 0.8747980381006856,
      "horizon_07_all_candidates_improvement_pct": 13.774320594015574,
      "horizon_07_affected_candidates_model_robust_mae": 1.2210416150571364,
      "horizon_07_affected_candidates_baseline_robust_mae": 1.4029683934324289,
      "horizon_07_affected_candidates_improvement_pct": 12.967275615539702,
      "horizon_08_all_candidates_model_robust_mae": 0.7741471982486533,
      "horizon_08_all_candidates_baseline_robust_mae": 0.9004718298632542,
      "horizon_08_all_candidates_improvement_pct": 14.028715549467508,
      "horizon_08_affected_candidates_model_robust_mae": 1.2728480693072772,
      "horizon_08_affected_candidates_baseline_robust_mae": 1.4661330620311295,
      "horizon_08_affected_candidates_improvement_pct": 13.183318603843635,
      "horizon_09_all_candidates_model_robust_mae": 0.7865801859947188,
      "horizon_09_all_candidates_baseline_robust_mae": 0.9181474510016505,
      "horizon_09_all_candidates_improvement_pct": 14.329644422951755,
      "horizon_09_affected_candidates_model_robust_mae": 1.295609073156061,
      "horizon_09_affected_candidates_baseline_robust_mae": 1.499009289704839,
      "horizon_09_affected_candidates_improvement_pct": 13.568976386319019,
      "horizon_10_all_candidates_model_robust_mae": 0.7975633321756077,
      "horizon_10_all_candidates_baseline_robust_mae": 0.9325457466778154,
      "horizon_10_all_candidates_improvement_pct": 14.474615854834056,
      "horizon_10_affected_candidates_model_robust_mae": 1.3207023883295055,
      "horizon_10_affected_candidates_baseline_robust_mae": 1.5298621176509946,
      "horizon_10_affected_candidates_improvement_pct": 13.671802635563031,
      "horizon_11_all_candidates_model_robust_mae": 0.8149881777829047,
      "horizon_11_all_candidates_baseline_robust_mae": 0.9551026291148939,
      "horizon_11_all_candidates_improvement_pct": 14.67009377430309,
      "horizon_11_affected_candidates_model_robust_mae": 1.3609665360508651,
      "horizon_11_affected_candidates_baseline_robust_mae": 1.5776494895939615,
      "horizon_11_affected_candidates_improvement_pct": 13.734543380663334,
      "horizon_12_all_candidates_model_robust_mae": 0.8283263521795348,
      "horizon_12_all_candidates_baseline_robust_mae": 0.9697845720630153,
      "horizon_12_all_candidates_improvement_pct": 14.586561176422668,
      "horizon_12_affected_candidates_model_robust_mae": 1.3880578476273782,
      "horizon_12_affected_candidates_baseline_robust_mae": 1.6071197841651788,
      "horizon_12_affected_candidates_improvement_pct": 13.630716185327325,
      "affected_node_rate": 0.24013498613385012
    },
    "test": {
      "all_candidates_model_robust_mae": 0.7036475259356478,
      "all_candidates_baseline_robust_mae": 0.8294129248937248,
      "all_candidates_improvement_pct": 15.163182919315084,
      "affected_candidates_model_robust_mae": 1.0907173664921919,
      "affected_candidates_baseline_robust_mae": 1.2852424294941056,
      "affected_candidates_improvement_pct": 15.135281759915308,
      "unaffected_candidates_model_robust_mae": 0.5222465964407216,
      "unaffected_candidates_baseline_robust_mae": 0.6157876679292987,
      "unaffected_candidates_improvement_pct": 15.190474957565568,
      "horizon_01_all_candidates_model_robust_mae": 0.5197105302086131,
      "horizon_01_all_candidates_baseline_robust_mae": 0.5881859476425729,
      "horizon_01_all_candidates_improvement_pct": 11.641797582619354,
      "horizon_01_affected_candidates_model_robust_mae": 0.7252893887545973,
      "horizon_01_affected_candidates_baseline_robust_mae": 0.8081600071993823,
      "horizon_01_affected_candidates_improvement_pct": 10.25423402625019,
      "horizon_02_all_candidates_model_robust_mae": 0.5843224859248135,
      "horizon_02_all_candidates_baseline_robust_mae": 0.6646552226633144,
      "horizon_02_all_candidates_improvement_pct": 12.086377116936312,
      "horizon_02_affected_candidates_model_robust_mae": 0.8520749948600754,
      "horizon_02_affected_candidates_baseline_robust_mae": 0.9598749413821493,
      "horizon_02_affected_candidates_improvement_pct": 11.230624102640904,
      "horizon_03_all_candidates_model_robust_mae": 0.6299012733601965,
      "horizon_03_all_candidates_baseline_robust_mae": 0.7268808232295673,
      "horizon_03_all_candidates_improvement_pct": 13.341877618738904,
      "horizon_03_affected_candidates_model_robust_mae": 0.9418094766101508,
      "horizon_03_affected_candidates_baseline_robust_mae": 1.0790258103039858,