{
  "metrics": {
    "val": {
      "all_candidates_model_robust_mae": 0.7063095426639954,
      "all_candidates_baseline_robust_mae": 0.8218168955266894,
      "all_candidates_improvement_pct": 14.055120245327537,
      "affected_candidates_model_robust_mae": 1.1446080592614987,
      "affected_candidates_baseline_robust_mae": 1.3219001566627873,
      "affected_candidates_improvement_pct": 13.411912882200774,
      "unaffected_candidates_model_robust_mae": 0.5275403656284142,
      "unaffected_candidates_baseline_robust_mae": 0.61784753074361,
      "unaffected_candidates_improvement_pct": 14.616415963742162,
      "horizon_01_all_candidates_model_robust_mae": 0.5276330419089841,
      "horizon_01_all_candidates_baseline_robust_mae": 0.5962882562139349,
      "horizon_01_all_candidates_improvement_pct": 11.513762612208625,
      "horizon_01_affected_candidates_model_robust_mae": 0.7551784069504577,
      "horizon_01_affected_candidates_baseline_robust_mae": 0.8344840325924084,
      "horizon_01_affected_candidates_improvement_pct": 9.503552200463306,
      "horizon_02_all_candidates_model_robust_mae": 0.5868871143717701,
      "horizon_02_all_candidates_baseline_robust_mae": 0.6658843715040266,
      "horizon_02_all_candidates_improvement_pct": 11.86350971923641,
      "horizon_02_affected_candidates_model_robust_mae": 0.8724666561435499,
      "horizon_02_affected_candidates_baseline_robust_mae": 0.9774392147804691,
      "horizon_02_affected_candidates_improvement_pct": 10.739548511003402,
      "horizon_03_all_candidates_model_robust_mae": 0.6273200193436123,
      "horizon_03_all_candidates_baseline_robust_mae": 0.7185090952063633,
      "horizon_03_all_candidates_improvement_pct": 12.691429582608219,
      "horizon_03_affected_candidates_model_robust_mae": 0.9587891082180291,
      "horizon_03_affected_candidates_baseline_robust_mae": 1.0872712219027152,
      "horizon_03_affected_candidates_improvement_pct": 11.816933171453165,
      "horizon_04_all_candidates_model_robust_mae": 0.6660038754082412,
      "horizon_04_all_candidates_baseline_robust_mae": 0.7657993089091717,
      "horizon_04_all_candidates_improvement_pct": 13.031538725607128,
      "horizon_04_affected_candidates_model_robust_mae": 1.0423450445668214,
      "horizon_04_affected_candidates_baseline_robust_mae": 1.187129710212055,
      "horizon_04_affected_candidates_improvement_pct": 12.196195950598437,
      "horizon_05_all_candidates_model_robust_mae": 0.6895135545912717,
      "horizon_05_all_candidates_baseline_robust_mae": 0.7988252337375981,
      "horizon_05_all_candidates_improvement_pct": 13.684054350019888,
      "horizon_05_affected_candidates_model_robust_mae": 1.113006989324413,
      "horizon_05_affected_candidates_baseline_robust_mae": 1.2785870320543862,
      "horizon_05_affected_candidates_improvement_pct": 12.950236360830697,
      "horizon_06_all_candidates_model_robust_mae": 0.7114209182280131,
      "horizon_06_all_candidates_baseline_robust_mae": 0.8271635783460651,
      "horizon_06_all_candidates_improvement_pct": 13.992717178080111,
      "horizon_06_affected_candidates_model_robust_mae": 1.156446142828239,
      "horizon_06_affected_candidates_baseline_robust_mae": 1.3361698395531605,
      "horizon_06_affected_candidates_improvement_pct": 13.450662588299723,
      "horizon_07_all_candidates_model_robust_mae": 0.7334852836027024,
      "horizon_07_all_candidates_baseline_robust_mae": 0.858166968062765,
      "horizon_07_all_candidates_improvement_pct": 14.528837522320439,
      "horizon_07_affected_candidates_model_robust_mae": 1.2057041448343562,
      "horizon_07_affected_candidates_baseline_robust_mae": 1.3967604616314748,
      "horizon_07_affected_candidates_improvement_pct": 13.678531290466003,
      "horizon_08_all_candidates_model_robust_mae": 0.7538891368150724,
      "horizon_08_all_candidates_baseline_robust_mae": 0.8832959658675688,
      "horizon_08_all_candidates_improvement_pct": 14.650449458964031,
      "horizon_08_affected_candidates_model_robust_mae": 1.2557232997411003,
      "horizon_08_affected_candidates_baseline_robust_mae": 1.4631506116568287,
      "horizon_08_affected_candidates_improvement_pct": 14.176757352467206,
      "horizon_09_all_candidates_model_robust_mae": 0.7755632062778791,
      "horizon_09_all_candidates_baseline_robust_mae": 0.911461154010255,
      "horizon_09_all_candidates_improvement_pct": 14.90990012404268,
      "horizon_09_affected_candidates_model_robust_mae": 1.3035604411592583,
      "horizon_09_affected_candidates_baseline_robust_mae": 1.5233428841570864,
      "horizon_09_affected_candidates_improvement_pct": 14.427641031023732,
      "horizon_10_all_candidates_model_robust_mae": 0.7833711164451821,
      "horizon_10_all_candidates_baseline_robust_mae": 0.9254124753679269,
      "horizon_10_all_candidates_improvement_pct": 15.348978180380787,
      "horizon_10_affected_candidates_model_robust_mae": 1.3156718591465477,
      "horizon_10_affected_candidates_baseline_robust_mae": 1.546078364021281,
      "horizon_10_affected_candidates_improvement_pct": 14.902640786942792,
      "horizon_11_all_candidates_model_robust_mae": 0.8039204085188953,
      "horizon_11_all_candidates_baseline_robust_mae": 0.9489044073320523,
      "horizon_11_all_candidates_improvement_pct": 15.279094257849975,
      "horizon_11_affected_candidates_model_robust_mae": 1.3621199118360472,
      "horizon_11_affected_candidates_baseline_robust_mae": 1.6002096545868667,
      "horizon_11_affected_candidates_improvement_pct": 14.878659309944496,
      "horizon_12_all_candidates_model_robust_mae": 0.8167913794581295,
      "horizon_12_all_candidates_baseline_robust_mae": 0.9622013421720407,
      "horizon_12_all_candidates_improvement_pct": 15.112217821861238,
      "horizon_12_affected_candidates_model_robust_mae": 1.394563387137422,
      "horizon_12_affected_candidates_baseline_robust_mae": 1.6325335039184443,
      "horizon_12_affected_candidates_improvement_pct": 14.576737090530829,
      "affected_node_rate": 0.23040841625624014
    },
    "test": {
      "all_candidates_model_robust_mae": 0.7068233776820809,
      "all_candidates_baseline_robust_mae": 0.8305550364254245,
      "all_candidates_improvement_pct": 14.897466551508106,
      "affected_candidates_model_robust_mae": 1.1021571449457892,
      "affected_candidates_baseline_robust_mae": 1.2884272338216156,
      "affected_candidates_improvement_pct": 14.457167932047588,
      "unaffected_candidates_model_robust_mae": 0.5216222529386298,
      "unaffected_candidates_baseline_robust_mae": 0.6160567390956753,
      "unaffected_candidates_improvement_pct": 15.328861801863917,
      "horizon_01_all_candidates_model_robust_mae": 0.5232389129903925,
      "horizon_01_all_candidates_baseline_robust_mae": 0.5892743027932625,
      "horizon_01_all_candidates_improvement_pct": 11.206222550321783,
      "horizon_01_affected_candidates_model_robust_mae": 0.731134088584686,
      "horizon_01_affected_candidates_baseline_robust_mae": 0.8069023415990327,
      "horizon_01_affected_candidates_improvement_pct": 9.390015260607292,
      "horizon_02_all_candidates_model_robust_mae": 0.5838895798981664,
      "horizon_02_all_candidates_baseline_robust_mae": 0.6626268641148148,
      "horizon_02_all_candidates_improvement_pct": 11.882597654991152,
      "horizon_02_affected_candidates_model_robust_mae": 0.8562879035058311,
      "horizon_02_affected_candidates_baseline_robust_mae": 0.9595132187073445,
      "horizon_02_affected_candidates_improvement_pct": 10.75809203968847,
      "horizon_03_all_candidates_model_robust_mae": 0.6252386306102836,
      "horizon_03_all_candidates_baseline_robust_mae": 0.7171255447682209,
      "horizon_03_all_candidates_improvement_pct": 12.813225637867307,
      "horizon_03_affected_candidates_model_robust_mae": 0.9310688081101226,
      "horizon_03_affected_candidates_baseline_robust_mae": 1.0557178274597083,