{
  "metrics": {
    "val": {
      "all_candidates_model_robust_mae": 0.7130866741913362,
      "all_candidates_baseline_robust_mae": 0.8193069386501315,
      "all_candidates_improvement_pct": 12.96464846664194,
      "affected_candidates_model_robust_mae": 1.1484891477213046,
      "affected_candidates_baseline_robust_mae": 1.3051837181763872,
      "affected_candidates_improvement_pct": 12.005556633361737,
      "unaffected_candidates_model_robust_mae": 0.5350958032196685,
      "unaffected_candidates_baseline_robust_mae": 0.6206823743310808,
      "unaffected_candidates_improvement_pct": 13.789109317571683,
      "horizon_01_all_candidates_model_robust_mae": 0.5464077130133091,
      "horizon_01_all_candidates_baseline_robust_mae": 0.6110569630504538,
      "horizon_01_all_candidates_improvement_pct": 10.57990563014117,
      "horizon_01_affected_candidates_model_robust_mae": 0.8080357555182555,
      "horizon_01_affected_candidates_baseline_robust_mae": 0.8759459102289072,
      "horizon_01_affected_candidates_improvement_pct": 7.752779471612018,
      "horizon_02_all_candidates_model_robust_mae": 0.5957745187197101,
      "horizon_02_all_candidates_baseline_robust_mae": 0.66884496391648,
      "horizon_02_all_candidates_improvement_pct": 10.924870356935859,
      "horizon_02_affected_candidates_model_robust_mae": 0.9026106922202574,
      "horizon_02_affected_candidates_baseline_robust_mae": 1.0102059170697706,
      "horizon_02_affected_candidates_improvement_pct": 10.650821088200187,
      "horizon_03_all_candidates_model_robust_mae": 0.6483193253110426,
      "horizon_03_all_candidates_baseline_robust_mae": 0.73141583301067,
      "horizon_03_all_candidates_improvement_pct": 11.361048523872354,
      "horizon_03_affected_candidates_model_robust_mae": 1.0092148654548097,
      "horizon_03_affected_candidates_baseline_robust_mae": 1.1262148536018286,
      "horizon_03_affected_candidates_improvement_pct": 10.388780415462724,
      "horizon_04_all_candidates_model_robust_mae": 0.6820885249397115,
      "horizon_04_all_candidates_baseline_robust_mae": 0.7685962853837603,
      "horizon_04_all_candidates_improvement_pct": 11.255292549437119,
      "horizon_04_affected_candidates_model_robust_mae": 1.0762786048228346,
      "horizon_04_affected_candidates_baseline_robust_mae": 1.2007158702940453,
      "horizon_04_affected_candidates_improvement_pct": 10.363589634301832,
      "horizon_05_all_candidates_model_robust_mae": 0.7043521790036472,
      "horizon_05_all_candidates_baseline_robust_mae": 0.8035070589756929,
      "horizon_05_all_candidates_improvement_pct": 12.340262461221913,
      "horizon_05_affected_candidates_model_robust_mae": 1.117371855007382,
      "horizon_05_affected_candidates_baseline_robust_mae": 1.2603314545398623,
      "horizon_05_affected_candidates_improvement_pct": 11.343016078629402,
      "horizon_06_all_candidates_model_robust_mae": 0.7249492023146666,
      "horizon_06_all_candidates_baseline_robust_mae": 0.8332729439040634,
      "horizon_06_all_candidates_improvement_pct": 12.999791050682221,
      "horizon_06_affected_candidates_model_robust_mae": 1.1532474665697388,
      "horizon_06_affected_candidates_baseline_robust_mae": 1.3173721558732863,
      "horizon_06_affected_candidates_improvement_pct": 12.458490835093537,
      "horizon_07_all_candidates_model_robust_mae": 0.741704465484968,
      "horizon_07_all_candidates_baseline_robust_mae": 0.858114957526006,
      "horizon_07_all_candidates_improvement_pct": 13.56583882148564,
      "horizon_07_affected_candidates_model_robust_mae": 1.218691848394439,
      "horizon_07_affected_candidates_baseline_robust_mae": 1.4007183117002953,
      "horizon_07_affected_candidates_improvement_pct": 12.995222650077245,
      "horizon_08_all_candidates_model_robust_mae": 0.7468103675810894,
      "horizon_08_all_candidates_baseline_robust_mae": 0.8718426011974834,
      "horizon_08_all_candidates_improvement_pct": 14.341147524181666,
      "horizon_08_affected_candidates_model_robust_mae": 1.206779035433071,
      "horizon_08_affected_candidates_baseline_robust_mae": 1.3950187238558072,
      "horizon_08_affected_candidates_improvement_pct": 13.49370336065777,
      "horizon_09_all_candidates_model_robust_mae": 0.766037034735555,
      "horizon_09_all_candidates_baseline_robust_mae": 0.8981034750911386,
      "horizon_09_all_candidates_improvement_pct": 14.705036114260855,
      "horizon_09_affected_candidates_model_robust_mae": 1.272748243233927,
      "horizon_09_affected_candidates_baseline_robust_mae": 1.475252081158407,
      "horizon_09_affected_candidates_improvement_pct": 13.726727825760364,
      "horizon_10_all_candidates_model_robust_mae": 0.7826484628559838,
      "horizon_10_all_candidates_baseline_robust_mae": 0.9069994523464642,
      "horizon_10_all_candidates_improvement_pct": 13.710150449239702,
      "horizon_10_affected_candidates_model_robust_mae": 1.3024991213091908,
      "horizon_10_affected_candidates_baseline_robust_mae": 1.4758346177710369,
      "horizon_10_affected_candidates_improvement_pct": 11.74491331038405,
      "horizon_11_all_candidates_model_robust_mae": 0.8086990322958577,
      "horizon_11_all_candidates_baseline_robust_mae": 0.9411257427804385,
      "horizon_11_all_candidates_improvement_pct": 14.071096397102323,
      "horizon_11_affected_candidates_model_robust_mae": 1.3708720383041484,
      "horizon_11_affected_candidates_baseline_robust_mae": 1.5742054388345021,
      "horizon_11_affected_candidates_improvement_pct": 12.916573371827258,
      "horizon_12_all_candidates_model_robust_mae": 0.8092188205260421,
      "horizon_12_all_candidates_baseline_robust_mae": 0.9387616796482197,
      "horizon_12_all_candidates_improvement_pct": 13.799333944981745,
      "horizon_12_affected_candidates_model_robust_mae": 1.3432756839323,
      "horizon_12_affected_candidates_baseline_robust_mae": 1.5500812981356367,
      "horizon_12_affected_candidates_improvement_pct": 13.341597918255811,
      "affected_node_rate": 0.22994327390599675
    },
    "test": {
      "all_candidates_model_robust_mae": 0.7182680697084628,
      "all_candidates_baseline_robust_mae": 0.8468848816486931,
      "all_candidates_improvement_pct": 15.187047818098076,
      "affected_candidates_model_robust_mae": 1.092116584493028,
      "affected_candidates_baseline_robust_mae": 1.270610872653162,
      "affected_candidates_improvement_pct": 14.047911284390324,
      "unaffected_candidates_model_robust_mae": 0.5316613689921631,
      "unaffected_candidates_baseline_robust_mae": 0.6353818221830986,
      "unaffected_candidates_improvement_pct": 16.3241140318689,
      "horizon_01_all_candidates_model_robust_mae": 0.5307569635983287,
      "horizon_01_all_candidates_baseline_robust_mae": 0.6048372572902044,
      "horizon_01_all_candidates_improvement_pct": 12.24797130120104,
      "horizon_01_affected_candidates_model_robust_mae": 0.7338422695837589,
      "horizon_01_affected_candidates_baseline_robust_mae": 0.8199112509575152,
      "horizon_01_affected_candidates_improvement_pct": 10.497353374922293,
      "horizon_02_all_candidates_model_robust_mae": 0.5836417708892903,
      "horizon_02_all_candidates_baseline_robust_mae": 0.673538258861521,
      "horizon_02_all_candidates_improvement_pct": 13.346901499579605,
      "horizon_02_affected_candidates_model_robust_mae": 0.827521530167446,
      "horizon_02_affected_candidates_baseline_robust_mae": 0.9357213139910844,
      "horizon_02_affected_candidates_improvement_pct": 11.563248822679839,
      "horizon_03_all_candidates_model_robust_mae": 0.6621056914747807,
      "horizon_03_all_candidates_baseline_robust_mae": 0.764373490182977,
      "horizon_03_all_candidates_improvement_pct": 13.37929690415025,
      "horizon_03_affected_candidates_model_robust_mae": 0.981614316853884,
      "horizon_03_affected_candidates_baseline_robust_mae": 1.1194713660864233,