{
  "metrics": {
    "val": {
      "all_candidates_model_robust_mae": 0.6985990492470473,
      "all_candidates_baseline_robust_mae": 0.812272253538368,
      "all_candidates_improvement_pct": 13.994470917373429,
      "affected_candidates_model_robust_mae": 1.1247160839776706,
      "affected_candidates_baseline_robust_mae": 1.2999156952298925,
      "affected_candidates_improvement_pct": 13.477767204067602,
      "unaffected_candidates_model_robust_mae": 0.5242725171458518,
      "unaffected_candidates_baseline_robust_mae": 0.6127749966054564,
      "unaffected_candidates_improvement_pct": 14.442899914303812,
      "horizon_01_all_candidates_model_robust_mae": 0.5251594096551074,
      "horizon_01_all_candidates_baseline_robust_mae": 0.5925561872164117,
      "horizon_01_all_candidates_improvement_pct": 11.373904958769721,
      "horizon_01_affected_candidates_model_robust_mae": 0.7504755131764682,
      "horizon_01_affected_candidates_baseline_robust_mae": 0.8310821840812233,
      "horizon_01_affected_candidates_improvement_pct": 9.699001187694478,
      "horizon_02_all_candidates_model_robust_mae": 0.583707709486835,
      "horizon_02_all_candidates_baseline_robust_mae": 0.6605090726494501,
      "horizon_02_all_candidates_improvement_pct": 11.627601548991235,
      "horizon_02_affected_candidates_model_robust_mae": 0.8675294355390878,
      "horizon_02_affected_candidates_baseline_robust_mae": 0.969432654323763,
      "horizon_02_affected_candidates_improvement_pct": 10.511634648387082,
      "horizon_03_all_candidates_model_robust_mae": 0.6244993023791644,
      "horizon_03_all_candidates_baseline_robust_mae": 0.7156650011947023,
      "horizon_03_all_candidates_improvement_pct": 12.73859957708559,
      "horizon_03_affected_candidates_model_robust_mae": 0.9585676715302142,
      "horizon_03_affected_candidates_baseline_robust_mae": 1.0868382318468646,
      "horizon_03_affected_candidates_improvement_pct": 11.802175941002757,
      "horizon_04_all_candidates_model_robust_mae": 0.6599784243429226,
      "horizon_04_all_candidates_baseline_robust_mae": 0.7587719564434949,
      "horizon_04_all_candidates_improvement_pct": 13.020187588855539,
      "horizon_04_affected_candidates_model_robust_mae": 1.023927866194956,
      "horizon_04_affected_candidates_baseline_robust_mae": 1.1706791141493218,
      "horizon_04_affected_candidates_improvement_pct": 12.535565568794066,
      "horizon_05_all_candidates_model_robust_mae": 0.6815496834569924,
      "horizon_05_all_candidates_baseline_robust_mae": 0.78826782591811,
      "horizon_05_all_candidates_improvement_pct": 13.538310070796175,
      "horizon_05_affected_candidates_model_robust_mae": 1.0881466233068167,
      "horizon_05_affected_candidates_baseline_robust_mae": 1.250857173134531,
      "horizon_05_affected_candidates_improvement_pct": 13.007923951859105,
      "horizon_06_all_candidates_model_robust_mae": 0.7046923273035746,
      "horizon_06_all_candidates_baseline_robust_mae": 0.8191494627034623,
      "horizon_06_all_candidates_improvement_pct": 13.97268027523837,
      "horizon_06_affected_candidates_model_robust_mae": 1.1382204425663127,
      "horizon_06_affected_candidates_baseline_robust_mae": 1.3189782477938825,
      "horizon_06_affected_candidates_improvement_pct": 13.704381063895825,
      "horizon_07_all_candidates_model_robust_mae": 0.7253299434988001,
      "horizon_07_all_candidates_baseline_robust_mae": 0.8484080569173638,
      "horizon_07_all_candidates_improvement_pct": 14.506947737596942,
      "horizon_07_affected_candidates_model_robust_mae": 1.1843618788302908,
      "horizon_07_affected_candidates_baseline_robust_mae": 1.373737024284366,
      "horizon_07_affected_candidates_improvement_pct": 13.785400124359922,
      "horizon_08_all_candidates_model_robust_mae": 0.7464492626045,
      "horizon_08_all_candidates_baseline_robust_mae": 0.8730975337730842,
      "horizon_08_all_candidates_improvement_pct": 14.50562695112363,
      "horizon_08_affected_candidates_model_robust_mae": 1.2329428696428824,
      "horizon_08_affected_candidates_baseline_robust_mae": 1.436019830312394,
      "horizon_08_affected_candidates_improvement_pct": 14.141654340896814,
      "horizon_09_all_candidates_model_robust_mae": 0.7637666305851478,
      "horizon_09_all_candidates_baseline_robust_mae": 0.8976867136473045,
      "horizon_09_all_candidates_improvement_pct": 14.918354145851044,
      "horizon_09_affected_candidates_model_robust_mae": 1.2716606008100546,
      "horizon_09_affected_candidates_baseline_robust_mae": 1.4868423174878904,
      "horizon_09_affected_candidates_improvement_pct": 14.47239657809836,
      "horizon_10_all_candidates_model_robust_mae": 0.7727340793079389,
      "horizon_10_all_candidates_baseline_robust_mae": 0.9113789985417645,
      "horizon_10_all_candidates_improvement_pct": 15.212652415258844,
      "horizon_10_affected_candidates_model_robust_mae": 1.2864601231712236,
      "horizon_10_affected_candidates_baseline_robust_mae": 1.5105281051277468,
      "horizon_10_affected_candidates_improvement_pct": 14.833751268571966,
      "horizon_11_all_candidates_model_robust_mae": 0.7908902067703498,
      "horizon_11_all_candidates_baseline_robust_mae": 0.9332737739183414,
      "horizon_11_all_candidates_improvement_pct": 15.256355758310393,
      "horizon_11_affected_candidates_model_robust_mae": 1.330458173849068,
      "horizon_11_affected_candidates_baseline_robust_mae": 1.564404800238793,
      "horizon_11_affected_candidates_improvement_pct": 14.954353652840688,
      "horizon_12_all_candidates_model_robust_mae": 0.8044801746121228,
      "horizon_12_all_candidates_baseline_robust_mae": 0.9485655322208022,
      "horizon_12_all_candidates_improvement_pct": 15.189815855035716,
      "horizon_12_affected_candidates_model_robust_mae": 1.3640541124029868,
      "horizon_12_affected_candidates_baseline_robust_mae": 1.5998585408337254,
      "horizon_12_affected_candidates_improvement_pct": 14.739079888141555,
      "affected_node_rate": 0.2311284046692607
    },
    "test": {
      "all_candidates_model_robust_mae": 0.7094418212956766,
      "all_candidates_baseline_robust_mae": 0.8330488830427023,
      "all_candidates_improvement_pct": 14.83791218776409,
      "affected_candidates_model_robust_mae": 1.1031660163270822,
      "affected_candidates_baseline_robust_mae": 1.2900944477339138,
      "affected_candidates_improvement_pct": 14.489515223879655,
      "unaffected_candidates_model_robust_mae": 0.5231865457449317,
      "unaffected_candidates_baseline_robust_mae": 0.6168388012401588,
      "unaffected_candidates_improvement_pct": 15.182614210866523,
      "horizon_01_all_candidates_model_robust_mae": 0.5247544090292611,
      "horizon_01_all_candidates_baseline_robust_mae": 0.5907186167402946,
      "horizon_01_all_candidates_improvement_pct": 11.16677312034576,
      "horizon_01_affected_candidates_model_robust_mae": 0.7330135542393642,
      "horizon_01_affected_candidates_baseline_robust_mae": 0.8083569085558622,
      "horizon_01_affected_candidates_improvement_pct": 9.320555502036797,
      "horizon_02_all_candidates_model_robust_mae": 0.5827826476358872,
      "horizon_02_all_candidates_baseline_robust_mae": 0.6613039375788015,
      "horizon_02_all_candidates_improvement_pct": 11.873706699887546,
      "horizon_02_affected_candidates_model_robust_mae": 0.8507923371123366,
      "horizon_02_affected_candidates_baseline_robust_mae": 0.9541223391609646,
      "horizon_02_affected_candidates_improvement_pct": 10.829848312690617,
      "horizon_03_all_candidates_model_robust_mae": 0.6268629639178673,
      "horizon_03_all_candidates_baseline_robust_mae": 0.7180480895724983,
      "horizon_03_all_candidates_improvement_pct": 12.69902768057214,
      "horizon_03_affected_candidates_model_robust_mae": 0.9310196802257965,
      "horizon_03_affected_candidates_baseline_robust_mae": 1.0552724023797542,