epoch,train_loss,val_loss,val_residual_loss,val_veto_loss,val_regret_loss,val_sparsity_loss,val_normal_advantage_mean,val_positive_rate,val_affected_positive_rate,val_normal_veto_mean,val_affected_normal_veto_mean,val_effective_gate_mean,val_base_gate_mean
1,0.6030825063586235,0.6951658166944981,0.6003672927618027,0.2527591697871685,0.12454025680199265,0.016890114988200366,-0.07103277812711895,0.15067525673657656,0.18163256254047155,0.017369162989780307,0.016476434539072216,0.429787028580904,0.4374733082950115
2,0.5936498016119003,0.6843108870089054,0.600526224821806,0.21732444316148758,0.12539253616705537,0.033817495219409466,-0.07103277812711895,0.15067525673657656,0.18163256254047155,0.033625440672039986,0.03398399776779115,0.42238541692495346,0.4374733082950115
