{
  "metrics": {
    "val": {
      "all_candidates_model_robust_mae": 0.6893480703854385,
      "all_candidates_baseline_robust_mae": 0.7995363859713458,
      "all_candidates_improvement_pct": 13.781526084274573,
      "affected_candidates_model_robust_mae": 1.0897858423142415,
      "affected_candidates_baseline_robust_mae": 1.2584114214889162,
      "affected_candidates_improvement_pct": 13.399876725146198,
      "unaffected_candidates_model_robust_mae": 0.5220075614939319,
      "unaffected_candidates_baseline_robust_mae": 0.6077753549443679,
      "unaffected_candidates_improvement_pct": 14.111759016336984,
      "horizon_01_all_candidates_model_robust_mae": 0.526226994567894,
      "horizon_01_all_candidates_baseline_robust_mae": 0.5929446607233769,
      "horizon_01_all_candidates_improvement_pct": 11.25192122888654,
      "horizon_01_affected_candidates_model_robust_mae": 0.7432713518273752,
      "horizon_01_affected_candidates_baseline_robust_mae": 0.8216458869390394,
      "horizon_01_affected_candidates_improvement_pct": 9.53872420680407,
      "horizon_02_all_candidates_model_robust_mae": 0.5762568729072116,
      "horizon_02_all_candidates_baseline_robust_mae": 0.6517273449174645,
      "horizon_02_all_candidates_improvement_pct": 11.580068352020826,
      "horizon_02_affected_candidates_model_robust_mae": 0.8412814456205638,
      "horizon_02_affected_candidates_baseline_robust_mae": 0.9391720167093849,
      "horizon_02_affected_candidates_improvement_pct": 10.423071529729368,
      "horizon_03_all_candidates_model_robust_mae": 0.6199892389372357,
      "horizon_03_all_candidates_baseline_robust_mae": 0.7087809848382115,
      "horizon_03_all_candidates_improvement_pct": 12.527388262432533,
      "horizon_03_affected_candidates_model_robust_mae": 0.9419930732501831,
      "horizon_03_affected_candidates_baseline_robust_mae": 1.066772891892558,
      "horizon_03_affected_candidates_improvement_pct": 11.696943144196656,
      "horizon_04_all_candidates_model_robust_mae": 0.65054174783063,
      "horizon_04_all_candidates_baseline_robust_mae": 0.7451416339992527,
      "horizon_04_all_candidates_improvement_pct": 12.695557710404028,
      "horizon_04_affected_candidates_model_robust_mae": 0.9883976524347295,
      "horizon_04_affected_candidates_baseline_robust_mae": 1.1291521056624483,
      "horizon_04_affected_candidates_improvement_pct": 12.465499778273118,
      "horizon_05_all_candidates_model_robust_mae": 0.6721552131184968,
      "horizon_05_all_candidates_baseline_robust_mae": 0.7775164482787248,
      "horizon_05_all_candidates_improvement_pct": 13.550997588987082,
      "horizon_05_affected_candidates_model_robust_mae": 1.0529979684038469,
      "horizon_05_affected_candidates_baseline_robust_mae": 1.2136341483430413,
      "horizon_05_affected_candidates_improvement_pct": 13.23596408015619,
      "horizon_06_all_candidates_model_robust_mae": 0.6918530322081857,
      "horizon_06_all_candidates_baseline_robust_mae": 0.8022793232510516,
      "horizon_06_all_candidates_improvement_pct": 13.764070423177404,
      "horizon_06_affected_candidates_model_robust_mae": 1.0991673159722875,
      "horizon_06_affected_candidates_baseline_robust_mae": 1.2700762706095545,
      "horizon_06_affected_candidates_improvement_pct": 13.456589859382367,
      "horizon_07_all_candidates_model_robust_mae": 0.7129375568241575,
      "horizon_07_all_candidates_baseline_robust_mae": 0.8332710728971775,
      "horizon_07_all_candidates_improvement_pct": 14.441100859848126,
      "horizon_07_affected_candidates_model_robust_mae": 1.1448476773041945,
      "horizon_07_affected_candidates_baseline_robust_mae": 1.3287969552553618,
      "horizon_07_affected_candidates_improvement_pct": 13.843294660154971,
      "horizon_08_all_candidates_model_robust_mae": 0.73684766377516,
      "horizon_08_all_candidates_baseline_robust_mae": 0.8590011855154337,
      "horizon_08_all_candidates_improvement_pct": 14.220413638541944,
      "horizon_08_affected_candidates_model_robust_mae": 1.2006983757019043,
      "horizon_08_affected_candidates_baseline_robust_mae": 1.3952351074952345,
      "horizon_08_affected_candidates_improvement_pct": 13.942935548874486,
      "horizon_09_all_candidates_model_robust_mae": 0.754935901827432,
      "horizon_09_all_candidates_baseline_robust_mae": 0.8850243246432051,
      "horizon_09_all_candidates_improvement_pct": 14.698852810426189,
      "horizon_09_affected_candidates_model_robust_mae": 1.239679072956198,
      "horizon_09_affected_candidates_baseline_robust_mae": 1.4476606862518318,
      "horizon_09_affected_candidates_improvement_pct": 14.366737680369239,
      "horizon_10_all_candidates_model_robust_mae": 0.7644638736966192,
      "horizon_10_all_candidates_baseline_robust_mae": 0.8987710923573512,
      "horizon_10_all_candidates_improvement_pct": 14.943428844430558,
      "horizon_10_affected_candidates_model_robust_mae": 1.2497994238083106,
      "horizon_10_affected_candidates_baseline_robust_mae": 1.465643201842193,
      "horizon_10_affected_candidates_improvement_pct": 14.726897908207437,
      "horizon_11_all_candidates_model_robust_mae": 0.7754001499602827,
      "horizon_11_all_candidates_baseline_robust_mae": 0.9127843606076878,
      "horizon_11_all_candidates_improvement_pct": 15.051113557197809,
      "horizon_11_affected_candidates_model_robust_mae": 1.2717123270231845,
      "horizon_11_affected_candidates_baseline_robust_mae": 1.4943399511726088,
      "horizon_11_affected_candidates_improvement_pct": 14.898057431625807,
      "horizon_12_all_candidates_model_robust_mae": 0.7906631456211249,
      "horizon_12_all_candidates_baseline_robust_mae": 0.927315600304819,
      "horizon_12_all_candidates_improvement_pct": 14.736348082440848,
      "horizon_12_affected_candidates_model_robust_mae": 1.3039961198758172,
      "horizon_12_affected_candidates_baseline_robust_mae": 1.5293312568690351,
      "horizon_12_affected_candidates_improvement_pct": 14.734226870805047,
      "affected_node_rate": 0.23494838741541957
    },
    "test": {
      "all_candidates_model_robust_mae": 0.7044832018506623,
      "all_candidates_baseline_robust_mae": 0.8234128243864272,
      "all_candidates_improvement_pct": 14.443498936804424,
      "affected_candidates_model_robust_mae": 1.0980448969836236,
      "affected_candidates_baseline_robust_mae": 1.272880286139895,
      "affected_candidates_improvement_pct": 13.735414953001806,
      "unaffected_candidates_model_robust_mae": 0.5207607756318426,
      "unaffected_candidates_baseline_robust_mae": 0.6135924538478237,
      "unaffected_candidates_improvement_pct": 15.12920793497961,
      "horizon_01_all_candidates_model_robust_mae": 0.5213680356880869,
      "horizon_01_all_candidates_baseline_robust_mae": 0.5863519605043456,
      "horizon_01_all_candidates_improvement_pct": 11.08275049687961,
      "horizon_01_affected_candidates_model_robust_mae": 0.7315043724084749,
      "horizon_01_affected_candidates_baseline_robust_mae": 0.8031333235223636,
      "horizon_01_affected_candidates_improvement_pct": 8.918687472677647,
      "horizon_02_all_candidates_model_robust_mae": 0.5830564255135071,
      "horizon_02_all_candidates_baseline_robust_mae": 0.6569048889229767,
      "horizon_02_all_candidates_improvement_pct": 11.241880621492598,
      "horizon_02_affected_candidates_model_robust_mae": 0.859444090404928,
      "horizon_02_affected_candidates_baseline_robust_mae": 0.9531313926453509,
      "horizon_02_affected_candidates_improvement_pct": 9.829421521874355,
      "horizon_03_all_candidates_model_robust_mae": 0.6254862656805839,
      "horizon_03_all_candidates_baseline_robust_mae": 0.7140641069932852,
      "horizon_03_all_candidates_improvement_pct": 12.404746358933604,
      "horizon_03_affected_candidates_model_robust_mae": 0.929333975373474,
      "horizon_03_affected_candidates_baseline_robust_mae": 1.0451551416441651,