epoch,train_loss,val_loss,val_residual_loss,val_risk_loss,val_ranking_loss,val_convex_gate_loss,val_hard_rate,val_incident_worse_rate,val_gate_mean,val_base_gate_mean,val_risk_delta_mean
1,0.5929177179932594,0.6645722985267639,0.5808097422122955,0.4416942745447159,0.6929593160748482,0.09890324342995882,0.7892419546842575,0.5487856417894363,0.43460477516055107,0.43683695048093796,-0.009951535845175385
