{
  "metrics": {
    "train": {
      "all_candidates_model_robust_mae": 0.6586012617398177,
      "all_candidates_baseline_robust_mae": 0.7667153791612423,
      "all_candidates_improvement_pct": 14.10094545640879,
      "affected_candidates_model_robust_mae": 0.9990394879954883,
      "affected_candidates_baseline_robust_mae": 1.14544307792242,
      "affected_candidates_improvement_pct": 12.781393746119228,
      "unaffected_candidates_model_robust_mae": 0.5126397512149788,
      "unaffected_candidates_baseline_robust_mae": 0.6043373985137268,
      "unaffected_candidates_improvement_pct": 15.173253802307116,
      "horizon_01_all_candidates_model_robust_mae": 0.509135273339896,
      "horizon_01_all_candidates_baseline_robust_mae": 0.5782493143321658,
      "horizon_01_all_candidates_improvement_pct": 11.952291041121457,
      "horizon_01_affected_candidates_model_robust_mae": 0.7017086867310623,
      "horizon_01_affected_candidates_baseline_robust_mae": 0.7790664187365262,
      "horizon_01_affected_candidates_improvement_pct": 9.929542609591746,
      "horizon_02_all_candidates_model_robust_mae": 0.5717284175765562,
      "horizon_02_all_candidates_baseline_robust_mae": 0.6500245447937584,
      "horizon_02_all_candidates_improvement_pct": 12.045103195609967,
      "horizon_02_affected_candidates_model_robust_mae": 0.8252607578682538,
      "horizon_02_affected_candidates_baseline_robust_mae": 0.9139155292312482,
      "horizon_02_affected_candidates_improvement_pct": 9.700543269854215,
      "horizon_03_all_candidates_model_robust_mae": 0.5920302927909079,
      "horizon_03_all_candidates_baseline_robust_mae": 0.6767323893577877,
      "horizon_03_all_candidates_improvement_pct": 12.516335541034355,
      "horizon_03_affected_candidates_model_robust_mae": 0.8627452005278026,
      "horizon_03_affected_candidates_baseline_robust_mae": 0.9644604608341232,
      "horizon_03_affected_candidates_improvement_pct": 10.546338023888627,
      "horizon_04_all_candidates_model_robust_mae": 0.6347427143469713,
      "horizon_04_all_candidates_baseline_robust_mae": 0.7327995358168786,
      "horizon_04_all_candidates_improvement_pct": 13.381124943071887,
      "horizon_04_affected_candidates_model_robust_mae": 0.94047876245168,
      "horizon_04_affected_candidates_baseline_robust_mae": 1.0695378635031036,
      "horizon_04_affected_candidates_improvement_pct": 12.066809923746947,
      "horizon_05_all_candidates_model_robust_mae": 0.6554718793933545,
      "horizon_05_all_candidates_baseline_robust_mae": 0.7534636238967799,
      "horizon_05_all_candidates_improvement_pct": 13.005504366173582,
      "horizon_05_affected_candidates_model_robust_mae": 0.9904282246889403,
      "horizon_05_affected_candidates_baseline_robust_mae": 1.1317641581235598,
      "horizon_05_affected_candidates_improvement_pct": 12.488108270626928,
      "horizon_06_all_candidates_model_robust_mae": 0.660817377930995,
      "horizon_06_all_candidates_baseline_robust_mae": 0.7737434548607237,
      "horizon_06_all_candidates_improvement_pct": 14.59476990988644,
      "horizon_06_affected_candidates_model_robust_mae": 1.019319215937407,
      "horizon_06_affected_candidates_baseline_robust_mae": 1.1717643885341509,
      "horizon_06_affected_candidates_improvement_pct": 13.009882710930412,
      "horizon_07_all_candidates_model_robust_mae": 0.6811174229213169,
      "horizon_07_all_candidates_baseline_robust_mae": 0.7951820046561104,
      "horizon_07_all_candidates_improvement_pct": 14.344462156701171,
      "horizon_07_affected_candidates_model_robust_mae": 1.0363499232700892,
      "horizon_07_affected_candidates_baseline_robust_mae": 1.1991299038841612,
      "horizon_07_affected_candidates_improvement_pct": 13.574841231696686,
      "horizon_08_all_candidates_model_robust_mae": 0.7101981263389271,
      "horizon_08_all_candidates_baseline_robust_mae": 0.8305542024876149,
      "horizon_08_all_candidates_improvement_pct": 14.491056187327226,
      "horizon_08_affected_candidates_model_robust_mae": 1.1081441878705305,
      "horizon_08_affected_candidates_baseline_robust_mae": 1.267795459521586,
      "horizon_08_affected_candidates_improvement_pct": 12.592825636976274,
      "horizon_09_all_candidates_model_robust_mae": 0.7051213073730469,
      "horizon_09_all_candidates_baseline_robust_mae": 0.8313253130231585,
      "horizon_09_all_candidates_improvement_pct": 15.181061333398358,
      "horizon_09_affected_candidates_model_robust_mae": 1.0894589726144346,
      "horizon_09_affected_candidates_baseline_robust_mae": 1.2677459671424323,
      "horizon_09_affected_candidates_improvement_pct": 14.063305989437787,
      "horizon_10_all_candidates_model_robust_mae": 0.7207882951510594,
      "horizon_10_all_candidates_baseline_robust_mae": 0.8488574510898989,
      "horizon_10_all_candidates_improvement_pct": 15.08723941509895,
      "horizon_10_affected_candidates_model_robust_mae": 1.1048124267360078,
      "horizon_10_affected_candidates_baseline_robust_mae": 1.2869962628095695,
      "horizon_10_affected_candidates_improvement_pct": 14.155739324047948,
      "horizon_11_all_candidates_model_robust_mae": 0.7203354646069547,
      "horizon_11_all_candidates_baseline_robust_mae": 0.8583685983324592,
      "horizon_11_all_candidates_improvement_pct": 16.080869453246482,
      "horizon_11_affected_candidates_model_robust_mae": 1.12691528683617,
      "horizon_11_affected_candidates_baseline_robust_mae": 1.322337631952195,
      "horizon_11_affected_candidates_improvement_pct": 14.778551286294315,
      "horizon_12_all_candidates_model_robust_mae": 0.7418695111414803,
      "horizon_12_all_candidates_baseline_robust_mae": 0.8714688663259554,
      "horizon_12_all_candidates_improvement_pct": 14.871369499504432,
      "horizon_12_affected_candidates_model_robust_mae": 1.1834114806292808,
      "horizon_12_affected_candidates_baseline_robust_mae": 1.371528484623939,
      "horizon_12_affected_candidates_improvement_pct": 13.715865627554813,
      "affected_node_rate": 0.23299822590183322
    },
    "val": {
      "all_candidates_model_robust_mae": 0.712988731450261,
      "all_candidates_baseline_robust_mae": 0.8193069386501315,
      "all_candidates_improvement_pct": 12.976602807128375,
      "affected_candidates_model_robust_mae": 1.1502163203516846,
      "affected_candidates_baseline_robust_mae": 1.3051837181763872,
      "affected_candidates_improvement_pct": 11.873224869922852,
      "unaffected_candidates_model_robust_mae": 0.5342517707572944,
      "unaffected_candidates_baseline_robust_mae": 0.6206823743310808,
      "unaffected_candidates_improvement_pct": 13.92509392053126,
      "horizon_01_all_candidates_model_robust_mae": 0.5468161133794688,
      "horizon_01_all_candidates_baseline_robust_mae": 0.6110569630504538,
      "horizon_01_all_candidates_improvement_pct": 10.513070557332107,
      "horizon_01_affected_candidates_model_robust_mae": 0.809115338896743,
      "horizon_01_affected_candidates_baseline_robust_mae": 0.8759459102289072,
      "horizon_01_affected_candidates_improvement_pct": 7.629531749819991,
      "horizon_02_all_candidates_model_robust_mae": 0.5958848463503567,
      "horizon_02_all_candidates_baseline_robust_mae": 0.66884496391648,
      "horizon_02_all_candidates_improvement_pct": 10.908375109666517,
      "horizon_02_affected_candidates_model_robust_mae": 0.9028466742997813,
      "horizon_02_affected_candidates_baseline_robust_mae": 1.0102059170697706,
      "horizon_02_affected_candidates_improvement_pct": 10.627461288427048,
      "horizon_03_all_candidates_model_robust_mae": 0.6481645272958863,
      "horizon_03_all_candidates_baseline_robust_mae": 0.73141583301067,
      "horizon_03_all_candidates_improvement_pct": 11.38221268359791,
      "horizon_03_affected_candidates_model_robust_mae": 1.0099733600399985,
      "horizon_03_affected_candidates_baseline_robust_mae": 1.1262148536018286,