epoch,train_loss,val_loss,val_residual_loss,val_gate_loss,val_hard_residual_loss,val_delta_l2,val_hard_rate,val_gate_mean,val_base_gate_mean,val_delta_abs_mean
1,0.46253979951143265,0.5123291537165642,0.4080180302262306,0.7088093906641006,0.6686009764671326,0.0001144346588262124,0.5329428911209106,0.469840906560421,0.46953199803829193,0.008684441214427352
