{
  "metrics": {
    "val": {
      "all_candidates_model_robust_mae": 0.7142299779272622,
      "all_candidates_baseline_robust_mae": 0.8272501102632047,
      "all_candidates_improvement_pct": 13.662147751178074,
      "affected_candidates_model_robust_mae": 1.1570938234662593,
      "affected_candidates_baseline_robust_mae": 1.3240686546633906,
      "affected_candidates_improvement_pct": 12.610738167469135,
      "unaffected_candidates_model_robust_mae": 0.5296702831049687,
      "unaffected_candidates_baseline_robust_mae": 0.6202052552880885,
      "unaffected_candidates_improvement_pct": 14.597582237684495,
      "horizon_01_all_candidates_model_robust_mae": 0.5324696357584638,
      "horizon_01_all_candidates_baseline_robust_mae": 0.6003526860005128,
      "horizon_01_all_candidates_improvement_pct": 11.307195224573544,
      "horizon_01_affected_candidates_model_robust_mae": 0.7668070501331632,
      "horizon_01_affected_candidates_baseline_robust_mae": 0.8427632402965712,
      "horizon_01_affected_candidates_improvement_pct": 9.012755484764476,
      "horizon_02_all_candidates_model_robust_mae": 0.5961120037258474,
      "horizon_02_all_candidates_baseline_robust_mae": 0.6733494887504019,
      "horizon_02_all_candidates_improvement_pct": 11.470638400259485,
      "horizon_02_affected_candidates_model_robust_mae": 0.8988959649076758,
      "horizon_02_affected_candidates_baseline_robust_mae": 0.9973475126132015,
      "horizon_02_affected_candidates_improvement_pct": 9.871338371072667,
      "horizon_03_all_candidates_model_robust_mae": 0.6424700252130038,
      "horizon_03_all_candidates_baseline_robust_mae": 0.7308534904495786,
      "horizon_03_all_candidates_improvement_pct": 12.093185076287511,
      "horizon_03_affected_candidates_model_robust_mae": 0.997180733732246,
      "horizon_03_affected_candidates_baseline_robust_mae": 1.1166547427176545,
      "horizon_03_affected_candidates_improvement_pct": 10.699279232418702,
      "horizon_04_all_candidates_model_robust_mae": 0.6746384913484881,
      "horizon_04_all_candidates_baseline_robust_mae": 0.7732848661126429,
      "horizon_04_all_candidates_improvement_pct": 12.756796245096202,
      "horizon_04_affected_candidates_model_robust_mae": 1.0652610682516328,
      "horizon_04_affected_candidates_baseline_robust_mae": 1.2040969552088483,
      "horizon_04_affected_candidates_improvement_pct": 11.530291340462254,
      "horizon_05_all_candidates_model_robust_mae": 0.7001118170121511,
      "horizon_05_all_candidates_baseline_robust_mae": 0.80618805385504,
      "horizon_05_all_candidates_improvement_pct": 13.157753496303036,
      "horizon_05_affected_candidates_model_robust_mae": 1.1252559879042783,
      "horizon_05_affected_candidates_baseline_robust_mae": 1.2793815399100616,
      "horizon_05_affected_candidates_improvement_pct": 12.04687946463712,
      "horizon_06_all_candidates_model_robust_mae": 0.7228683187985547,
      "horizon_06_all_candidates_baseline_robust_mae": 0.8377409271994909,
      "horizon_06_all_candidates_improvement_pct": 13.71218770281968,
      "horizon_06_affected_candidates_model_robust_mae": 1.176703605878897,
      "horizon_06_affected_candidates_baseline_robust_mae": 1.346644237542608,
      "horizon_06_affected_candidates_improvement_pct": 12.619564018914382,
      "horizon_07_all_candidates_model_robust_mae": 0.7424516082757439,
      "horizon_07_all_candidates_baseline_robust_mae": 0.8643465388721971,
      "horizon_07_all_candidates_improvement_pct": 14.102553213842018,
      "horizon_07_affected_candidates_model_robust_mae": 1.2174054250562436,
      "horizon_07_affected_candidates_baseline_robust_mae": 1.4017586805897237,
      "horizon_07_affected_candidates_improvement_pct": 13.151568674853666,
      "horizon_08_all_candidates_model_robust_mae": 0.7631695724602527,
      "horizon_08_all_candidates_baseline_robust_mae": 0.8908410368372225,
      "horizon_08_all_candidates_improvement_pct": 14.331565239769967,
      "horizon_08_affected_candidates_model_robust_mae": 1.2635330191750693,
      "horizon_08_affected_candidates_baseline_robust_mae": 1.4593189470573813,
      "horizon_08_affected_candidates_improvement_pct": 13.416253402116183,
      "horizon_09_all_candidates_model_robust_mae": 0.779743820344076,
      "horizon_09_all_candidates_baseline_robust_mae": 0.9119756261656342,
      "horizon_09_all_candidates_improvement_pct": 14.499489024451421,
      "horizon_09_affected_candidates_model_robust_mae": 1.300090863272077,
      "horizon_09_affected_candidates_baseline_robust_mae": 1.5058868737007916,
      "horizon_09_affected_candidates_improvement_pct": 13.666100290984062,
      "horizon_10_all_candidates_model_robust_mae": 0.7916580092023491,
      "horizon_10_all_candidates_baseline_robust_mae": 0.9289248031395567,
      "horizon_10_all_candidates_improvement_pct": 14.77695433185515,
      "horizon_10_affected_candidates_model_robust_mae": 1.3267090413574842,
      "horizon_10_affected_candidates_baseline_robust_mae": 1.5406091605425325,
      "horizon_10_affected_candidates_improvement_pct": 13.884126140709325,
      "horizon_11_all_candidates_model_robust_mae": 0.8062951191562968,
      "horizon_11_all_candidates_baseline_robust_mae": 0.9471625751648224,
      "horizon_11_all_candidates_improvement_pct": 14.872574117913416,
      "horizon_11_affected_candidates_model_robust_mae": 1.3582500202491754,
      "horizon_11_affected_candidates_baseline_robust_mae": 1.5798637806463696,
      "horizon_11_affected_candidates_improvement_pct": 14.0273967358455,
      "horizon_12_all_candidates_model_robust_mae": 0.81886006575902,
      "horizon_12_all_candidates_baseline_robust_mae": 0.962095373567048,
      "horizon_12_all_candidates_improvement_pct": 14.887849140877918,
      "horizon_12_affected_candidates_model_robust_mae": 1.3892186800099402,
      "horizon_12_affected_candidates_baseline_robust_mae": 1.6147309258643616,
      "horizon_12_affected_candidates_improvement_pct": 13.965933409846922,
      "affected_node_rate": 0.23427743925374256
    },
    "test": {
      "all_candidates_model_robust_mae": 0.7076816279981407,
      "all_candidates_baseline_robust_mae": 0.8328134196658367,
      "all_candidates_improvement_pct": 15.025189161565699,
      "affected_candidates_model_robust_mae": 1.1051381996170622,
      "affected_candidates_baseline_robust_mae": 1.293837027683651,
      "affected_candidates_improvement_pct": 14.584435599622259,
      "unaffected_candidates_model_robust_mae": 0.5212031646595493,
      "unaffected_candidates_baseline_robust_mae": 0.6165106195898865,
      "unaffected_candidates_improvement_pct": 15.459174895273883,
      "horizon_01_all_candidates_model_robust_mae": 0.5229414210292289,
      "horizon_01_all_candidates_baseline_robust_mae": 0.5912248439472282,
      "horizon_01_all_candidates_improvement_pct": 11.549484704011212,
      "horizon_01_affected_candidates_model_robust_mae": 0.7344205354663397,
      "horizon_01_affected_candidates_baseline_robust_mae": 0.8144241910254835,
      "horizon_01_affected_candidates_improvement_pct": 9.823339782970724,
      "horizon_02_all_candidates_model_robust_mae": 0.584239420991179,
      "horizon_02_all_candidates_baseline_robust_mae": 0.6647113446148724,
      "horizon_02_all_candidates_improvement_pct": 12.106296105163974,
      "horizon_02_affected_candidates_model_robust_mae": 0.8545665438350778,
      "horizon_02_affected_candidates_baseline_robust_mae": 0.9614806863858398,
      "horizon_02_affected_candidates_improvement_pct": 11.119738967679861,
      "horizon_03_all_candidates_model_robust_mae": 0.6300595870308898,
      "horizon_03_all_candidates_baseline_robust_mae": 0.7255605942083166,
      "horizon_03_all_candidates_improvement_pct": 13.162375126178283,
      "horizon_03_affected_candidates_model_robust_mae": 0.9460219456766937,
      "horizon_03_affected_candidates_baseline_robust_mae": 1.0792830623658292,