epoch,train_loss,val_loss,val_residual_loss,val_confidence_loss,val_convex_gate_loss,val_hard_rate,val_incident_better_rate,val_gate_mean,val_base_gate_mean,val_confidence_delta_mean
1,0.5555054609942588,0.6580688696228368,0.6184772753768569,0.6922311888007178,0.09960071416147684,0.5725993910051298,0.4532509320915174,0.43095962085857736,0.43813297333924667,-0.03288929756043382
2,0.5551006560492667,0.6580395859383998,0.6184563000105865,0.6919862625575237,0.09967950454663431,0.5725993910051298,0.4532509320915174,0.4325948308914828,0.43813297333924667,-0.02671695330914509
3,0.5547946370710992,0.657861223058805,0.6182909532101013,0.6916829721032247,0.09972246617935815,0.5725993910051298,0.4532509320915174,0.43303765971666325,0.43813297333924667,-0.025484429787906913
