{
  "metrics": {
    "val": {
      "all_candidates_model_robust_mae": 0.7147389851452827,
      "all_candidates_baseline_robust_mae": 0.827250102514385,
      "all_candidates_improvement_pct": 13.600616914658636,
      "affected_candidates_model_robust_mae": 1.1562395787191202,
      "affected_candidates_baseline_robust_mae": 1.3240686608241723,
      "affected_candidates_improvement_pct": 12.675255224346609,
      "unaffected_candidates_model_robust_mae": 0.530747419720677,
      "unaffected_candidates_baseline_robust_mae": 0.6202052519238401,
      "unaffected_candidates_improvement_pct": 14.423907557324005,
      "horizon_01_all_candidates_model_robust_mae": 0.5325142513797727,
      "horizon_01_all_candidates_baseline_robust_mae": 0.6003526910613428,
      "horizon_01_all_candidates_improvement_pct": 11.299764403760873,
      "horizon_01_affected_candidates_model_robust_mae": 0.7664859451317402,
      "horizon_01_affected_candidates_baseline_robust_mae": 0.8427632361549119,
      "horizon_01_affected_candidates_improvement_pct": 9.05085648623985,
      "horizon_02_all_candidates_model_robust_mae": 0.5962173414758467,
      "horizon_02_all_candidates_baseline_robust_mae": 0.6733494887504019,
      "horizon_02_all_candidates_improvement_pct": 11.454994555308357,
      "horizon_02_affected_candidates_model_robust_mae": 0.8984007141560645,
      "horizon_02_affected_candidates_baseline_robust_mae": 0.9973475087895826,
      "horizon_02_affected_candidates_improvement_pct": 9.920994814896918,
      "horizon_03_all_candidates_model_robust_mae": 0.6428963028302477,
      "horizon_03_all_candidates_baseline_robust_mae": 0.7308534943862844,
      "horizon_03_all_candidates_improvement_pct": 12.034859548683771,
      "horizon_03_affected_candidates_model_robust_mae": 0.996577645522708,
      "horizon_03_affected_candidates_baseline_robust_mae": 1.116654747019574,
      "horizon_03_affected_candidates_improvement_pct": 10.753288052315169,
      "horizon_04_all_candidates_model_robust_mae": 0.6750842636512234,
      "horizon_04_all_candidates_baseline_robust_mae": 0.773284867237372,
      "horizon_04_all_candidates_improvement_pct": 12.699149789000636,
      "horizon_04_affected_candidates_model_robust_mae": 1.0644781101642595,
      "horizon_04_affected_candidates_baseline_robust_mae": 1.2040969431001207,
      "horizon_04_affected_candidates_improvement_pct": 11.595314956650618,
      "horizon_05_all_candidates_model_robust_mae": 0.7006626231907045,
      "horizon_05_all_candidates_baseline_robust_mae": 0.8061880555422644,
      "horizon_05_all_candidates_improvement_pct": 13.089431383423381,
      "horizon_05_affected_candidates_model_robust_mae": 1.1243916218156758,
      "horizon_05_affected_candidates_baseline_robust_mae": 1.2793815410253246,
      "horizon_05_affected_candidates_improvement_pct": 12.114440785618694,
      "horizon_06_all_candidates_model_robust_mae": 0.7235013474261527,
      "horizon_06_all_candidates_baseline_robust_mae": 0.837740935448321,
      "horizon_06_all_candidates_improvement_pct": 13.636624783177442,
      "horizon_06_affected_candidates_model_robust_mae": 1.1757655171321357,
      "horizon_06_affected_candidates_baseline_robust_mae": 1.346644229576236,
      "horizon_06_affected_candidates_improvement_pct": 12.689224718088505,
      "horizon_07_all_candidates_model_robust_mae": 0.7430073388799883,
      "horizon_07_all_candidates_baseline_robust_mae": 0.8643465291235348,
      "horizon_07_all_candidates_improvement_pct": 14.038257360342152,
      "horizon_07_affected_candidates_model_robust_mae": 1.216449665400546,
      "horizon_07_affected_candidates_baseline_robust_mae": 1.401758678996387,
      "horizon_07_affected_candidates_improvement_pct": 13.21975147166672,
      "horizon_08_all_candidates_model_robust_mae": 0.7638062064657447,
      "horizon_08_all_candidates_baseline_robust_mae": 0.8908410379620302,
      "horizon_08_all_candidates_improvement_pct": 14.26010097007902,
      "horizon_08_affected_candidates_model_robust_mae": 1.2626127797339608,
      "horizon_08_affected_candidates_baseline_robust_mae": 1.459318947694711,
      "horizon_08_affected_candidates_improvement_pct": 13.479312954271398,
      "horizon_09_all_candidates_model_robust_mae": 0.7803771404755677,
      "horizon_09_all_candidates_baseline_robust_mae": 0.911975627290561,
      "horizon_09_all_candidates_improvement_pct": 14.430044277166326,
      "horizon_09_affected_candidates_model_robust_mae": 1.2991260729715386,
      "horizon_09_affected_candidates_baseline_robust_mae": 1.5058868829427,
      "horizon_09_affected_candidates_improvement_pct": 13.730168733997049,
      "horizon_10_all_candidates_model_robust_mae": 0.7924123392753338,
      "horizon_10_all_candidates_baseline_robust_mae": 0.9289248027645703,
      "horizon_10_all_candidates_improvement_pct": 14.695749654112172,
      "horizon_10_affected_candidates_model_robust_mae": 1.3258877956450146,
      "horizon_10_affected_candidates_baseline_robust_mae": 1.5406091656416363,
      "horizon_10_affected_candidates_improvement_pct": 13.937432983348122,
      "horizon_11_all_candidates_model_robust_mae": 0.8070058806386952,
      "horizon_11_all_candidates_baseline_robust_mae": 0.9471625830397096,
      "horizon_11_all_candidates_improvement_pct": 14.797533698091447,
      "horizon_11_affected_candidates_model_robust_mae": 1.356974902564803,
      "horizon_11_affected_candidates_baseline_robust_mae": 1.579863786064337,
      "horizon_11_affected_candidates_improvement_pct": 14.108107639759345,
      "horizon_12_all_candidates_model_robust_mae": 0.8194717897812603,
      "horizon_12_all_candidates_baseline_robust_mae": 0.962095373567048,
      "horizon_12_all_candidates_improvement_pct": 14.824266668802174,
      "horizon_12_affected_candidates_model_robust_mae": 1.3879094878987068,
      "horizon_12_affected_candidates_baseline_robust_mae": 1.6147309201281246,
      "horizon_12_affected_candidates_improvement_pct": 14.047011139875867,
      "affected_node_rate": 0.23427743925374256
    },
    "test": {
      "all_candidates_model_robust_mae": 0.7074121813092319,
      "all_candidates_baseline_robust_mae": 0.8328134175155775,
      "all_candidates_improvement_pct": 15.057542730331912,
      "affected_candidates_model_robust_mae": 1.1025880795145402,
      "affected_candidates_baseline_robust_mae": 1.293837023264936,
      "affected_candidates_improvement_pct": 14.781532782837541,
      "unaffected_candidates_model_robust_mae": 0.5220037689081972,
      "unaffected_candidates_baseline_robust_mae": 0.6165106205771105,
      "unaffected_candidates_improvement_pct": 15.32931445373093,
      "horizon_01_all_candidates_model_robust_mae": 0.5229103015370618,
      "horizon_01_all_candidates_baseline_robust_mae": 0.591224841429918,
      "horizon_01_all_candidates_improvement_pct": 11.554747890435873,
      "horizon_01_affected_candidates_model_robust_mae": 0.7340346738349302,
      "horizon_01_affected_candidates_baseline_robust_mae": 0.8144241979669616,
      "horizon_01_affected_candidates_improvement_pct": 9.870719010155517,
      "horizon_02_all_candidates_model_robust_mae": 0.5841376281743569,
      "horizon_02_all_candidates_baseline_robust_mae": 0.6647113468303868,
      "horizon_02_all_candidates_improvement_pct": 12.121610235817107,
      "horizon_02_affected_candidates_model_robust_mae": 0.8536565900690154,
      "horizon_02_affected_candidates_baseline_robust_mae": 0.9614806884368053,
      "horizon_02_affected_candidates_improvement_pct": 11.21438003534866,
      "horizon_03_all_candidates_model_robust_mae": 0.6301836637435517,
      "horizon_03_all_candidates_baseline_robust_mae": 0.7255605875606053,
      "horizon_03_all_candidates_improvement_pct": 13.145273523982144,
      "horizon_03_affected_candidates_model_robust_mae": 0.9450738875587815,
      "horizon_03_affected_candidates_baseline_robust_mae": 1.0792830611036868,