{
  "metrics": {
    "val": {
      "all_candidates_model_robust_mae": 0.7062548992662206,
      "all_candidates_baseline_robust_mae": 0.8218168869426726,
      "all_candidates_improvement_pct": 14.061768444107578,
      "affected_candidates_model_robust_mae": 1.144431071184179,
      "affected_candidates_baseline_robust_mae": 1.321900093170066,
      "affected_candidates_improvement_pct": 13.425297638060998,
      "unaffected_candidates_model_robust_mae": 0.5275356351410599,
      "unaffected_candidates_baseline_robust_mae": 0.6178475281539271,
      "unaffected_candidates_improvement_pct": 14.617181245785826,
      "horizon_01_all_candidates_model_robust_mae": 0.5275602683384762,
      "horizon_01_all_candidates_baseline_robust_mae": 0.5962882424202636,
      "horizon_01_all_candidates_improvement_pct": 11.52596499351196,
      "horizon_01_affected_candidates_model_robust_mae": 0.754325990691511,
      "horizon_01_affected_candidates_baseline_robust_mae": 0.8344840254504524,
      "horizon_01_affected_candidates_improvement_pct": 9.605700326698566,
      "horizon_02_all_candidates_model_robust_mae": 0.5868819866498546,
      "horizon_02_all_candidates_baseline_robust_mae": 0.6658843623079687,
      "horizon_02_all_candidates_improvement_pct": 11.86427856396721,
      "horizon_02_affected_candidates_model_robust_mae": 0.8717015383938351,
      "horizon_02_affected_candidates_baseline_robust_mae": 0.9774392338256852,
      "horizon_02_affected_candidates_improvement_pct": 10.817828031927268,
      "horizon_03_all_candidates_model_robust_mae": 0.6275297633939504,
      "horizon_03_all_candidates_baseline_robust_mae": 0.7185090804896771,
      "horizon_03_all_candidates_improvement_pct": 12.662236228625341,
      "horizon_03_affected_candidates_model_robust_mae": 0.9582833318847491,
      "horizon_03_affected_candidates_baseline_robust_mae": 1.0872711996786735,
      "horizon_03_affected_candidates_improvement_pct": 11.863449324514873,
      "horizon_04_all_candidates_model_robust_mae": 0.6662227474215348,
      "horizon_04_all_candidates_baseline_robust_mae": 0.7657993273023962,
      "horizon_04_all_candidates_improvement_pct": 13.002959957098653,
      "horizon_04_affected_candidates_model_robust_mae": 1.0421478519865734,
      "horizon_04_affected_candidates_baseline_robust_mae": 1.187129695928143,
      "horizon_04_affected_candidates_improvement_pct": 12.212805764935165,
      "horizon_05_all_candidates_model_robust_mae": 0.689725326687638,
      "horizon_05_all_candidates_baseline_robust_mae": 0.7988252447729507,
      "horizon_05_all_candidates_improvement_pct": 13.657545101284585,
      "horizon_05_affected_candidates_model_robust_mae": 1.1128735470265334,
      "horizon_05_affected_candidates_baseline_robust_mae": 1.2785870019025969,
      "horizon_05_affected_candidates_improvement_pct": 12.96067100865832,
      "horizon_06_all_candidates_model_robust_mae": 0.7116196776983253,
      "horizon_06_all_candidates_baseline_robust_mae": 0.8271635636319291,
      "horizon_06_all_candidates_improvement_pct": 13.968686607310284,
      "horizon_06_affected_candidates_model_robust_mae": 1.1564597642106489,
      "horizon_06_affected_candidates_baseline_robust_mae": 1.3361698379661417,
      "horizon_06_affected_candidates_improvement_pct": 13.449643050545095,
      "horizon_07_all_candidates_model_robust_mae": 0.7334612600312987,
      "horizon_07_all_candidates_baseline_robust_mae": 0.8581669754201103,
      "horizon_07_all_candidates_improvement_pct": 14.53163766034724,
      "horizon_07_affected_candidates_model_robust_mae": 1.2055884992751456,
      "horizon_07_affected_candidates_baseline_robust_mae": 1.396760433062908,
      "horizon_07_affected_candidates_improvement_pct": 13.686809080677355,
      "horizon_08_all_candidates_model_robust_mae": 0.7537497132842577,
      "horizon_08_all_candidates_baseline_robust_mae": 0.8832959456348695,
      "horizon_08_all_candidates_improvement_pct": 14.666231967984453,
      "horizon_08_affected_candidates_model_robust_mae": 1.2554265278799757,
      "horizon_08_affected_candidates_baseline_robust_mae": 1.4631506402253955,
      "horizon_08_affected_candidates_improvement_pct": 14.19704209768998,
      "horizon_09_all_candidates_model_robust_mae": 0.7753609361490184,
      "horizon_09_all_candidates_baseline_robust_mae": 0.9114611392936798,
      "horizon_09_all_candidates_improvement_pct": 14.932090604557184,
      "horizon_09_affected_candidates_model_robust_mae": 1.3038924125917253,
      "horizon_09_affected_candidates_baseline_robust_mae": 1.5233428762195156,
      "horizon_09_affected_candidates_improvement_pct": 14.40584828626377,
      "horizon_10_all_candidates_model_robust_mae": 0.7831385956945444,
      "horizon_10_all_candidates_baseline_robust_mae": 0.9254125011244565,
      "horizon_10_all_candidates_improvement_pct": 15.374106709930652,
      "horizon_10_affected_candidates_model_robust_mae": 1.3161172150784015,
      "horizon_10_affected_candidates_baseline_robust_mae": 1.546078384663797,
      "horizon_10_affected_candidates_improvement_pct": 14.873836402246958,
      "horizon_11_all_candidates_model_robust_mae": 0.8036274820825562,
      "horizon_11_all_candidates_baseline_robust_mae": 0.9489043907745328,
      "horizon_11_all_candidates_improvement_pct": 15.309962742758092,
      "horizon_11_affected_candidates_model_robust_mae": 1.3621242397373046,
      "horizon_11_affected_candidates_baseline_robust_mae": 1.6002097212676636,
      "horizon_11_affected_candidates_improvement_pct": 14.878392398575796,
      "horizon_12_all_candidates_model_robust_mae": 0.8162653954647268,
      "horizon_12_all_candidates_baseline_robust_mae": 0.9622013237750741,
      "horizon_12_all_candidates_improvement_pct": 15.166880849611214,
      "horizon_12_affected_candidates_model_robust_mae": 1.3945106180847993,
      "horizon_12_affected_candidates_baseline_robust_mae": 1.6325334546965442,
      "horizon_12_affected_candidates_improvement_pct": 14.579966856237485,
      "affected_node_rate": 0.23040841625624014
    },
    "test": {
      "all_candidates_model_robust_mae": 0.7065506635676986,
      "all_candidates_baseline_robust_mae": 0.8305550675168533,
      "all_candidates_improvement_pct": 14.93030490078112,
      "affected_candidates_model_robust_mae": 1.101392867370007,
      "affected_candidates_baseline_robust_mae": 1.288427198736098,
      "affected_candidates_improvement_pct": 14.51648424913453,
      "unaffected_candidates_model_robust_mae": 0.5215798122401144,
      "unaffected_candidates_baseline_robust_mae": 0.6160567199198358,
      "unaffected_candidates_improvement_pct": 15.33574825577995,
      "horizon_01_all_candidates_model_robust_mae": 0.5231252282990483,
      "horizon_01_all_candidates_baseline_robust_mae": 0.5892743176977213,
      "horizon_01_all_candidates_improvement_pct": 11.225517116903333,
      "horizon_01_affected_candidates_model_robust_mae": 0.730624386068363,
      "horizon_01_affected_candidates_baseline_robust_mae": 0.8069023430602876,
      "horizon_01_affected_candidates_improvement_pct": 9.453183231892726,
      "horizon_02_all_candidates_model_robust_mae": 0.5838978323500168,
      "horizon_02_all_candidates_baseline_robust_mae": 0.6626268678422095,
      "horizon_02_all_candidates_improvement_pct": 11.881352736053005,
      "horizon_02_affected_candidates_model_robust_mae": 0.85572273307195,
      "horizon_02_affected_candidates_baseline_robust_mae": 0.9595131967832721,
      "horizon_02_affected_candidates_improvement_pct": 10.816991789094224,
      "horizon_03_all_candidates_model_robust_mae": 0.6251000805819148,
      "horizon_03_all_candidates_baseline_robust_mae": 0.7171255289241326,
      "horizon_03_all_candidates_improvement_pct": 12.832543903475168,
      "horizon_03_affected_candidates_model_robust_mae": 0.9303593500585778,
      "horizon_03_affected_candidates_baseline_robust_mae": 1.055717821613149,