{
  "metrics": {
    "val": {
      "all_candidates_model_robust_mae": 0.7171409737743747,
      "all_candidates_baseline_robust_mae": 0.8272501102632047,
      "all_candidates_improvement_pct": 13.310259511938511,
      "affected_candidates_model_robust_mae": 1.1606473654220155,
      "affected_candidates_baseline_robust_mae": 1.3240686546633906,
      "affected_candidates_improvement_pct": 12.342357676530048,
      "unaffected_candidates_model_robust_mae": 0.5323135073816708,
      "unaffected_candidates_baseline_robust_mae": 0.6202052552880885,
      "unaffected_candidates_improvement_pct": 14.171396833068025,
      "horizon_01_all_candidates_model_robust_mae": 0.5345529485485762,
      "horizon_01_all_candidates_baseline_robust_mae": 0.6003526860005128,
      "horizon_01_all_candidates_improvement_pct": 10.96018040500288,
      "horizon_01_affected_candidates_model_robust_mae": 0.7691559798198068,
      "horizon_01_affected_candidates_baseline_robust_mae": 0.8427632402965712,
      "horizon_01_affected_candidates_improvement_pct": 8.734037859893109,
      "horizon_02_all_candidates_model_robust_mae": 0.5979475551708981,
      "horizon_02_all_candidates_baseline_robust_mae": 0.6733494887504019,
      "horizon_02_all_candidates_improvement_pct": 11.198038290551647,
      "horizon_02_affected_candidates_model_robust_mae": 0.9010230605513844,
      "horizon_02_affected_candidates_baseline_robust_mae": 0.9973475126132015,
      "horizon_02_affected_candidates_improvement_pct": 9.65806309672669,
      "horizon_03_all_candidates_model_robust_mae": 0.6446293580526088,
      "horizon_03_all_candidates_baseline_robust_mae": 0.7308534904495786,
      "horizon_03_all_candidates_improvement_pct": 11.797731491154229,
      "horizon_03_affected_candidates_model_robust_mae": 1.0002197953852459,
      "horizon_03_affected_candidates_baseline_robust_mae": 1.1166547427176545,
      "horizon_03_affected_candidates_improvement_pct": 10.427121551379036,
      "horizon_04_all_candidates_model_robust_mae": 0.6759953790109278,
      "horizon_04_all_candidates_baseline_robust_mae": 0.7732848661126429,
      "horizon_04_all_candidates_improvement_pct": 12.581325636281518,
      "horizon_04_affected_candidates_model_robust_mae": 1.0663535869533713,
      "horizon_04_affected_candidates_baseline_robust_mae": 1.2040969552088483,
      "horizon_04_affected_candidates_improvement_pct": 11.4395578910492,
      "horizon_05_all_candidates_model_robust_mae": 0.7020787550373473,
      "horizon_05_all_candidates_baseline_robust_mae": 0.80618805385504,
      "horizon_05_all_candidates_improvement_pct": 12.913773445272673,
      "horizon_05_affected_candidates_model_robust_mae": 1.1270806664740172,
      "horizon_05_affected_candidates_baseline_robust_mae": 1.2793815399100616,
      "horizon_05_affected_candidates_improvement_pct": 11.90425754046373,
      "horizon_06_all_candidates_model_robust_mae": 0.7255683007044459,
      "horizon_06_all_candidates_baseline_robust_mae": 0.8377409271994909,
      "horizon_06_all_candidates_improvement_pct": 13.38989451906453,
      "horizon_06_affected_candidates_model_robust_mae": 1.1796955455976401,
      "horizon_06_affected_candidates_baseline_robust_mae": 1.346644237542608,
      "horizon_06_affected_candidates_improvement_pct": 12.397386576993805,
      "horizon_07_all_candidates_model_robust_mae": 0.745236168048965,
      "horizon_07_all_candidates_baseline_robust_mae": 0.8643465388721971,
      "horizon_07_all_candidates_improvement_pct": 13.780395416246806,
      "horizon_07_affected_candidates_model_robust_mae": 1.2206771814536692,
      "horizon_07_affected_candidates_baseline_robust_mae": 1.4017586805897237,
      "horizon_07_affected_candidates_improvement_pct": 12.918164991129075,
      "horizon_08_all_candidates_model_robust_mae": 0.7666577387684087,
      "horizon_08_all_candidates_baseline_robust_mae": 0.8908410368372225,
      "horizon_08_all_candidates_improvement_pct": 13.940006458358178,
      "horizon_08_affected_candidates_model_robust_mae": 1.2675709091527974,
      "horizon_08_affected_candidates_baseline_robust_mae": 1.4593189470573813,
      "horizon_08_affected_candidates_improvement_pct": 13.139556523351594,
      "horizon_09_all_candidates_model_robust_mae": 0.7839643454711501,
      "horizon_09_all_candidates_baseline_robust_mae": 0.9119756261656342,
      "horizon_09_all_candidates_improvement_pct": 14.036699778118248,
      "horizon_09_affected_candidates_model_robust_mae": 1.305984789465172,
      "horizon_09_affected_candidates_baseline_robust_mae": 1.5058868737007916,
      "horizon_09_affected_candidates_improvement_pct": 13.274707929709908,
      "horizon_10_all_candidates_model_robust_mae": 0.7962190689029506,
      "horizon_10_all_candidates_baseline_robust_mae": 0.9289248031395567,
      "horizon_10_all_candidates_improvement_pct": 14.28595014236789,
      "horizon_10_affected_candidates_model_robust_mae": 1.332879257561675,
      "horizon_10_affected_candidates_baseline_robust_mae": 1.5406091605425325,
      "horizon_10_affected_candidates_improvement_pct": 13.483621174088336,
      "horizon_11_all_candidates_model_robust_mae": 0.8104268895638612,
      "horizon_11_all_candidates_baseline_robust_mae": 0.9471625751648224,
      "horizon_11_all_candidates_improvement_pct": 14.43634801313458,
      "horizon_11_affected_candidates_model_robust_mae": 1.363861759158731,
      "horizon_11_affected_candidates_baseline_robust_mae": 1.5798637806463696,
      "horizon_11_affected_candidates_improvement_pct": 13.672192763306828,
      "horizon_12_all_candidates_model_robust_mae": 0.8225049243073655,
      "horizon_12_all_candidates_baseline_robust_mae": 0.962095373567048,
      "horizon_12_all_candidates_improvement_pct": 14.509003275022447,
      "horizon_12_affected_candidates_model_robust_mae": 1.3934528422035104,
      "horizon_12_affected_candidates_baseline_robust_mae": 1.6147309258643616,
      "horizon_12_affected_candidates_improvement_pct": 13.703712495777065,
      "affected_node_rate": 0.23427743925374256
    },
    "test": {
      "all_candidates_model_robust_mae": 0.7112116943267115,
      "all_candidates_baseline_robust_mae": 0.8328134196658367,
      "all_candidates_improvement_pct": 14.601316749664939,
      "affected_candidates_model_robust_mae": 1.1110206497773925,
      "affected_candidates_baseline_robust_mae": 1.293837027683651,
      "affected_candidates_improvement_pct": 14.1297840450241,
      "unaffected_candidates_model_robust_mae": 0.5236295429920572,
      "unaffected_candidates_baseline_robust_mae": 0.6165106195898865,
      "unaffected_candidates_improvement_pct": 15.065608546956641,
      "horizon_01_all_candidates_model_robust_mae": 0.5250590150953676,
      "horizon_01_all_candidates_baseline_robust_mae": 0.5912248439472282,
      "horizon_01_all_candidates_improvement_pct": 11.191314020248866,
      "horizon_01_affected_candidates_model_robust_mae": 0.7366950419173912,
      "horizon_01_affected_candidates_baseline_robust_mae": 0.8144241910254835,
      "horizon_01_affected_candidates_improvement_pct": 9.544061923089426,
      "horizon_02_all_candidates_model_robust_mae": 0.5859684060232603,
      "horizon_02_all_candidates_baseline_robust_mae": 0.6647113446148724,
      "horizon_02_all_candidates_improvement_pct": 11.84618545020245,
      "horizon_02_affected_candidates_model_robust_mae": 0.8571361912795319,
      "horizon_02_affected_candidates_baseline_robust_mae": 0.9614806863858398,
      "horizon_02_affected_candidates_improvement_pct": 10.85247957486634,
      "horizon_03_all_candidates_model_robust_mae": 0.632396760389588,
      "horizon_03_all_candidates_baseline_robust_mae": 0.7255605942083166,
      "horizon_03_all_candidates_improvement_pct": 12.840255460728649,
      "horizon_03_affected_candidates_model_robust_mae": 0.9498026443754107,
      "horizon_03_affected_candidates_baseline_robust_mae": 1.0792830623658292,