{
  "metrics": {
    "val": {
      "all_candidates_model_robust_mae": 0.6897762601941031,
      "all_candidates_baseline_robust_mae": 0.7995363859713458,
      "all_candidates_improvement_pct": 13.727971322267793,
      "affected_candidates_model_robust_mae": 1.0895411407696713,
      "affected_candidates_baseline_robust_mae": 1.2584114214889162,
      "affected_candidates_improvement_pct": 13.419321998797688,
      "unaffected_candidates_model_robust_mae": 0.5227169893398963,
      "unaffected_candidates_baseline_robust_mae": 0.6077753549443679,
      "unaffected_candidates_improvement_pct": 13.995033676917895,
      "horizon_01_all_candidates_model_robust_mae": 0.5263518560934629,
      "horizon_01_all_candidates_baseline_robust_mae": 0.5929446607233769,
      "horizon_01_all_candidates_improvement_pct": 11.230863357243582,
      "horizon_01_affected_candidates_model_robust_mae": 0.7434094956018388,
      "horizon_01_affected_candidates_baseline_robust_mae": 0.8216458869390394,
      "horizon_01_affected_candidates_improvement_pct": 9.521911151854306,
      "horizon_02_all_candidates_model_robust_mae": 0.5765332269066858,
      "horizon_02_all_candidates_baseline_robust_mae": 0.6517273449174645,
      "horizon_02_all_candidates_improvement_pct": 11.537665036949056,
      "horizon_02_affected_candidates_model_robust_mae": 0.8416810118079419,
      "horizon_02_affected_candidates_baseline_robust_mae": 0.9391720167093849,
      "horizon_02_affected_candidates_improvement_pct": 10.380527013893175,
      "horizon_03_all_candidates_model_robust_mae": 0.6201708295741359,
      "horizon_03_all_candidates_baseline_robust_mae": 0.7087809848382115,
      "horizon_03_all_candidates_improvement_pct": 12.501768128599272,
      "horizon_03_affected_candidates_model_robust_mae": 0.9418320519358427,
      "horizon_03_affected_candidates_baseline_robust_mae": 1.066772891892558,
      "horizon_03_affected_candidates_improvement_pct": 11.712037389238326,
      "horizon_04_all_candidates_model_robust_mae": 0.650849718578734,
      "horizon_04_all_candidates_baseline_robust_mae": 0.7451416339992527,
      "horizon_04_all_candidates_improvement_pct": 12.654227212408493,
      "horizon_04_affected_candidates_model_robust_mae": 0.9881534384391435,
      "horizon_04_affected_candidates_baseline_robust_mae": 1.1291521056624483,
      "horizon_04_affected_candidates_improvement_pct": 12.487127864902135,
      "horizon_05_all_candidates_model_robust_mae": 0.6723428722395949,
      "horizon_05_all_candidates_baseline_robust_mae": 0.7775164482787248,
      "horizon_05_all_candidates_improvement_pct": 13.526861878223212,
      "horizon_05_affected_candidates_model_robust_mae": 1.0527265462190691,
      "horizon_05_affected_candidates_baseline_robust_mae": 1.2136341483430413,
      "horizon_05_affected_candidates_improvement_pct": 13.258328495754439,
      "horizon_06_all_candidates_model_robust_mae": 0.6924882680619742,
      "horizon_06_all_candidates_baseline_robust_mae": 0.8022793232510516,
      "horizon_06_all_candidates_improvement_pct": 13.684891534306843,
      "horizon_06_affected_candidates_model_robust_mae": 1.0995749444416407,
      "horizon_06_affected_candidates_baseline_robust_mae": 1.2700762706095545,
      "horizon_06_affected_candidates_improvement_pct": 13.424495056984584,
      "horizon_07_all_candidates_model_robust_mae": 0.7135717743165879,
      "horizon_07_all_candidates_baseline_robust_mae": 0.8332710728971775,
      "horizon_07_all_candidates_improvement_pct": 14.364989074252913,
      "horizon_07_affected_candidates_model_robust_mae": 1.1452683943968553,
      "horizon_07_affected_candidates_baseline_robust_mae": 1.3287969552553618,
      "horizon_07_affected_candidates_improvement_pct": 13.811633156793079,
      "horizon_08_all_candidates_model_robust_mae": 0.7375493416955449,
      "horizon_08_all_candidates_baseline_robust_mae": 0.8590011855154337,
      "horizon_08_all_candidates_improvement_pct": 14.138728312349542,
      "horizon_08_affected_candidates_model_robust_mae": 1.2006157820041363,
      "horizon_08_affected_candidates_baseline_robust_mae": 1.3952351074952345,
      "horizon_08_affected_candidates_improvement_pct": 13.948855246373803,
      "horizon_09_all_candidates_model_robust_mae": 0.7555921875518999,
      "horizon_09_all_candidates_baseline_robust_mae": 0.8850243246432051,
      "horizon_09_all_candidates_improvement_pct": 14.624698269562856,
      "horizon_09_affected_candidates_model_robust_mae": 1.2397879335858242,
      "horizon_09_affected_candidates_baseline_robust_mae": 1.4476606862518318,
      "horizon_09_affected_candidates_improvement_pct": 14.359217918959672,
      "horizon_10_all_candidates_model_robust_mae": 0.7650656428449341,
      "horizon_10_all_candidates_baseline_robust_mae": 0.8987710923573512,
      "horizon_10_all_candidates_improvement_pct": 14.876474182288884,
      "horizon_10_affected_candidates_model_robust_mae": 1.2488735626397292,
      "horizon_10_affected_candidates_baseline_robust_mae": 1.465643201842193,
      "horizon_10_affected_candidates_improvement_pct": 14.790068887844068,
      "horizon_11_all_candidates_model_robust_mae": 0.7759211523139101,
      "horizon_11_all_candidates_baseline_robust_mae": 0.9127843606076878,
      "horizon_11_all_candidates_improvement_pct": 14.99403519607421,
      "horizon_11_affected_candidates_model_robust_mae": 1.2704827178741829,
      "horizon_11_affected_candidates_baseline_robust_mae": 1.4943399511726088,
      "horizon_11_affected_candidates_improvement_pct": 14.980341864163176,
      "horizon_12_all_candidates_model_robust_mae": 0.7909732571949042,
      "horizon_12_all_candidates_baseline_robust_mae": 0.927315600304819,
      "horizon_12_all_candidates_improvement_pct": 14.70290622363061,
      "horizon_12_affected_candidates_model_robust_mae": 1.3024983986928873,
      "horizon_12_affected_candidates_baseline_robust_mae": 1.5293312568690351,
      "horizon_12_affected_candidates_improvement_pct": 14.832159949476058,
      "affected_node_rate": 0.23494838741541957
    },
    "test": {
      "all_candidates_model_robust_mae": 0.7045061355532379,
      "all_candidates_baseline_robust_mae": 0.8234128243864272,
      "all_candidates_improvement_pct": 14.4407137357611,
      "affected_candidates_model_robust_mae": 1.096935156451698,
      "affected_candidates_baseline_robust_mae": 1.272880286139895,
      "affected_candidates_improvement_pct": 13.822598370327793,
      "unaffected_candidates_model_robust_mae": 0.5213124802270991,
      "unaffected_candidates_baseline_robust_mae": 0.6135924538478237,
      "unaffected_candidates_improvement_pct": 15.039294085518666,
      "horizon_01_all_candidates_model_robust_mae": 0.5210827082722027,
      "horizon_01_all_candidates_baseline_robust_mae": 0.5863519605043456,
      "horizon_01_all_candidates_improvement_pct": 11.131411955372688,
      "horizon_01_affected_candidates_model_robust_mae": 0.731188023595245,
      "horizon_01_affected_candidates_baseline_robust_mae": 0.8031333235223636,
      "horizon_01_affected_candidates_improvement_pct": 8.95807679994929,
      "horizon_02_all_candidates_model_robust_mae": 0.5831039138324071,
      "horizon_02_all_candidates_baseline_robust_mae": 0.6569048889229767,
      "horizon_02_all_candidates_improvement_pct": 11.234651520339483,
      "horizon_02_affected_candidates_model_robust_mae": 0.8593608743159182,
      "horizon_02_affected_candidates_baseline_robust_mae": 0.9531313926453509,
      "horizon_02_affected_candidates_improvement_pct": 9.838152331671605,
      "horizon_03_all_candidates_model_robust_mae": 0.625659670197347,
      "horizon_03_all_candidates_baseline_robust_mae": 0.7140641069932852,
      "horizon_03_all_candidates_improvement_pct": 12.380462192419014,
      "horizon_03_affected_candidates_model_robust_mae": 0.9295484058091313,
      "horizon_03_affected_candidates_baseline_robust_mae": 1.0451551416441651,