{
  "metrics": {
    "val": {
      "all_candidates_model_robust_mae": 0.689715588559541,
      "all_candidates_baseline_robust_mae": 0.7995363859713458,
      "all_candidates_improvement_pct": 13.735559674171059,
      "affected_candidates_model_robust_mae": 1.089920927641999,
      "affected_candidates_baseline_robust_mae": 1.2584114214889162,
      "affected_candidates_improvement_pct": 13.389142133465706,
      "unaffected_candidates_model_robust_mae": 0.5224722374739368,
      "unaffected_candidates_baseline_robust_mae": 0.6077753549443679,
      "unaffected_candidates_improvement_pct": 14.035303797114185,
      "horizon_01_all_candidates_model_robust_mae": 0.5265194855962382,
      "horizon_01_all_candidates_baseline_robust_mae": 0.5929446607233769,
      "horizon_01_all_candidates_improvement_pct": 11.202592674685995,
      "horizon_01_affected_candidates_model_robust_mae": 0.7437260378460685,
      "horizon_01_affected_candidates_baseline_robust_mae": 0.8216458869390394,
      "horizon_01_affected_candidates_improvement_pct": 9.483385766495296,
      "horizon_02_all_candidates_model_robust_mae": 0.576460254965616,
      "horizon_02_all_candidates_baseline_robust_mae": 0.6517273449174645,
      "horizon_02_all_candidates_improvement_pct": 11.548861734715214,
      "horizon_02_affected_candidates_model_robust_mae": 0.8415126952391515,
      "horizon_02_affected_candidates_baseline_robust_mae": 0.9391720167093849,
      "horizon_02_affected_candidates_improvement_pct": 10.398448817971206,
      "horizon_03_all_candidates_model_robust_mae": 0.6202318768922831,
      "horizon_03_all_candidates_baseline_robust_mae": 0.7087809848382115,
      "horizon_03_all_candidates_improvement_pct": 12.493155126917081,
      "horizon_03_affected_candidates_model_robust_mae": 0.9422080831471118,
      "horizon_03_affected_candidates_baseline_robust_mae": 1.066772891892558,
      "horizon_03_affected_candidates_improvement_pct": 11.676787973535424,
      "horizon_04_all_candidates_model_robust_mae": 0.6507767575097569,
      "horizon_04_all_candidates_baseline_robust_mae": 0.7451416339992527,
      "horizon_04_all_candidates_improvement_pct": 12.664018782983531,
      "horizon_04_affected_candidates_model_robust_mae": 0.9883595455866125,
      "horizon_04_affected_candidates_baseline_robust_mae": 1.1291521056624483,
      "horizon_04_affected_candidates_improvement_pct": 12.468874598009618,
      "horizon_05_all_candidates_model_robust_mae": 0.672342937098738,
      "horizon_05_all_candidates_baseline_robust_mae": 0.7775164482787248,
      "horizon_05_all_candidates_improvement_pct": 13.526853536387703,
      "horizon_05_affected_candidates_model_robust_mae": 1.0531655629857877,
      "horizon_05_affected_candidates_baseline_robust_mae": 1.2136341483430413,
      "horizon_05_affected_candidates_improvement_pct": 13.222154763553686,
      "horizon_06_all_candidates_model_robust_mae": 0.6923685164638449,
      "horizon_06_all_candidates_baseline_robust_mae": 0.8022793232510516,
      "horizon_06_all_candidates_improvement_pct": 13.699817956396846,
      "horizon_06_affected_candidates_model_robust_mae": 1.0999628406708903,
      "horizon_06_affected_candidates_baseline_robust_mae": 1.2700762706095545,
      "horizon_06_affected_candidates_improvement_pct": 13.39395388097604,
      "horizon_07_all_candidates_model_robust_mae": 0.7134259191588571,
      "horizon_07_all_candidates_baseline_robust_mae": 0.8332710728971775,
      "horizon_07_all_candidates_improvement_pct": 14.382493000943143,
      "horizon_07_affected_candidates_model_robust_mae": 1.145303120979896,
      "horizon_07_affected_candidates_baseline_robust_mae": 1.3287969552553618,
      "horizon_07_affected_candidates_improvement_pct": 13.80901977158751,
      "horizon_08_all_candidates_model_robust_mae": 0.7373374424887486,
      "horizon_08_all_candidates_baseline_robust_mae": 0.8590011855154337,
      "horizon_08_all_candidates_improvement_pct": 14.163396404823613,
      "horizon_08_affected_candidates_model_robust_mae": 1.2008567681679359,
      "horizon_08_affected_candidates_baseline_robust_mae": 1.3952351074952345,
      "horizon_08_affected_candidates_improvement_pct": 13.931583163518022,
      "horizon_09_all_candidates_model_robust_mae": 0.7553038616852399,
      "horizon_09_all_candidates_baseline_robust_mae": 0.8850243246432051,
      "horizon_09_all_candidates_improvement_pct": 14.657276568105814,
      "horizon_09_affected_candidates_model_robust_mae": 1.2399718325528857,
      "horizon_09_affected_candidates_baseline_robust_mae": 1.4476606862518318,
      "horizon_09_affected_candidates_improvement_pct": 14.346514737281261,
      "horizon_10_all_candidates_model_robust_mae": 0.7649127163882061,
      "horizon_10_all_candidates_baseline_robust_mae": 0.8987710923573512,
      "horizon_10_all_candidates_improvement_pct": 14.893489244080294,
      "horizon_10_affected_candidates_model_robust_mae": 1.2494201132686273,
      "horizon_10_affected_candidates_baseline_robust_mae": 1.465643201842193,
      "horizon_10_affected_candidates_improvement_pct": 14.752778050059591,
      "horizon_11_all_candidates_model_robust_mae": 0.7758944099878495,
      "horizon_11_all_candidates_baseline_robust_mae": 0.9127843606076878,
      "horizon_11_all_candidates_improvement_pct": 14.996964948950646,
      "horizon_11_affected_candidates_model_robust_mae": 1.2714278662318497,
      "horizon_11_affected_candidates_baseline_robust_mae": 1.4943399511726088,
      "horizon_11_affected_candidates_improvement_pct": 14.91709331372958,
      "horizon_12_all_candidates_model_robust_mae": 0.7911076859101667,
      "horizon_12_all_candidates_baseline_robust_mae": 0.927315600304819,
      "horizon_12_all_candidates_improvement_pct": 14.688409679496305,
      "horizon_12_affected_candidates_model_robust_mae": 1.3035473942873113,
      "horizon_12_affected_candidates_baseline_robust_mae": 1.5293312568690351,
      "horizon_12_affected_candidates_improvement_pct": 14.763568165340844,
      "affected_node_rate": 0.23494838741541957
    },
    "test": {
      "all_candidates_model_robust_mae": 0.7043413542742353,
      "all_candidates_baseline_robust_mae": 0.8234128243864272,
      "all_candidates_improvement_pct": 14.460725724173528,
      "affected_candidates_model_robust_mae": 1.096860688604572,
      "affected_candidates_baseline_robust_mae": 1.272880286139895,
      "affected_candidates_improvement_pct": 13.828448712102814,
      "unaffected_candidates_model_robust_mae": 0.5211055227937894,
      "unaffected_candidates_baseline_robust_mae": 0.6135924538478237,
      "unaffected_candidates_improvement_pct": 15.07302289558011,
      "horizon_01_all_candidates_model_robust_mae": 0.5210678458773474,
      "horizon_01_all_candidates_baseline_robust_mae": 0.5863519605043456,
      "horizon_01_all_candidates_improvement_pct": 11.13394667783571,
      "horizon_01_affected_candidates_model_robust_mae": 0.7311812476365731,
      "horizon_01_affected_candidates_baseline_robust_mae": 0.8031333235223636,
      "horizon_01_affected_candidates_improvement_pct": 8.9589204903396,
      "horizon_02_all_candidates_model_robust_mae": 0.5829949167297952,
      "horizon_02_all_candidates_baseline_robust_mae": 0.6569048889229767,
      "horizon_02_all_candidates_improvement_pct": 11.251244044531322,
      "horizon_02_affected_candidates_model_robust_mae": 0.8592895585142887,
      "horizon_02_affected_candidates_baseline_robust_mae": 0.9531313926453509,
      "horizon_02_affected_candidates_improvement_pct": 9.845634595101375,
      "horizon_03_all_candidates_model_robust_mae": 0.6255463285567361,
      "horizon_03_all_candidates_baseline_robust_mae": 0.7140641069932852,
      "horizon_03_all_candidates_improvement_pct": 12.396334946629862,
      "horizon_03_affected_candidates_model_robust_mae": 0.9293112911843864,
      "horizon_03_affected_candidates_baseline_robust_mae": 1.0451551416441651,