{
  "metrics": {
    "train": {
      "all_candidates_model_robust_mae": 0.6579326550518726,
      "all_candidates_baseline_robust_mae": 0.7568154095024562,
      "all_candidates_improvement_pct": 13.065637037648434,
      "affected_candidates_model_robust_mae": 1.0034640478522419,
      "affected_candidates_baseline_robust_mae": 1.1386817385167165,
      "affected_candidates_improvement_pct": 11.874932748163115,
      "unaffected_candidates_model_robust_mae": 0.5163399905097819,
      "unaffected_candidates_baseline_robust_mae": 0.6003333293543087,
      "unaffected_candidates_improvement_pct": 13.99111705739648,
      "horizon_01_all_candidates_model_robust_mae": 0.5028481710298452,
      "horizon_01_all_candidates_baseline_robust_mae": 0.5654217572374136,
      "horizon_01_all_candidates_improvement_pct": 11.066710010116305,
      "horizon_01_affected_candidates_model_robust_mae": 0.6875050591987317,
      "horizon_01_affected_candidates_baseline_robust_mae": 0.7520198272297759,
      "horizon_01_affected_candidates_improvement_pct": 8.578865303152705,
      "horizon_02_all_candidates_model_robust_mae": 0.559565538048849,
      "horizon_02_all_candidates_baseline_robust_mae": 0.6292246044649835,
      "horizon_02_all_candidates_improvement_pct": 11.070620239868743,
      "horizon_02_affected_candidates_model_robust_mae": 0.7999946922545212,
      "horizon_02_affected_candidates_baseline_robust_mae": 0.8813356343317446,
      "horizon_02_affected_candidates_improvement_pct": 9.22928098089424,
      "horizon_03_all_candidates_model_robust_mae": 0.5993359077010775,
      "horizon_03_all_candidates_baseline_robust_mae": 0.679347079728674,
      "horizon_03_all_candidates_improvement_pct": 11.777657461860644,
      "horizon_03_affected_candidates_model_robust_mae": 0.8779527749579282,
      "horizon_03_affected_candidates_baseline_robust_mae": 0.9767396365336127,
      "horizon_03_affected_candidates_improvement_pct": 10.113940079904287,
      "horizon_04_all_candidates_model_robust_mae": 0.6273187848475927,
      "horizon_04_all_candidates_baseline_robust_mae": 0.7151619962165963,
      "horizon_04_all_candidates_improvement_pct": 12.282980895757644,
      "horizon_04_affected_candidates_model_robust_mae": 0.9359302129124084,
      "horizon_04_affected_candidates_baseline_robust_mae": 1.0490735628419376,
      "horizon_04_affected_candidates_improvement_pct": 10.785073033679753,
      "horizon_05_all_candidates_model_robust_mae": 0.6476942149770187,
      "horizon_05_all_candidates_baseline_robust_mae": 0.7417047606680339,
      "horizon_05_all_candidates_improvement_pct": 12.674928175780126,
      "horizon_05_affected_candidates_model_robust_mae": 0.9801826574230225,
      "horizon_05_affected_candidates_baseline_robust_mae": 1.1069414973693565,
      "horizon_05_affected_candidates_improvement_pct": 11.451268223982579,
      "horizon_06_all_candidates_model_robust_mae": 0.6660383236095071,
      "horizon_06_all_candidates_baseline_robust_mae": 0.7669953066504662,
      "horizon_06_all_candidates_improvement_pct": 13.162659818851676,
      "horizon_06_affected_candidates_model_robust_mae": 1.020530382908459,
      "horizon_06_affected_candidates_baseline_robust_mae": 1.1594224070231753,
      "horizon_06_affected_candidates_improvement_pct": 11.97941520479343,
      "horizon_07_all_candidates_model_robust_mae": 0.6833407351719696,
      "horizon_07_all_candidates_baseline_robust_mae": 0.788761482783057,
      "horizon_07_all_candidates_improvement_pct": 13.365351872802165,
      "horizon_07_affected_candidates_model_robust_mae": 1.0549271296600082,
      "horizon_07_affected_candidates_baseline_robust_mae": 1.2043536333754532,
      "horizon_07_affected_candidates_improvement_pct": 12.407194994434144,
      "horizon_08_all_candidates_model_robust_mae": 0.6988024634660917,
      "horizon_08_all_candidates_baseline_robust_mae": 0.8087404399535016,
      "horizon_08_all_candidates_improvement_pct": 13.593728105612087,
      "horizon_08_affected_candidates_model_robust_mae": 1.0883945024495854,
      "horizon_08_affected_candidates_baseline_robust_mae": 1.2461668478890353,
      "horizon_08_affected_candidates_improvement_pct": 12.660611675451886,
      "horizon_09_all_candidates_model_robust_mae": 0.7116162095573282,
      "horizon_09_all_candidates_baseline_robust_mae": 0.8259273767270113,
      "horizon_09_all_candidates_improvement_pct": 13.840341220153757,
      "horizon_09_affected_candidates_model_robust_mae": 1.1147721631897083,
      "horizon_09_affected_candidates_baseline_robust_mae": 1.2794429852053282,
      "horizon_09_affected_candidates_improvement_pct": 12.870508801077456,
      "horizon_10_all_candidates_model_robust_mae": 0.7224037809508262,
      "horizon_10_all_candidates_baseline_robust_mae": 0.8405281192388496,
      "horizon_10_all_candidates_improvement_pct": 14.053585547499862,
      "horizon_10_affected_candidates_model_robust_mae": 1.1374000801739979,
      "horizon_10_affected_candidates_baseline_robust_mae": 1.3083243909294042,
      "horizon_10_affected_candidates_improvement_pct": 13.064367823486467,
      "horizon_11_all_candidates_model_robust_mae": 0.732499432148515,
      "horizon_11_all_candidates_baseline_robust_mae": 0.8542083067179264,
      "horizon_11_all_candidates_improvement_pct": 14.248149264322437,
      "horizon_11_affected_candidates_model_robust_mae": 1.1588287277352562,
      "horizon_11_affected_candidates_baseline_robust_mae": 1.33543275088949,
      "horizon_11_affected_candidates_improvement_pct": 13.224478959094226,
      "horizon_12_all_candidates_model_robust_mae": 0.7439024155081296,
      "horizon_12_all_candidates_baseline_robust_mae": 0.8659857967194721,
      "horizon_12_all_candidates_improvement_pct": 14.097619345931397,
      "horizon_12_affected_candidates_model_robust_mae": 1.1853585150715873,
      "horizon_12_affected_candidates_baseline_robust_mae": 1.3651884539716925,
      "horizon_12_affected_candidates_improvement_pct": 13.172535877880641,
      "affected_node_rate": 0.22748324205772144
    },
    "val": {
      "all_candidates_model_robust_mae": 0.7163742832441763,
      "all_candidates_baseline_robust_mae": 0.8272501102632047,
      "all_candidates_improvement_pct": 13.402938923000114,
      "affected_candidates_model_robust_mae": 1.1600277664730974,
      "affected_candidates_baseline_robust_mae": 1.3240686546633906,
      "affected_candidates_improvement_pct": 12.389152753713992,
      "unaffected_candidates_model_robust_mae": 0.5314855106640015,
      "unaffected_candidates_baseline_robust_mae": 0.6202052552880885,
      "unaffected_candidates_improvement_pct": 14.304900493446508,
      "horizon_01_all_candidates_model_robust_mae": 0.5340755695447593,
      "horizon_01_all_candidates_baseline_robust_mae": 0.6003526860005128,
      "horizon_01_all_candidates_improvement_pct": 11.039696831754808,
      "horizon_01_affected_candidates_model_robust_mae": 0.7677093416096873,
      "horizon_01_affected_candidates_baseline_robust_mae": 0.8427632402965712,
      "horizon_01_affected_candidates_improvement_pct": 8.905692025731003,
      "horizon_02_all_candidates_model_robust_mae": 0.5978937176572368,
      "horizon_02_all_candidates_baseline_robust_mae": 0.6733494887504019,
      "horizon_02_all_candidates_improvement_pct": 11.206033769060333,
      "horizon_02_affected_candidates_model_robust_mae": 0.9002778806536643,
      "horizon_02_affected_candidates_baseline_robust_mae": 0.9973475126132015,
      "horizon_02_affected_candidates_improvement_pct": 9.73277927020644,
      "horizon_03_all_candidates_model_robust_mae": 0.6446486366635731,
      "horizon_03_all_candidates_baseline_robust_mae": 0.7308534904495786,
      "horizon_03_all_candidates_improvement_pct": 11.795093669591328,
      "horizon_03_affected_candidates_model_robust_mae": 0.9993546401333805,
      "horizon_03_affected_candidates_baseline_robust_mae": 1.1166547427176545,