group,label,samples,source_all_mae,source_affected_mae,source_unaffected_mae,adapter_all_mae,adapter_affected_mae,adapter_unaffected_mae,all_delta,affected_delta,unaffected_delta
overall,all test events,27499,0.7075284829132151,1.1021290314300882,0.5223900088174734,0.7075222616759416,1.1021201401340968,0.5223850450555731,-6.221237273562608e-06,-8.891295991464432e-06,-4.963761900289576e-06
severity_low,severity <= 1.557,9167,0.5699663124403138,0.8362681306787395,0.5038067052232063,0.5699602075918393,0.8362570490541746,0.5038018573278052,-6.104848474519642e-06,-1.1081624564868164e-05,-4.8478954010056086e-06
severity_mid,1.557 < severity <= 2.578,9167,0.6619068212118702,0.9600897260219046,0.5242734319975974,0.6618992141989827,0.960077490574873,0.5242679590801964,-7.607012887489439e-06,-1.2235447031549995e-05,-5.472917400939359e-06
severity_high,severity > 2.578,9165,0.8340806650433672,1.2835414815661446,0.5362009946371183,0.8340755533733347,1.2835355848565488,0.5361964233496522,-5.1116700324760345e-06,-5.8967095957207505e-06,-4.571287466115237e-06
recovery_short_lt30,recovery < 30 min,12563,0.6065161953340562,0.9378633128246259,0.5047306017851748,0.6065087374535076,0.9378518908959514,0.5047243597046359,-7.4578805485669974e-06,-1.1421928674426596e-05,-6.24208053889852e-06
recovery_mid_30_90,30 <= recovery < 90 min,3380,0.6697321161957819,1.0276247439130548,0.5202882507032417,0.6697258512620171,1.027611748973342,0.520284759817408,-6.264933764765779e-06,-1.2994939712740461e-05,-3.4908858337345805e-06
recovery_long_ge90,recovery >= 90 min,11556,0.79082735054456,1.1891926843101461,0.5391099926548031,0.7908220430933596,1.1891857042906013,0.5391057637853427,-5.30745120042031e-06,-6.980019544799987e-06,-4.228869460387585e-06
severity_high_and_long,severity high and recovery >= 90 min,8029,0.8375846330736829,1.2705793719340213,0.5402885131514297,0.8375800031177637,1.2705737700882191,0.5402845403777133,-4.629955919210893e-06,-5.601845802116756e-06,-3.972773716331979e-06
