{
  "metrics": {
    "train": {
      "all_candidates_model_robust_mae": 0.6705431812614251,
      "all_candidates_baseline_robust_mae": 0.7568154080799632,
      "all_candidates_improvement_pct": 11.399375052023622,
      "affected_candidates_model_robust_mae": 1.0268636348848261,
      "affected_candidates_baseline_robust_mae": 1.1386817390426889,
      "affected_candidates_improvement_pct": 9.819961129074603,
      "unaffected_candidates_model_robust_mae": 0.524529348152772,
      "unaffected_candidates_baseline_robust_mae": 0.600333329916572,
      "unaffected_candidates_improvement_pct": 12.626982042515353,
      "affected_node_rate": 0.22748324205772144
    },
    "val": {
      "all_candidates_model_robust_mae": 0.729783710970145,
      "all_candidates_baseline_robust_mae": 0.8272501030143089,
      "all_candidates_improvement_pct": 11.781973999038353,
      "affected_candidates_model_robust_mae": 1.1858735422698283,
      "affected_candidates_baseline_robust_mae": 1.3240686561504758,
      "affected_candidates_improvement_pct": 10.43715620324616,
      "unaffected_candidates_model_robust_mae": 0.539712205499366,
      "unaffected_candidates_baseline_robust_mae": 0.6202052568816798,
      "unaffected_candidates_improvement_pct": 12.978453582774113,
      "affected_node_rate": 0.23427743925374256
    },
    "test": {
      "all_candidates_model_robust_mae": 0.7247766522599878,
      "all_candidates_baseline_robust_mae": 0.8328134204049883,
      "all_candidates_improvement_pct": 12.972505665490282,
      "affected_candidates_model_robust_mae": 1.1380977764154783,
      "affected_candidates_baseline_robust_mae": 1.2938370202139187,
      "affected_candidates_improvement_pct": 12.037006312641372,
      "unaffected_candidates_model_robust_mae": 0.5308548843059329,
      "unaffected_candidates_baseline_robust_mae": 0.6165106128767638,
      "unaffected_candidates_improvement_pct": 13.89363407243614,
      "affected_node_rate": 0.2498172636655194
    }
  },
  "region_metrics": [
    {
      "region": "Alameda",
      "samples": 9256,
      "all_candidates_model_robust_mae": 0.7214958028938608,
      "all_candidates_baseline_robust_mae": 0.8465507723070393,
      "all_candidates_improvement_pct": 14.772294055367272,
      "affected_candidates_model_robust_mae": 1.1674000564181908,
      "affected_candidates_baseline_robust_mae": 1.3749433015134769,
      "affected_candidates_improvement_pct": 15.094676621707356,
      "unaffected_candidates_model_robust_mae": 0.5180216059690005,
      "unaffected_candidates_baseline_robust_mae": 0.6054356321825085,
      "unaffected_candidates_improvement_pct": 14.438203099872569,
      "affected_node_rate": 0.24981424608678424
    },
    {
      "region": "ContraCosta",
      "samples": 4002,
      "all_candidates_model_robust_mae": 0.7184484596262198,
      "all_candidates_baseline_robust_mae": 0.8162207748729732,
      "all_candidates_improvement_pct": 11.97866046254084,
      "affected_candidates_model_robust_mae": 1.1016141390353171,
      "affected_candidates_baseline_robust_mae": 1.2468607808844558,
      "affected_candidates_improvement_pct": 11.648986324368032,
      "unaffected_candidates_model_robust_mae": 0.5403078376233169,
      "unaffected_candidates_baseline_robust_mae": 0.6160084669010164,
      "unaffected_candidates_improvement_pct": 12.288894283958516,
      "affected_node_rate": 0.2490647557827072
    },
    {
      "region": "Orange",
      "samples": 14241,
      "all_candidates_model_robust_mae": 0.7286638517250353,
      "all_candidates_baseline_robust_mae": 0.8304735043190836,
      "all_candidates_improvement_pct": 12.259229471447544,
      "affected_candidates_model_robust_mae": 1.1337503278681376,
      "affected_candidates_baseline_robust_mae": 1.2646599993081125,
      "affected_candidates_improvement_pct": 10.351372820488885,
      "unaffected_candidates_model_robust_mae": 0.5350763704063939,
      "unaffected_candidates_baseline_robust_mae": 0.6229793577233381,
      "unaffected_candidates_improvement_pct": 14.110096302096336,
      "affected_node_rate": 0.2500587883552026
    }
  ],
  "samples": {
    "train": 138528,
    "val": 29210,
    "test": 27499
  },
  "residual_beta": 1.0,
  "cache_path": "/Users/xhlm/Desktop/Study/科研实习/outputs/impact_guided_next_stage/full_candidate_stgnn_learned_normal_dual/full_candidate_samples.h5"
}