{
  "metrics": {
    "val": {
      "all_candidates_model_robust_mae": 0.7060880946535879,
      "all_candidates_baseline_robust_mae": 0.8218168955266894,
      "all_candidates_improvement_pct": 14.082066394964137,
      "affected_candidates_model_robust_mae": 1.1446853172048954,
      "affected_candidates_baseline_robust_mae": 1.3219001566627873,
      "affected_candidates_improvement_pct": 13.406068420876874,
      "unaffected_candidates_model_robust_mae": 0.5271970841745544,
      "unaffected_candidates_baseline_robust_mae": 0.61784753074361,
      "unaffected_candidates_improvement_pct": 14.671976832205406,
      "horizon_01_all_candidates_model_robust_mae": 0.5275659642051361,
      "horizon_01_all_candidates_baseline_robust_mae": 0.5962882562139349,
      "horizon_01_all_candidates_improvement_pct": 11.52501181981064,
      "horizon_01_affected_candidates_model_robust_mae": 0.7548452045466365,
      "horizon_01_affected_candidates_baseline_robust_mae": 0.8344840325924084,
      "horizon_01_affected_candidates_improvement_pct": 9.543481353186102,
      "horizon_02_all_candidates_model_robust_mae": 0.5867696843901139,
      "horizon_02_all_candidates_baseline_robust_mae": 0.6658843715040266,
      "horizon_02_all_candidates_improvement_pct": 11.881144910371916,
      "horizon_02_affected_candidates_model_robust_mae": 0.8721333775588644,
      "horizon_02_affected_candidates_baseline_robust_mae": 0.9774392147804691,
      "horizon_02_affected_candidates_improvement_pct": 10.773645627186767,
      "horizon_03_all_candidates_model_robust_mae": 0.6271531394812192,
      "horizon_03_all_candidates_baseline_robust_mae": 0.7185090952063633,
      "horizon_03_all_candidates_improvement_pct": 12.714655435072219,
      "horizon_03_affected_candidates_model_robust_mae": 0.9584548840265676,
      "horizon_03_affected_candidates_baseline_robust_mae": 1.0872712219027152,
      "horizon_03_affected_candidates_improvement_pct": 11.847672897174641,
      "horizon_04_all_candidates_model_robust_mae": 0.6658398152037157,
      "horizon_04_all_candidates_baseline_robust_mae": 0.7657993089091717,
      "horizon_04_all_candidates_improvement_pct": 13.052962119780625,
      "horizon_04_affected_candidates_model_robust_mae": 1.0421993486637673,
      "horizon_04_affected_candidates_baseline_robust_mae": 1.187129710212055,
      "horizon_04_affected_candidates_improvement_pct": 12.208468906266281,
      "horizon_05_all_candidates_model_robust_mae": 0.689400515795327,
      "horizon_05_all_candidates_baseline_robust_mae": 0.7988252337375981,
      "horizon_05_all_candidates_improvement_pct": 13.698204979115044,
      "horizon_05_affected_candidates_model_robust_mae": 1.1131376767009113,
      "horizon_05_affected_candidates_baseline_robust_mae": 1.2785870320543862,
      "horizon_05_affected_candidates_improvement_pct": 12.940015126513286,
      "horizon_06_all_candidates_model_robust_mae": 0.7111353094888991,
      "horizon_06_all_candidates_baseline_robust_mae": 0.8271635783460651,
      "horizon_06_all_candidates_improvement_pct": 14.02724586703485,
      "horizon_06_affected_candidates_model_robust_mae": 1.1563600502320652,
      "horizon_06_affected_candidates_baseline_robust_mae": 1.3361698395531605,
      "horizon_06_affected_candidates_improvement_pct": 13.457105825800328,
      "horizon_07_all_candidates_model_robust_mae": 0.7332497676256093,
      "horizon_07_all_candidates_baseline_robust_mae": 0.858166968062765,
      "horizon_07_all_candidates_improvement_pct": 14.55628159624287,
      "horizon_07_affected_candidates_model_robust_mae": 1.205724168225537,
      "horizon_07_affected_candidates_baseline_robust_mae": 1.3967604616314748,
      "horizon_07_affected_candidates_improvement_pct": 13.677097731045405,
      "horizon_08_all_candidates_model_robust_mae": 0.7535596822545072,
      "horizon_08_all_candidates_baseline_robust_mae": 0.8832959658675688,
      "horizon_08_all_candidates_improvement_pct": 14.6877477794926,
      "horizon_08_affected_candidates_model_robust_mae": 1.2558825218878393,
      "horizon_08_affected_candidates_baseline_robust_mae": 1.4631506116568287,
      "horizon_08_affected_candidates_improvement_pct": 14.16587520913415,
      "horizon_09_all_candidates_model_robust_mae": 0.7751772420172587,
      "horizon_09_all_candidates_baseline_robust_mae": 0.911461154010255,
      "horizon_09_all_candidates_improvement_pct": 14.952245786161384,
      "horizon_09_affected_candidates_model_robust_mae": 1.3037815882294133,
      "horizon_09_affected_candidates_baseline_robust_mae": 1.5233428841570864,
      "horizon_09_affected_candidates_improvement_pct": 14.4131238089029,
      "horizon_10_all_candidates_model_robust_mae": 0.7831346862212987,
      "horizon_10_all_candidates_baseline_robust_mae": 0.9254124753679269,
      "horizon_10_all_candidates_improvement_pct": 15.374526811956065,
      "horizon_10_affected_candidates_model_robust_mae": 1.3162658046724596,
      "horizon_10_affected_candidates_baseline_robust_mae": 1.546078364021281,
      "horizon_10_affected_candidates_improvement_pct": 14.8642245242401,
      "horizon_11_all_candidates_model_robust_mae": 0.8036770277000678,
      "horizon_11_all_candidates_baseline_robust_mae": 0.9489044073320523,
      "horizon_11_all_candidates_improvement_pct": 15.3047428708132,
      "horizon_11_affected_candidates_model_robust_mae": 1.3626872701608184,
      "horizon_11_affected_candidates_baseline_robust_mae": 1.6002096545868667,
      "horizon_11_affected_candidates_improvement_pct": 14.843204060493596,
      "horizon_12_all_candidates_model_robust_mae": 0.816478763483652,
      "horizon_12_all_candidates_baseline_robust_mae": 0.9622013421720407,
      "horizon_12_all_candidates_improvement_pct": 15.144707484967697,
      "horizon_12_affected_candidates_model_robust_mae": 1.395030760194459,
      "horizon_12_affected_candidates_baseline_robust_mae": 1.6325335039184443,
      "horizon_12_affected_candidates_improvement_pct": 14.548108394340813,
      "affected_node_rate": 0.23040841625624014
    },
    "test": {
      "all_candidates_model_robust_mae": 0.7065705073611768,
      "all_candidates_baseline_robust_mae": 0.8305550364254245,
      "all_candidates_improvement_pct": 14.927912495462941,
      "affected_candidates_model_robust_mae": 1.1021621192925064,
      "affected_candidates_baseline_robust_mae": 1.2884272338216156,
      "affected_candidates_improvement_pct": 14.45678185306799,
      "unaffected_candidates_model_robust_mae": 0.52124861261888,
      "unaffected_candidates_baseline_robust_mae": 0.6160567390956753,
      "unaffected_candidates_improvement_pct": 15.389512111492593,
      "horizon_01_all_candidates_model_robust_mae": 0.5232287705061507,
      "horizon_01_all_candidates_baseline_robust_mae": 0.5892743027932625,
      "horizon_01_all_candidates_improvement_pct": 11.207943732493435,
      "horizon_01_affected_candidates_model_robust_mae": 0.7310029964843844,
      "horizon_01_affected_candidates_baseline_robust_mae": 0.8069023415990327,
      "horizon_01_affected_candidates_improvement_pct": 9.40626160090689,
      "horizon_02_all_candidates_model_robust_mae": 0.583818595393632,
      "horizon_02_all_candidates_baseline_robust_mae": 0.6626268641148148,
      "horizon_02_all_candidates_improvement_pct": 11.893310245798828,
      "horizon_02_affected_candidates_model_robust_mae": 0.8560800399128032,
      "horizon_02_affected_candidates_baseline_robust_mae": 0.9595132187073445,
      "horizon_02_affected_candidates_improvement_pct": 10.779755482043946,
      "horizon_03_all_candidates_model_robust_mae": 0.6250039591580709,
      "horizon_03_all_candidates_baseline_robust_mae": 0.7171255447682209,
      "horizon_03_all_candidates_improvement_pct": 12.845949538713498,
      "horizon_03_affected_candidates_model_robust_mae": 0.9307181782532689,
      "horizon_03_affected_candidates_baseline_robust_mae": 1.0557178274597083,