epoch,train_loss,val_loss
1,0.3583830299831572,0.41072751744811314
2,0.35729165020443143,0.4105383516459872
3,0.357698845295679,0.4104367180602757
