epoch,train_loss,val_loss,val_residual_loss,val_hard_loss,val_impact_loss,val_event_aux_loss,val_node_aux_loss
1,0.7269975821177165,0.8048925731125779,0.44885271241386554,1.780199277715216,0.21703408672380267,0.4361515127951378,0.7584477308146638
2,0.6919111529986064,0.7751540521651414,0.4313525009424627,1.7190077323041848,0.21703408672380267,0.4362110931226057,0.7777019306389855
3,0.6735129907017663,0.7618352980248041,0.42347025319918585,1.6918251857329867,0.21703408672380267,0.4342834985141924,0.7719778722053274
4,0.6648117139225914,0.7540560343725883,0.41905395202708545,1.675010384080019,0.21703408672380267,0.43282468989057843,0.7748972589779455
5,0.6572962783631824,0.7496126938257998,0.4164077270096273,1.666024802319606,0.21703408672380267,0.43315103043231684,0.7819958980668698
