group,label,samples,source_all_mae,source_affected_mae,source_unaffected_mae,adapter_all_mae,adapter_affected_mae,adapter_unaffected_mae,all_delta,affected_delta,unaffected_delta
overall,all test events,27499,0.7075284829132151,1.1021290314300882,0.5223900088174734,0.7073584753616771,1.1014900196094655,0.5224400563318502,-0.00017000755153806502,-0.0006390118206227591,5.0047514376760915e-05
severity_low,severity <= 1.557,9167,0.5699663124403138,0.8362681306787395,0.5038067052232063,0.5696719025683669,0.8354318612258366,0.5036469260083368,-0.00029440987194695456,-0.000836269452902938,-0.0001597792148694266
severity_mid,1.557 < severity <= 2.578,9167,0.6619068212118702,0.9600897260219046,0.5242734319975974,0.6614459591348909,0.9589583255367164,0.5241220819030413,-0.0004608620769792626,-0.0011314004851881165,-0.00015135009455602422
severity_high,severity > 2.578,9165,0.8340806650433672,1.2835414815661446,0.5362009946371183,0.8342411145368224,1.2833024862414601,0.5366262047653798,0.00016044949345517256,-0.0002389953246844101,0.0004252101282614662
recovery_short_lt30,recovery < 30 min,12563,0.6065161953340562,0.9378633128246259,0.5047306017851748,0.606069436522531,0.9368440793136743,0.5044597055853093,-0.00044675881152522745,-0.0010192335109515671,-0.0002708961998655335
recovery_mid_30_90,30 <= recovery < 90 min,3380,0.6697321161957819,1.0276247439130548,0.5202882507032417,0.6693496575135517,1.0262886403088476,0.5203040109373854,-0.0003824586822301912,-0.0013361036042072172,1.576023414373573e-05
recovery_long_ge90,recovery >= 90 min,11556,0.79082735054456,1.1891926843101461,0.5391099926548031,0.7909128246869219,1.1888551787030244,0.5394627782245003,8.547414236192985e-05,-0.0003375056071217575,0.00035278556969720043
severity_high_and_long,severity high and recovery >= 90 min,8029,0.8375846330736829,1.2705793719340213,0.5402885131514297,0.8378468512122887,1.2704456868322895,0.5408225753995001,0.00026221813860582976,-0.00013368510173172865,0.0005340622480703994
