epoch,train_loss,val_loss
1,0.35698251270112535,0.4113744374865826
2,0.35604683671678816,0.4111598054091843
3,0.35536979834238686,0.4110330326922011
