group,label,samples,source_all_mae,source_affected_mae,source_unaffected_mae,adapter_all_mae,adapter_affected_mae,adapter_unaffected_mae,all_delta,affected_delta,unaffected_delta
overall,all test events,27499,0.7075284829132151,1.1021290314300882,0.5223900088174734,0.7073153637409335,1.1017013385464,0.5222775648020735,-0.00021311917228161725,-0.0004276928836881577,-0.0001124440153998929
severity_low,severity <= 1.557,9167,0.5699663124403138,0.8362681306787395,0.5038067052232063,0.5697878458845453,0.8358723004874656,0.5036822639868617,-0.00017846655576847503,-0.00039583019127387153,-0.0001244412363445857
severity_mid,1.557 < severity <= 2.578,9167,0.6619068212118702,0.9600897260219046,0.5242734319975974,0.661595656830771,0.9594901154098467,0.5240954136217317,-0.00031116438109912714,-0.0005996106120578215,-0.00017801837586561842
severity_high,severity > 2.578,9165,0.8340806650433672,1.2835414815661446,0.5362009946371183,0.8339304550066452,1.2832216238203886,0.536163231827616,-0.00015021003672199829,-0.00031985774575593595,-3.776280950229527e-05
recovery_short_lt30,recovery < 30 min,12563,0.6065161953340562,0.9378633128246259,0.5047306017851748,0.6063008406543938,0.9374281525341651,0.504582770955592,-0.00021535467966238286,-0.00043516029046075655,-0.0001478308295828068
recovery_mid_30_90,30 <= recovery < 90 min,3380,0.6697321161957819,1.0276247439130548,0.5202882507032417,0.6694321436815306,1.0269218476239936,0.5201565345765309,-0.0002999725142512899,-0.0007028962890611723,-0.00013171612671081245
recovery_long_ge90,recovery >= 90 min,11556,0.79082735054456,1.1891926843101461,0.5391099926548031,0.7906376030397502,1.1888207572352119,0.5390353877845138,-0.00018974750480982294,-0.0003719270749342751,-7.460487028931873e-05
severity_high_and_long,severity high and recovery >= 90 min,8029,0.8375846330736829,1.2705793719340213,0.5402885131514297,0.8374530469058764,1.2702847811824682,0.5402688542476066,-0.00013158616780650778,-0.0002945907515530255,-1.965890382304991e-05
