{
  "metrics": {
    "val": {
      "all_candidates_model_robust_mae": 0.717365728757759,
      "all_candidates_baseline_robust_mae": 0.8243860918794017,
      "all_candidates_improvement_pct": 12.981825406304722,
      "affected_candidates_model_robust_mae": 1.166280076165023,
      "affected_candidates_baseline_robust_mae": 1.3241227566924638,
      "affected_candidates_improvement_pct": 11.920547375963638,
      "unaffected_candidates_model_robust_mae": 0.5304239531409615,
      "unaffected_candidates_baseline_robust_mae": 0.616280347405377,
      "unaffected_candidates_improvement_pct": 13.931386036546913,
      "horizon_01_all_candidates_model_robust_mae": 0.5363672566146764,
      "horizon_01_all_candidates_baseline_robust_mae": 0.601069506714833,
      "horizon_01_all_candidates_improvement_pct": 10.764520471815148,
      "horizon_01_affected_candidates_model_robust_mae": 0.7687452857323446,
      "horizon_01_affected_candidates_baseline_robust_mae": 0.8412605181343168,
      "horizon_01_affected_candidates_improvement_pct": 8.61983069915024,
      "horizon_02_all_candidates_model_robust_mae": 0.5952040188005117,
      "horizon_02_all_candidates_baseline_robust_mae": 0.6697839953737279,
      "horizon_02_all_candidates_improvement_pct": 11.134929632291662,
      "horizon_02_affected_candidates_model_robust_mae": 0.8937719823841946,
      "horizon_02_affected_candidates_baseline_robust_mae": 0.9909466190860993,
      "horizon_02_affected_candidates_improvement_pct": 9.80624332635838,
      "horizon_03_all_candidates_model_robust_mae": 0.6440009957087964,
      "horizon_03_all_candidates_baseline_robust_mae": 0.7303967214733507,
      "horizon_03_all_candidates_improvement_pct": 11.828602624376167,
      "horizon_03_affected_candidates_model_robust_mae": 1.0008439917141227,
      "horizon_03_affected_candidates_baseline_robust_mae": 1.117675833598401,
      "horizon_03_affected_candidates_improvement_pct": 10.453106202371176,
      "horizon_04_all_candidates_model_robust_mae": 0.6739730752361118,
      "horizon_04_all_candidates_baseline_robust_mae": 0.7692887025331562,
      "horizon_04_all_candidates_improvement_pct": 12.390098409502675,
      "horizon_04_affected_candidates_model_robust_mae": 1.0607637829919032,
      "horizon_04_affected_candidates_baseline_robust_mae": 1.196256342384325,
      "horizon_04_affected_candidates_improvement_pct": 11.326381695278132,
      "horizon_05_all_candidates_model_robust_mae": 0.7056171472794017,
      "horizon_05_all_candidates_baseline_robust_mae": 0.8068954924455375,
      "horizon_05_all_candidates_improvement_pct": 12.551606263059115,
      "horizon_05_affected_candidates_model_robust_mae": 1.140715589653468,
      "horizon_05_affected_candidates_baseline_robust_mae": 1.291307728747836,
      "horizon_05_affected_candidates_improvement_pct": 11.66198697195093,
      "horizon_06_all_candidates_model_robust_mae": 0.7270805707912184,
      "horizon_06_all_candidates_baseline_robust_mae": 0.8349826179276219,
      "horizon_06_all_candidates_improvement_pct": 12.922669863979934,
      "horizon_06_affected_candidates_model_robust_mae": 1.188829561085099,
      "horizon_06_affected_candidates_baseline_robust_mae": 1.3452307318269958,
      "horizon_06_affected_candidates_improvement_pct": 11.626345357831962,
      "horizon_07_all_candidates_model_robust_mae": 0.7461739250360588,
      "horizon_07_all_candidates_baseline_robust_mae": 0.861879128315514,
      "horizon_07_all_candidates_improvement_pct": 13.4247598622783,
      "horizon_07_affected_candidates_model_robust_mae": 1.2334540169310242,
      "horizon_07_affected_candidates_baseline_robust_mae": 1.4056307551743428,
      "horizon_07_affected_candidates_improvement_pct": 12.249073066273596,
      "horizon_08_all_candidates_model_robust_mae": 0.7681148436312197,
      "horizon_08_all_candidates_baseline_robust_mae": 0.8878596349260943,
      "horizon_08_all_candidates_improvement_pct": 13.486905653148899,
      "horizon_08_affected_candidates_model_robust_mae": 1.284860264591097,
      "horizon_08_affected_candidates_baseline_robust_mae": 1.465946055882587,
      "horizon_08_affected_candidates_improvement_pct": 12.352827756848503,
      "horizon_09_all_candidates_model_robust_mae": 0.7789595349045049,
      "horizon_09_all_candidates_baseline_robust_mae": 0.9031918580296555,
      "horizon_09_all_candidates_improvement_pct": 13.754809902313312,
      "horizon_09_affected_candidates_model_robust_mae": 1.2969936343139945,
      "horizon_09_affected_candidates_baseline_robust_mae": 1.4902557176000366,
      "horizon_09_affected_candidates_improvement_pct": 12.96838394938545,
      "horizon_10_all_candidates_model_robust_mae": 0.7979764946700822,
      "horizon_10_all_candidates_baseline_robust_mae": 0.9263063922653758,
      "horizon_10_all_candidates_improvement_pct": 13.853936307343172,
      "horizon_10_affected_candidates_model_robust_mae": 1.344421309739691,
      "horizon_10_affected_candidates_baseline_robust_mae": 1.5459451668679371,
      "horizon_10_affected_candidates_improvement_pct": 13.035640684237883,
      "horizon_11_all_candidates_model_robust_mae": 0.8115466555706244,
      "horizon_11_all_candidates_baseline_robust_mae": 0.9442007201508245,
      "horizon_11_all_candidates_improvement_pct": 14.049350074527602,
      "horizon_11_affected_candidates_model_robust_mae": 1.3780832839689423,
      "horizon_11_affected_candidates_baseline_robust_mae": 1.5863841446733564,
      "horizon_11_affected_candidates_improvement_pct": 13.130543532210112,
      "horizon_12_all_candidates_model_robust_mae": 0.823496056084038,
      "horizon_12_all_candidates_baseline_robust_mae": 0.9569317321822616,
      "horizon_12_all_candidates_improvement_pct": 13.944116556144136,
      "horizon_12_affected_candidates_model_robust_mae": 1.4039836642654158,
      "horizon_12_affected_candidates_baseline_robust_mae": 1.6127619407105813,
      "horizon_12_affected_candidates_improvement_pct": 12.945387113561104,
      "affected_node_rate": 0.2338696383238271
    },
    "test": {
      "all_candidates_model_robust_mae": 0.7139553164081501,
      "all_candidates_baseline_robust_mae": 0.840026060055077,
      "all_candidates_improvement_pct": 15.007956257769061,
      "affected_candidates_model_robust_mae": 1.10328502885742,
      "affected_candidates_baseline_robust_mae": 1.2943120428452317,
      "affected_candidates_improvement_pct": 14.758961337320558,
      "unaffected_candidates_model_robust_mae": 0.5284129542741345,
      "unaffected_candidates_baseline_robust_mae": 0.6235275632628556,
      "unaffected_candidates_improvement_pct": 15.254274965968817,
      "horizon_01_all_candidates_model_robust_mae": 0.528493141268865,
      "horizon_01_all_candidates_baseline_robust_mae": 0.5958953048448069,
      "horizon_01_all_candidates_improvement_pct": 11.311074785779,
      "horizon_01_affected_candidates_model_robust_mae": 0.7364585317487254,
      "horizon_01_affected_candidates_baseline_robust_mae": 0.8166636267017805,
      "horizon_01_affected_candidates_improvement_pct": 9.821068593072457,
      "horizon_02_all_candidates_model_robust_mae": 0.5886356361969095,
      "horizon_02_all_candidates_baseline_robust_mae": 0.6699001206223476,
      "horizon_02_all_candidates_improvement_pct": 12.130835914754297,
      "horizon_02_affected_candidates_model_robust_mae": 0.8504716709966679,
      "horizon_02_affected_candidates_baseline_robust_mae": 0.9595153358675177,
      "horizon_02_affected_candidates_improvement_pct": 11.364452530845814,
      "horizon_03_all_candidates_model_robust_mae": 0.6344281342195507,
      "horizon_03_all_candidates_baseline_robust_mae": 0.7295714347778443,
      "horizon_03_all_candidates_improvement_pct": 13.040984888239883,
      "horizon_03_affected_candidates_model_robust_mae": 0.941377440301361,
      "horizon_03_affected_candidates_baseline_robust_mae": 1.0763457868231974,