{
  "metrics": {
    "val": {
      "all_candidates_model_robust_mae": 0.7147588505568832,
      "all_candidates_baseline_robust_mae": 0.8272501102632047,
      "all_candidates_improvement_pct": 13.598216344816253,
      "affected_candidates_model_robust_mae": 1.156233845793102,
      "affected_candidates_baseline_robust_mae": 1.3240686546633906,
      "affected_candidates_improvement_pct": 12.675687796034726,
      "unaffected_candidates_model_robust_mae": 0.5307779527090514,
      "unaffected_candidates_baseline_robust_mae": 0.6202052552880885,
      "unaffected_candidates_improvement_pct": 14.418984975788,
      "horizon_01_all_candidates_model_robust_mae": 0.5325223033477521,
      "horizon_01_all_candidates_baseline_robust_mae": 0.6003526860005128,
      "horizon_01_all_candidates_improvement_pct": 11.298422449750282,
      "horizon_01_affected_candidates_model_robust_mae": 0.7665804613030416,
      "horizon_01_affected_candidates_baseline_robust_mae": 0.8427632402965712,
      "horizon_01_affected_candidates_improvement_pct": 9.039641900698074,
      "horizon_02_all_candidates_model_robust_mae": 0.5962243909385677,
      "horizon_02_all_candidates_baseline_robust_mae": 0.6733494887504019,
      "horizon_02_all_candidates_improvement_pct": 11.453947630518366,
      "horizon_02_affected_candidates_model_robust_mae": 0.8984403337796635,
      "horizon_02_affected_candidates_baseline_robust_mae": 0.9973475126132015,
      "horizon_02_affected_candidates_improvement_pct": 9.917022660876373,
      "horizon_03_all_candidates_model_robust_mae": 0.6428982573578397,
      "horizon_03_all_candidates_baseline_robust_mae": 0.7308534904495786,
      "horizon_03_all_candidates_improvement_pct": 12.03459164402895,
      "horizon_03_affected_candidates_model_robust_mae": 0.9965999342457655,
      "horizon_03_affected_candidates_baseline_robust_mae": 1.1166547427176545,
      "horizon_03_affected_candidates_improvement_pct": 10.75129168212782,
      "horizon_04_all_candidates_model_robust_mae": 0.6750929522769183,
      "horizon_04_all_candidates_baseline_robust_mae": 0.7732848661126429,
      "horizon_04_all_candidates_improvement_pct": 12.698026062418908,
      "horizon_04_affected_candidates_model_robust_mae": 1.0644990388251434,
      "horizon_04_affected_candidates_baseline_robust_mae": 1.2040969552088483,
      "horizon_04_affected_candidates_improvement_pct": 11.593577724768178,
      "horizon_05_all_candidates_model_robust_mae": 0.7006844440173775,
      "horizon_05_all_candidates_baseline_robust_mae": 0.80618805385504,
      "horizon_05_all_candidates_improvement_pct": 13.08672453445124,
      "horizon_05_affected_candidates_model_robust_mae": 1.124394873444546,
      "horizon_05_affected_candidates_baseline_robust_mae": 1.2793815399100616,
      "horizon_05_affected_candidates_improvement_pct": 12.11418655270038,
      "horizon_06_all_candidates_model_robust_mae": 0.7235095755404586,
      "horizon_06_all_candidates_baseline_robust_mae": 0.8377409271994909,
      "horizon_06_all_candidates_improvement_pct": 13.635641753936948,
      "horizon_06_affected_candidates_model_robust_mae": 1.1757581028296502,
      "horizon_06_affected_candidates_baseline_robust_mae": 1.346644237542608,
      "horizon_06_affected_candidates_improvement_pct": 12.689775810780976,
      "horizon_07_all_candidates_model_robust_mae": 0.7430564225511732,
      "horizon_07_all_candidates_baseline_robust_mae": 0.8643465388721971,
      "horizon_07_all_candidates_improvement_pct": 14.032579627065294,
      "horizon_07_affected_candidates_model_robust_mae": 1.2164534185850526,
      "horizon_07_affected_candidates_baseline_robust_mae": 1.4017586805897237,
      "horizon_07_affected_candidates_improvement_pct": 13.219483822045081,
      "horizon_08_all_candidates_model_robust_mae": 0.7638369380853919,
      "horizon_08_all_candidates_baseline_robust_mae": 0.8908410368372225,
      "horizon_08_all_candidates_improvement_pct": 14.256651130793971,
      "horizon_08_affected_candidates_model_robust_mae": 1.2626008866832024,
      "horizon_08_affected_candidates_baseline_robust_mae": 1.4593189470573813,
      "horizon_08_affected_candidates_improvement_pct": 13.48012788916691,
      "horizon_09_all_candidates_model_robust_mae": 0.7804249740996091,
      "horizon_09_all_candidates_baseline_robust_mae": 0.9119756261656342,
      "horizon_09_all_candidates_improvement_pct": 14.424799116520765,
      "horizon_09_affected_candidates_model_robust_mae": 1.299081034921289,
      "horizon_09_affected_candidates_baseline_robust_mae": 1.5058868737007916,
      "horizon_09_affected_candidates_improvement_pct": 13.733159003588833,
      "horizon_10_all_candidates_model_robust_mae": 0.7924296245956778,
      "horizon_10_all_candidates_baseline_robust_mae": 0.9289248031395567,
      "horizon_10_all_candidates_improvement_pct": 14.69388890064685,
      "horizon_10_affected_candidates_model_robust_mae": 1.325810948805478,
      "horizon_10_affected_candidates_baseline_robust_mae": 1.5406091605425325,
      "horizon_10_affected_candidates_improvement_pct": 13.942420779934375,
      "horizon_11_all_candidates_model_robust_mae": 0.8070406869834614,
      "horizon_11_all_candidates_baseline_robust_mae": 0.9471625751648224,
      "horizon_11_all_candidates_improvement_pct": 14.793858188176129,
      "horizon_11_affected_candidates_model_robust_mae": 1.3568965808256566,
      "horizon_11_affected_candidates_baseline_robust_mae": 1.5798637806463696,
      "horizon_11_affected_candidates_improvement_pct": 14.113064844710248,
      "horizon_12_all_candidates_model_robust_mae": 0.819474635569337,
      "horizon_12_all_candidates_baseline_robust_mae": 0.962095373567048,
      "horizon_12_all_candidates_improvement_pct": 14.823970878160745,
      "horizon_12_affected_candidates_model_robust_mae": 1.3878758464216205,
      "horizon_12_affected_candidates_baseline_robust_mae": 1.6147309258643616,
      "horizon_12_affected_candidates_improvement_pct": 14.04909485593125,
      "affected_node_rate": 0.23427743925374256
    },
    "test": {
      "all_candidates_model_robust_mae": 0.7074902693140233,
      "all_candidates_baseline_robust_mae": 0.8328134196658367,
      "all_candidates_improvement_pct": 15.048166539162981,
      "affected_candidates_model_robust_mae": 1.1027049437918595,
      "affected_candidates_baseline_robust_mae": 1.293837027683651,
      "affected_candidates_improvement_pct": 14.772500693845057,
      "unaffected_candidates_model_robust_mae": 0.5220636679301321,
      "unaffected_candidates_baseline_robust_mae": 0.6165106195898865,
      "unaffected_candidates_improvement_pct": 15.319598504658702,
      "horizon_01_all_candidates_model_robust_mae": 0.5229407243384576,
      "horizon_01_all_candidates_baseline_robust_mae": 0.5912248439472282,
      "horizon_01_all_candidates_improvement_pct": 11.549602542559173,
      "horizon_01_affected_candidates_model_robust_mae": 0.7341399711695419,
      "horizon_01_affected_candidates_baseline_robust_mae": 0.8144241910254835,
      "horizon_01_affected_candidates_improvement_pct": 9.857789189052893,
      "horizon_02_all_candidates_model_robust_mae": 0.5841654829307424,
      "horizon_02_all_candidates_baseline_robust_mae": 0.6647113446148724,
      "horizon_02_all_candidates_improvement_pct": 12.117419438778716,
      "horizon_02_affected_candidates_model_robust_mae": 0.8537332627329998,
      "horizon_02_affected_candidates_baseline_robust_mae": 0.9614806863858398,
      "horizon_02_affected_candidates_improvement_pct": 11.206405409749571,
      "horizon_03_all_candidates_model_robust_mae": 0.6302124936591309,
      "horizon_03_all_candidates_baseline_robust_mae": 0.7255605942083166,
      "horizon_03_all_candidates_improvement_pct": 13.141300852098126,
      "horizon_03_affected_candidates_model_robust_mae": 0.9451326049482526,
      "horizon_03_affected_candidates_baseline_robust_mae": 1.0792830623658292,