epoch,train_loss,val_loss,val_residual_loss,val_veto_loss,val_regret_loss,val_sparsity_loss,val_normal_advantage_mean,val_positive_rate,val_affected_positive_rate,val_normal_veto_mean,val_affected_normal_veto_mean,val_effective_gate_mean,val_base_gate_mean
1,0.6352812776899641,0.7267328686662751,0.6216770110127046,0.5627422477949241,0.214558143822431,0.17399334998744598,-0.07097090030192961,0.25516744709329137,0.2829885418643204,0.17040722999251162,0.17713929920398958,0.36161355795577876,0.43813297333924667
2,0.6164759332966653,0.7231663927543004,0.6231362183997583,0.5315315591538047,0.21027708783597826,0.17391355035036485,-0.07097090030192961,0.25516744709329137,0.2829885418643204,0.1657628289781299,0.18115104261692644,0.36218772452198367,0.43813297333924667
3,0.6143310704049031,0.7216535376955573,0.622564932737641,0.5262911928838673,0.21097978363295036,0.1633268528530876,-0.07097090030192961,0.25516744709329137,0.2829885418643204,0.1534394779211648,0.1721165460435873,0.36770139221906745,0.43813297333924667
