{
  "metrics": {
    "val": {
      "all_candidates_model_robust_mae": 0.7205003799786922,
      "all_candidates_baseline_robust_mae": 0.8356682411538807,
      "all_candidates_improvement_pct": 13.78152902115391,
      "affected_candidates_model_robust_mae": 1.1841717975053965,
      "affected_candidates_baseline_robust_mae": 1.3608444863994964,
      "affected_candidates_improvement_pct": 12.982577411290992,
      "unaffected_candidates_model_robust_mae": 0.5297778324183448,
      "unaffected_candidates_baseline_robust_mae": 0.6196468416375984,
      "unaffected_candidates_improvement_pct": 14.50326269423862,
      "horizon_01_all_candidates_model_robust_mae": 0.5297487325745451,
      "horizon_01_all_candidates_baseline_robust_mae": 0.5993474118900214,
      "horizon_01_all_candidates_improvement_pct": 11.612410087164509,
      "horizon_01_affected_candidates_model_robust_mae": 0.7735746432769385,
      "horizon_01_affected_candidates_baseline_robust_mae": 0.851246532277295,
      "horizon_01_affected_candidates_improvement_pct": 9.12448815416199,
      "horizon_02_all_candidates_model_robust_mae": 0.5985021208140051,
      "horizon_02_all_candidates_baseline_robust_mae": 0.6773057852443504,
      "horizon_02_all_candidates_improvement_pct": 11.634872482584125,
      "horizon_02_affected_candidates_model_robust_mae": 0.9050535716866425,
      "horizon_02_affected_candidates_baseline_robust_mae": 1.0081401535041237,
      "horizon_02_affected_candidates_improvement_pct": 10.225421679631525,
      "horizon_03_all_candidates_model_robust_mae": 0.638952121237646,
      "horizon_03_all_candidates_baseline_robust_mae": 0.7320894774293857,
      "horizon_03_all_candidates_improvement_pct": 12.722127426114156,
      "horizon_03_affected_candidates_model_robust_mae": 0.9990345399332319,
      "horizon_03_affected_candidates_baseline_robust_mae": 1.1304110060565844,
      "horizon_03_affected_candidates_improvement_pct": 11.622008757828414,
      "horizon_04_all_candidates_model_robust_mae": 0.6821465658063954,
      "horizon_04_all_candidates_baseline_robust_mae": 0.7859080644810293,
      "horizon_04_all_candidates_improvement_pct": 13.202752760038457,
      "horizon_04_affected_candidates_model_robust_mae": 1.090808777260049,
      "horizon_04_affected_candidates_baseline_robust_mae": 1.2420958955169956,
      "horizon_04_affected_candidates_improvement_pct": 12.17998697226003,
      "horizon_05_all_candidates_model_robust_mae": 0.7086579983413667,
      "horizon_05_all_candidates_baseline_robust_mae": 0.8173555358115927,
      "horizon_05_all_candidates_improvement_pct": 13.298684930578574,
      "horizon_05_affected_candidates_model_robust_mae": 1.1583165982817074,
      "horizon_05_affected_candidates_baseline_robust_mae": 1.3104676393463939,
      "horizon_05_affected_candidates_improvement_pct": 11.610438632469629,
      "horizon_06_all_candidates_model_robust_mae": 0.7414695406780922,
      "horizon_06_all_candidates_baseline_robust_mae": 0.8564715162760124,
      "horizon_06_all_candidates_improvement_pct": 13.4274139200747,
      "horizon_06_affected_candidates_model_robust_mae": 1.226292194728219,
      "horizon_06_affected_candidates_baseline_robust_mae": 1.3948244446318427,
      "horizon_06_affected_candidates_improvement_pct": 12.082685426989846,
      "horizon_07_all_candidates_model_robust_mae": 0.7613732572169408,
      "horizon_07_all_candidates_baseline_robust_mae": 0.8815240897707097,
      "horizon_07_all_candidates_improvement_pct": 13.6298978040431,
      "horizon_07_affected_candidates_model_robust_mae": 1.2633162240386469,
      "horizon_07_affected_candidates_baseline_robust_mae": 1.454657307127024,
      "horizon_07_affected_candidates_improvement_pct": 13.153687961481412,
      "horizon_08_all_candidates_model_robust_mae": 0.7769060407366072,
      "horizon_08_all_candidates_baseline_robust_mae": 0.9039595310043239,
      "horizon_08_all_candidates_improvement_pct": 14.055218835577385,
      "horizon_08_affected_candidates_model_robust_mae": 1.316245208265088,
      "horizon_08_affected_candidates_baseline_robust_mae": 1.5220454430495607,
      "horizon_08_affected_candidates_improvement_pct": 13.521293711975687,
      "horizon_09_all_candidates_model_robust_mae": 0.7884250857054177,
      "horizon_09_all_candidates_baseline_robust_mae": 0.9237086605658172,
      "horizon_09_all_candidates_improvement_pct": 14.645697354134546,
      "horizon_09_affected_candidates_model_robust_mae": 1.3478577366037008,
      "horizon_09_affected_candidates_baseline_robust_mae": 1.5723941141215305,
      "horizon_09_affected_candidates_improvement_pct": 14.279904478227733,
      "horizon_10_all_candidates_model_robust_mae": 0.7867051371243706,
      "horizon_10_all_candidates_baseline_robust_mae": 0.9288557581278657,
      "horizon_10_all_candidates_improvement_pct": 15.303842362995471,
      "horizon_10_affected_candidates_model_robust_mae": 1.3321454120090526,
      "horizon_10_affected_candidates_baseline_robust_mae": 1.5723871116043884,
      "horizon_10_affected_candidates_improvement_pct": 15.278788399009752,
      "horizon_11_all_candidates_model_robust_mae": 0.8029081121799013,
      "horizon_11_all_candidates_baseline_robust_mae": 0.9463526187272462,
      "horizon_11_all_candidates_improvement_pct": 15.157617119532466,
      "horizon_11_affected_candidates_model_robust_mae": 1.3590520642588666,
      "horizon_11_affected_candidates_baseline_robust_mae": 1.5939816041827293,
      "horizon_11_affected_candidates_improvement_pct": 14.73853520689258,
      "horizon_12_all_candidates_model_robust_mae": 0.8303922662114291,
      "horizon_12_all_candidates_baseline_robust_mae": 0.9753739056249439,
      "horizon_12_all_candidates_improvement_pct": 14.864211414454617,
      "horizon_12_affected_candidates_model_robust_mae": 1.4388411724536143,
      "horizon_12_affected_candidates_baseline_robust_mae": 1.678098231549433,
      "horizon_12_affected_candidates_improvement_pct": 14.257631323221542,
      "affected_node_rate": 0.23289592306921766
    },
    "test": {
      "all_candidates_model_robust_mae": 0.6999085646798485,
      "all_candidates_baseline_robust_mae": 0.8242806425758973,
      "all_candidates_improvement_pct": 15.088559826830696,
      "affected_candidates_model_robust_mae": 1.0693960644711642,
      "affected_candidates_baseline_robust_mae": 1.2716875207174103,
      "affected_candidates_improvement_pct": 15.907324161844832,
      "unaffected_candidates_model_robust_mae": 0.5247842074669936,
      "unaffected_candidates_baseline_robust_mae": 0.61222524108572,
      "unaffected_candidates_improvement_pct": 14.282494048049777,
      "horizon_01_all_candidates_model_robust_mae": 0.5238429442069543,
      "horizon_01_all_candidates_baseline_robust_mae": 0.5928633419680283,
      "horizon_01_all_candidates_improvement_pct": 11.641873071787266,
      "horizon_01_affected_candidates_model_robust_mae": 0.7241784350881443,
      "horizon_01_affected_candidates_baseline_robust_mae": 0.8104395965613526,
      "horizon_01_affected_candidates_improvement_pct": 10.64374961924483,
      "horizon_02_all_candidates_model_robust_mae": 0.5725503260013594,
      "horizon_02_all_candidates_baseline_robust_mae": 0.652908033974156,
      "horizon_02_all_candidates_improvement_pct": 12.307661078034371,
      "horizon_02_affected_candidates_model_robust_mae": 0.8195858071765321,
      "horizon_02_affected_candidates_baseline_robust_mae": 0.9405505455784077,
      "horizon_02_affected_candidates_improvement_pct": 12.861056640766314,
      "horizon_03_all_candidates_model_robust_mae": 0.6296331135256893,
      "horizon_03_all_candidates_baseline_robust_mae": 0.7235044903781026,
      "horizon_03_all_candidates_improvement_pct": 12.97453963324488,
      "horizon_03_affected_candidates_model_robust_mae": 0.9240125668838399,
      "horizon_03_affected_candidates_baseline_robust_mae": 1.0697764896396453,