{
  "metrics": {
    "val": {
      "all_candidates_model_robust_mae": 0.72210567827246,
      "all_candidates_baseline_robust_mae": 0.8342644212989947,
      "all_candidates_improvement_pct": 13.444028075882406,
      "affected_candidates_model_robust_mae": 1.160844513396209,
      "affected_candidates_baseline_robust_mae": 1.325356605085942,
      "affected_candidates_improvement_pct": 12.412666225711021,
      "unaffected_candidates_model_robust_mae": 0.5335909030221161,
      "unaffected_candidates_baseline_robust_mae": 0.6232547691370386,
      "unaffected_candidates_improvement_pct": 14.386390695264396,
      "horizon_01_all_candidates_model_robust_mae": 0.5382410092388876,
      "horizon_01_all_candidates_baseline_robust_mae": 0.6060512015765577,
      "horizon_01_all_candidates_improvement_pct": 11.188855357644913,
      "horizon_01_affected_candidates_model_robust_mae": 0.7807244645505528,
      "horizon_01_affected_candidates_baseline_robust_mae": 0.8545475690588292,
      "horizon_01_affected_candidates_improvement_pct": 8.638852555578948,
      "horizon_02_all_candidates_model_robust_mae": 0.6033016374558042,
      "horizon_02_all_candidates_baseline_robust_mae": 0.6792279083637904,
      "horizon_02_all_candidates_improvement_pct": 11.178320262323577,
      "horizon_02_affected_candidates_model_robust_mae": 0.9076575513299254,
      "horizon_02_affected_candidates_baseline_robust_mae": 1.0048633575629324,
      "horizon_02_affected_candidates_improvement_pct": 9.673534764841818,
      "horizon_03_all_candidates_model_robust_mae": 0.6514129799594652,
      "horizon_03_all_candidates_baseline_robust_mae": 0.7388730039111293,
      "horizon_03_all_candidates_improvement_pct": 11.836949447158805,
      "horizon_03_affected_candidates_model_robust_mae": 1.0110388110970832,
      "horizon_03_affected_candidates_baseline_robust_mae": 1.1264019975787336,
      "horizon_03_affected_candidates_improvement_pct": 10.241742000602832,
      "horizon_04_all_candidates_model_robust_mae": 0.6794474147215221,
      "horizon_04_all_candidates_baseline_robust_mae": 0.7777048912978698,
      "horizon_04_all_candidates_improvement_pct": 12.634288105398312,
      "horizon_04_affected_candidates_model_robust_mae": 1.0668121296874418,
      "horizon_04_affected_candidates_baseline_robust_mae": 1.2044959439770366,
      "horizon_04_affected_candidates_improvement_pct": 11.43082423631804,
      "horizon_05_all_candidates_model_robust_mae": 0.7054662932895323,
      "horizon_05_all_candidates_baseline_robust_mae": 0.8121778416506266,
      "horizon_05_all_candidates_improvement_pct": 13.138938652182322,
      "horizon_05_affected_candidates_model_robust_mae": 1.1251201772548571,
      "horizon_05_affected_candidates_baseline_robust_mae": 1.2799844590602674,
      "horizon_05_affected_candidates_improvement_pct": 12.098918913367722,
      "horizon_06_all_candidates_model_robust_mae": 0.7322126024769774,
      "horizon_06_all_candidates_baseline_robust_mae": 0.8464704441935069,
      "horizon_06_all_candidates_improvement_pct": 13.49814899035148,
      "horizon_06_affected_candidates_model_robust_mae": 1.1801165961962912,
      "horizon_06_affected_candidates_baseline_robust_mae": 1.3513120465456392,
      "horizon_06_affected_candidates_improvement_pct": 12.668831805871573,
      "horizon_07_all_candidates_model_robust_mae": 0.754190391659627,
      "horizon_07_all_candidates_baseline_robust_mae": 0.8747980508837777,
      "horizon_07_all_candidates_improvement_pct": 13.786914488698853,
      "horizon_07_affected_candidates_model_robust_mae": 1.2208850030207374,
      "horizon_07_affected_candidates_baseline_robust_mae": 1.4029683964706665,
      "horizon_07_affected_candidates_improvement_pct": 12.978438709523425,
      "horizon_08_all_candidates_model_robust_mae": 0.7740389902432153,
      "horizon_08_all_candidates_baseline_robust_mae": 0.900471835342788,
      "horizon_08_all_candidates_improvement_pct": 14.040732884381965,
      "horizon_08_affected_candidates_model_robust_mae": 1.2727046010623195,
      "horizon_08_affected_candidates_baseline_robust_mae": 1.4661330605118215,
      "horizon_08_affected_candidates_improvement_pct": 13.193103999849562,
      "horizon_09_all_candidates_model_robust_mae": 0.7865125884290604,
      "horizon_09_all_candidates_baseline_robust_mae": 0.9181474601338652,
      "horizon_09_all_candidates_improvement_pct": 14.337007661668263,
      "horizon_09_affected_candidates_model_robust_mae": 1.29559952582522,
      "horizon_09_affected_candidates_baseline_robust_mae": 1.4990092805889916,
      "horizon_09_affected_candidates_improvement_pct": 13.569612770098914,
      "horizon_10_all_candidates_model_robust_mae": 0.7974357066943375,
      "horizon_10_all_candidates_baseline_robust_mae": 0.9325457430243009,
      "horizon_10_all_candidates_improvement_pct": 14.488301227111242,
      "horizon_10_affected_candidates_model_robust_mae": 1.3205201444370145,
      "horizon_10_affected_candidates_baseline_robust_mae": 1.5298620796626234,
      "horizon_10_affected_candidates_improvement_pct": 13.683712931284276,
      "horizon_11_all_candidates_model_robust_mae": 0.8149043395521629,
      "horizon_11_all_candidates_baseline_robust_mae": 0.9551026473810996,
      "horizon_11_all_candidates_improvement_pct": 14.678873335066319,
      "horizon_11_affected_candidates_model_robust_mae": 1.3609515430679033,
      "horizon_11_affected_candidates_baseline_robust_mae": 1.5776494926317455,
      "horizon_11_affected_candidates_improvement_pct": 13.73549388352155,
      "horizon_12_all_candidates_model_robust_mae": 0.8282460219028913,
      "horizon_12_all_candidates_baseline_robust_mae": 0.9697845665835225,
      "horizon_12_all_candidates_improvement_pct": 14.594844005330046,
      "horizon_12_affected_candidates_model_robust_mae": 1.3880579706606921,
      "horizon_12_affected_candidates_baseline_robust_mae": 1.607119796316617,
      "horizon_12_affected_candidates_improvement_pct": 13.630709182849724,
      "affected_node_rate": 0.24013498613385012
    },
    "test": {
      "all_candidates_model_robust_mae": 0.703568609739606,
      "all_candidates_baseline_robust_mae": 0.829412917497065,
      "all_candidates_improvement_pct": 15.172696868192235,
      "affected_candidates_model_robust_mae": 1.0906690874318832,
      "affected_candidates_baseline_robust_mae": 1.2852424314257316,
      "affected_candidates_improvement_pct": 15.139038304081383,
      "unaffected_candidates_model_robust_mae": 0.522153324816167,
      "unaffected_candidates_baseline_robust_mae": 0.6157876624977404,
      "unaffected_candidates_improvement_pct": 15.205620928125844,
      "horizon_01_all_candidates_model_robust_mae": 0.5196327976348655,
      "horizon_01_all_candidates_baseline_robust_mae": 0.5881859476425729,
      "horizon_01_all_candidates_improvement_pct": 11.655013228803899,
      "horizon_01_affected_candidates_model_robust_mae": 0.7252035514133682,
      "horizon_01_affected_candidates_baseline_robust_mae": 0.8081600043029459,
      "horizon_01_affected_candidates_improvement_pct": 10.264855034632559,
      "horizon_02_all_candidates_model_robust_mae": 0.5842678931451613,
      "horizon_02_all_candidates_baseline_robust_mae": 0.6646552208159057,
      "horizon_02_all_candidates_improvement_pct": 12.094590571644643,
      "horizon_02_affected_candidates_model_robust_mae": 0.852063074892919,
      "horizon_02_affected_candidates_baseline_robust_mae": 0.9598749196568144,
      "horizon_02_affected_candidates_improvement_pct": 11.231863918524041,
      "horizon_03_all_candidates_model_robust_mae": 0.6298415066025559,
      "horizon_03_all_candidates_baseline_robust_mae": 0.7268808241537192,
      "horizon_03_all_candidates_improvement_pct": 13.350100088847807,
      "horizon_03_affected_candidates_model_robust_mae": 0.9418011895841183,
      "horizon_03_affected_candidates_baseline_robust_mae": 1.0790258218922062,