epoch,train_loss,val_loss,val_residual_loss,val_impact_loss,val_event_aux_loss,val_node_aux_loss
1,0.5502105057239532,0.6547280152638754,0.6281649271647135,0.2517527788877487,0.5929067730903625,0.7352473338445028
