epoch,train_loss,val_loss
1,0.3607976734638214,0.40815580636262894
