{
  "metrics": {
    "val": {
      "all_candidates_model_robust_mae": 0.7145093618090093,
      "all_candidates_baseline_robust_mae": 0.8272501102632047,
      "all_candidates_improvement_pct": 13.628375149847358,
      "affected_candidates_model_robust_mae": 1.157199799958144,
      "affected_candidates_baseline_robust_mae": 1.3240686546633906,
      "affected_candidates_improvement_pct": 12.602734315742001,
      "unaffected_candidates_model_robust_mae": 0.5300219372718827,
      "unaffected_candidates_baseline_robust_mae": 0.6202052552880885,
      "unaffected_candidates_improvement_pct": 14.540882594475134,
      "horizon_01_all_candidates_model_robust_mae": 0.5325506473228189,
      "horizon_01_all_candidates_baseline_robust_mae": 0.6003526860005128,
      "horizon_01_all_candidates_improvement_pct": 11.293701229086539,
      "horizon_01_affected_candidates_model_robust_mae": 0.7668803358399454,
      "horizon_01_affected_candidates_baseline_robust_mae": 0.8427632402965712,
      "horizon_01_affected_candidates_improvement_pct": 9.004059601593726,
      "horizon_02_all_candidates_model_robust_mae": 0.5961133985942089,
      "horizon_02_all_candidates_baseline_robust_mae": 0.6733494887504019,
      "horizon_02_all_candidates_improvement_pct": 11.470431246562217,
      "horizon_02_affected_candidates_model_robust_mae": 0.8988012305239631,
      "horizon_02_affected_candidates_baseline_robust_mae": 0.9973475126132015,
      "horizon_02_affected_candidates_improvement_pct": 9.880837004449157,
      "horizon_03_all_candidates_model_robust_mae": 0.6426351446694111,
      "horizon_03_all_candidates_baseline_robust_mae": 0.7308534904495786,
      "horizon_03_all_candidates_improvement_pct": 12.070592387251338,
      "horizon_03_affected_candidates_model_robust_mae": 0.9971530964087417,
      "horizon_03_affected_candidates_baseline_robust_mae": 1.1166547427176545,
      "horizon_03_affected_candidates_improvement_pct": 10.701754243041684,
      "horizon_04_all_candidates_model_robust_mae": 0.6747462477497771,
      "horizon_04_all_candidates_baseline_robust_mae": 0.7732848661126429,
      "horizon_04_all_candidates_improvement_pct": 12.742861354344917,
      "horizon_04_affected_candidates_model_robust_mae": 1.0650696309029155,
      "horizon_04_affected_candidates_baseline_robust_mae": 1.2040969552088483,
      "horizon_04_affected_candidates_improvement_pct": 11.546190172187485,
      "horizon_05_all_candidates_model_robust_mae": 0.7003701024362843,
      "horizon_05_all_candidates_baseline_robust_mae": 0.80618805385504,
      "horizon_05_all_candidates_improvement_pct": 13.12571563331336,
      "horizon_05_affected_candidates_model_robust_mae": 1.125300614833645,
      "horizon_05_affected_candidates_baseline_robust_mae": 1.2793815399100616,
      "horizon_05_affected_candidates_improvement_pct": 12.043391300397237,
      "horizon_06_all_candidates_model_robust_mae": 0.7230941377876274,
      "horizon_06_all_candidates_baseline_robust_mae": 0.8377409271994909,
      "horizon_06_all_candidates_improvement_pct": 13.685231995901123,
      "horizon_06_affected_candidates_model_robust_mae": 1.1765789345060844,
      "horizon_06_affected_candidates_baseline_robust_mae": 1.346644237542608,
      "horizon_06_affected_candidates_improvement_pct": 12.628821948316745,
      "horizon_07_all_candidates_model_robust_mae": 0.7426950359829426,
      "horizon_07_all_candidates_baseline_robust_mae": 0.8643465388721971,
      "horizon_07_all_candidates_improvement_pct": 14.074390006580682,
      "horizon_07_affected_candidates_model_robust_mae": 1.2175515593751478,
      "horizon_07_affected_candidates_baseline_robust_mae": 1.4017586805897237,
      "horizon_07_affected_candidates_improvement_pct": 13.141143605194546,
      "horizon_08_all_candidates_model_robust_mae": 0.7635012277133012,
      "horizon_08_all_candidates_baseline_robust_mae": 0.8908410368372225,
      "horizon_08_all_candidates_improvement_pct": 14.2943357858793,
      "horizon_08_affected_candidates_model_robust_mae": 1.2637194566036476,
      "horizon_08_affected_candidates_baseline_robust_mae": 1.4593189470573813,
      "horizon_08_affected_candidates_improvement_pct": 13.403477755712483,
      "horizon_09_all_candidates_model_robust_mae": 0.7801813356138331,
      "horizon_09_all_candidates_baseline_robust_mae": 0.9119756261656342,
      "horizon_09_all_candidates_improvement_pct": 14.451514576757393,
      "horizon_09_affected_candidates_model_robust_mae": 1.3003051985832688,
      "horizon_09_affected_candidates_baseline_robust_mae": 1.5058868737007916,
      "horizon_09_affected_candidates_improvement_pct": 13.65186712945413,
      "horizon_10_all_candidates_model_robust_mae": 0.7920834430343174,
      "horizon_10_all_candidates_baseline_robust_mae": 0.9289248031395567,
      "horizon_10_all_candidates_improvement_pct": 14.731155809678706,
      "horizon_10_affected_candidates_model_robust_mae": 1.3268679908978933,
      "horizon_10_affected_candidates_baseline_robust_mae": 1.5406091605425325,
      "horizon_10_affected_candidates_improvement_pct": 13.87380882308718,
      "horizon_11_all_candidates_model_robust_mae": 0.8067637446412068,
      "horizon_11_all_candidates_baseline_robust_mae": 0.9471625751648224,
      "horizon_11_all_candidates_improvement_pct": 14.823097344105237,
      "horizon_11_affected_candidates_model_robust_mae": 1.3585202763537434,
      "horizon_11_affected_candidates_baseline_robust_mae": 1.5798637806463696,
      "horizon_11_affected_candidates_improvement_pct": 14.010290444285515,
      "horizon_12_all_candidates_model_robust_mae": 0.8194668477356459,
      "horizon_12_all_candidates_baseline_robust_mae": 0.962095373567048,
      "horizon_12_all_candidates_improvement_pct": 14.824780344031282,
      "horizon_12_affected_candidates_model_robust_mae": 1.3898350140295612,
      "horizon_12_affected_candidates_baseline_robust_mae": 1.6147309258643616,
      "horizon_12_affected_candidates_improvement_pct": 13.92776395326758,
      "affected_node_rate": 0.23427743925374256
    },
    "test": {
      "all_candidates_model_robust_mae": 0.7078363656187462,
      "all_candidates_baseline_robust_mae": 0.8328134196658367,
      "all_candidates_improvement_pct": 15.006609055031447,
      "affected_candidates_model_robust_mae": 1.1049426363444723,
      "affected_candidates_baseline_robust_mae": 1.293837027683651,
      "affected_candidates_improvement_pct": 14.599550584616928,
      "unaffected_candidates_model_robust_mae": 0.5215222603104972,
      "unaffected_candidates_baseline_robust_mae": 0.6165106195898865,
      "unaffected_candidates_improvement_pct": 15.407416557167693,
      "horizon_01_all_candidates_model_robust_mae": 0.5229926967248681,
      "horizon_01_all_candidates_baseline_robust_mae": 0.5912248439472282,
      "horizon_01_all_candidates_improvement_pct": 11.540811912912499,
      "horizon_01_affected_candidates_model_robust_mae": 0.7344336089518374,
      "horizon_01_affected_candidates_baseline_robust_mae": 0.8144241910254835,
      "horizon_01_affected_candidates_improvement_pct": 9.821734540194074,
      "horizon_02_all_candidates_model_robust_mae": 0.5842152128708142,
      "horizon_02_all_candidates_baseline_robust_mae": 0.6647113446148724,
      "horizon_02_all_candidates_improvement_pct": 12.109938004848832,
      "horizon_02_affected_candidates_model_robust_mae": 0.8544315592237561,
      "horizon_02_affected_candidates_baseline_robust_mae": 0.9614806863858398,
      "horizon_02_affected_candidates_improvement_pct": 11.133778210821506,
      "horizon_03_all_candidates_model_robust_mae": 0.6302113528715689,
      "horizon_03_all_candidates_baseline_robust_mae": 0.7255605942083166,
      "horizon_03_all_candidates_improvement_pct": 13.141458080532399,
      "horizon_03_affected_candidates_model_robust_mae": 0.9460525078242228,
      "horizon_03_affected_candidates_baseline_robust_mae": 1.0792830623658292,