epoch,train_loss,val_loss,val_residual_loss,val_risk_loss,val_ranking_loss,val_convex_gate_loss,val_hard_rate,val_incident_worse_rate,val_gate_mean,val_base_gate_mean,val_risk_delta_mean
1,0.580771454959918,0.6811998972212032,0.6193040440075204,0.2223806829270497,0.6922506034517076,0.10090505733744244,0.7924489065377283,0.5467489973603352,0.42277630891999085,0.43813297333924667,-0.06975086645128506
2,0.5741980193526881,0.6792983523340758,0.6191830953173098,0.20483343997706865,0.6916783412488019,0.10095991901453943,0.7924489065377283,0.5467489973603352,0.4195453094256655,0.43813297333924667,-0.08485123262202156
3,0.572800395784864,0.6778180151024896,0.6187084220811464,0.1950679105108056,0.691554794977561,0.10050121754948631,0.7924489065377283,0.5467489973603352,0.43309126986048474,0.43813297333924667,-0.02820268508782741
