{
  "metrics": {
    "train": {
      "all_candidates_model_robust_mae": 0.658552544402083,
      "all_candidates_baseline_robust_mae": 0.7667153791612423,
      "all_candidates_improvement_pct": 14.107299488042797,
      "affected_candidates_model_robust_mae": 0.9987692441325392,
      "affected_candidates_baseline_robust_mae": 1.14544307792242,
      "affected_candidates_improvement_pct": 12.804986700510225,
      "unaffected_candidates_model_robust_mae": 0.5126860021184076,
      "unaffected_candidates_baseline_robust_mae": 0.6043373985137268,
      "unaffected_candidates_improvement_pct": 15.165600643071471,
      "horizon_01_all_candidates_model_robust_mae": 0.5090787153296783,
      "horizon_01_all_candidates_baseline_robust_mae": 0.5782493143321658,
      "horizon_01_all_candidates_improvement_pct": 11.962071945104555,
      "horizon_01_affected_candidates_model_robust_mae": 0.7015676597665542,
      "horizon_01_affected_candidates_baseline_robust_mae": 0.7790664187365262,
      "horizon_01_affected_candidates_improvement_pct": 9.947644655979119,
      "horizon_02_all_candidates_model_robust_mae": 0.5716805372531794,
      "horizon_02_all_candidates_baseline_robust_mae": 0.6500245447937584,
      "horizon_02_all_candidates_improvement_pct": 12.05246912106007,
      "horizon_02_affected_candidates_model_robust_mae": 0.8250920808708743,
      "horizon_02_affected_candidates_baseline_robust_mae": 0.9139155292312482,
      "horizon_02_affected_candidates_improvement_pct": 9.718999789300977,
      "horizon_03_all_candidates_model_robust_mae": 0.5919929917125569,
      "horizon_03_all_candidates_baseline_robust_mae": 0.6767323893577877,
      "horizon_03_all_candidates_improvement_pct": 12.521847480308665,
      "horizon_03_affected_candidates_model_robust_mae": 0.8625900082527227,
      "horizon_03_affected_candidates_baseline_robust_mae": 0.9644604608341232,
      "horizon_03_affected_candidates_improvement_pct": 10.562429121593727,
      "horizon_04_all_candidates_model_robust_mae": 0.6347112190079763,
      "horizon_04_all_candidates_baseline_robust_mae": 0.7327995358168786,
      "horizon_04_all_candidates_improvement_pct": 13.385422890526211,
      "horizon_04_affected_candidates_model_robust_mae": 0.9402850398058838,
      "horizon_04_affected_candidates_baseline_robust_mae": 1.0695378635031036,
      "horizon_04_affected_candidates_improvement_pct": 12.084922666867767,
      "horizon_05_all_candidates_model_robust_mae": 0.6554410431008993,
      "horizon_05_all_candidates_baseline_robust_mae": 0.7534636238967799,
      "horizon_05_all_candidates_improvement_pct": 13.00959697150676,
      "horizon_05_affected_candidates_model_robust_mae": 0.9902404730709188,
      "horizon_05_affected_candidates_baseline_robust_mae": 1.1317641581235598,
      "horizon_05_affected_candidates_improvement_pct": 12.504697558834536,
      "horizon_06_all_candidates_model_robust_mae": 0.6607686609474025,
      "horizon_06_all_candidates_baseline_robust_mae": 0.7737434548607237,
      "horizon_06_all_candidates_improvement_pct": 14.601066180735195,
      "horizon_06_affected_candidates_model_robust_mae": 1.0190204505727463,
      "horizon_06_affected_candidates_baseline_robust_mae": 1.1717643885341509,
      "horizon_06_affected_candidates_improvement_pct": 13.035379762008608,
      "horizon_07_all_candidates_model_robust_mae": 0.6810538046700614,
      "horizon_07_all_candidates_baseline_robust_mae": 0.7951820046561104,
      "horizon_07_all_candidates_improvement_pct": 14.35246262085693,
      "horizon_07_affected_candidates_model_robust_mae": 1.0359578450520834,
      "horizon_07_affected_candidates_baseline_robust_mae": 1.1991299038841612,
      "horizon_07_affected_candidates_improvement_pct": 13.60753812439662,
      "horizon_08_all_candidates_model_robust_mae": 0.7101029369923235,
      "horizon_08_all_candidates_baseline_robust_mae": 0.8305542024876149,
      "horizon_08_all_candidates_improvement_pct": 14.502517130673064,
      "horizon_08_affected_candidates_model_robust_mae": 1.1077624958184658,
      "horizon_08_affected_candidates_baseline_robust_mae": 1.267795459521586,
      "horizon_08_affected_candidates_improvement_pct": 12.622932390332904,
      "horizon_09_all_candidates_model_robust_mae": 0.7051016671316964,
      "horizon_09_all_candidates_baseline_robust_mae": 0.8313253130231585,
      "horizon_09_all_candidates_improvement_pct": 15.18342385515041,
      "horizon_09_affected_candidates_model_robust_mae": 1.089218861072006,
      "horizon_09_affected_candidates_baseline_robust_mae": 1.2677459671424323,
      "horizon_09_affected_candidates_improvement_pct": 14.082246025427006,
      "horizon_10_all_candidates_model_robust_mae": 0.7207373216931874,
      "horizon_10_all_candidates_baseline_robust_mae": 0.8488574510898989,
      "horizon_10_all_candidates_improvement_pct": 15.09324436419924,
      "horizon_10_affected_candidates_model_robust_mae": 1.1044776691642322,
      "horizon_10_affected_candidates_baseline_robust_mae": 1.2869962628095695,
      "horizon_10_affected_candidates_improvement_pct": 14.181750088915656,
      "horizon_11_all_candidates_model_robust_mae": 0.7202677761228071,
      "horizon_11_all_candidates_baseline_robust_mae": 0.8583685983324592,
      "horizon_11_all_candidates_improvement_pct": 16.0887551662466,
      "horizon_11_affected_candidates_model_robust_mae": 1.1265287308465868,
      "horizon_11_affected_candidates_baseline_robust_mae": 1.322337631952195,
      "horizon_11_affected_candidates_improvement_pct": 14.807784061664442,
      "horizon_12_all_candidates_model_robust_mae": 0.741834925097944,
      "horizon_12_all_candidates_baseline_robust_mae": 0.8714688663259554,
      "horizon_12_all_candidates_improvement_pct": 14.875338206233112,
      "horizon_12_affected_candidates_model_robust_mae": 1.1830489230766545,
      "horizon_12_affected_candidates_baseline_robust_mae": 1.371528484623939,
      "horizon_12_affected_candidates_improvement_pct": 13.742300189920147,
      "affected_node_rate": 0.23299822590183322
    },
    "val": {
      "all_candidates_model_robust_mae": 0.713019880843525,
      "all_candidates_baseline_robust_mae": 0.8193069386501315,
      "all_candidates_improvement_pct": 12.972800887262384,
      "affected_candidates_model_robust_mae": 1.1501864446837005,
      "affected_candidates_baseline_robust_mae": 1.3051837181763872,
      "affected_candidates_improvement_pct": 11.87551387089399,
      "unaffected_candidates_model_robust_mae": 0.5343078669629056,
      "unaffected_candidates_baseline_robust_mae": 0.6206823743310808,
      "unaffected_candidates_improvement_pct": 13.91605609250019,
      "horizon_01_all_candidates_model_robust_mae": 0.5468197965835581,
      "horizon_01_all_candidates_baseline_robust_mae": 0.6110569630504538,
      "horizon_01_all_candidates_improvement_pct": 10.512467797800344,
      "horizon_01_affected_candidates_model_robust_mae": 0.8090853408486365,
      "horizon_01_affected_candidates_baseline_robust_mae": 0.8759459102289072,
      "horizon_01_affected_candidates_improvement_pct": 7.632956395994628,
      "horizon_02_all_candidates_model_robust_mae": 0.5959213692163496,
      "horizon_02_all_candidates_baseline_robust_mae": 0.66884496391648,
      "horizon_02_all_candidates_improvement_pct": 10.902914521942403,
      "horizon_02_affected_candidates_model_robust_mae": 0.9028659738778767,
      "horizon_02_affected_candidates_baseline_robust_mae": 1.0102059170697706,
      "horizon_02_affected_candidates_improvement_pct": 10.625550828611942,
      "horizon_03_all_candidates_model_robust_mae": 0.6481831794074616,
      "horizon_03_all_candidates_baseline_robust_mae": 0.73141583301067,
      "horizon_03_all_candidates_improvement_pct": 11.379662545805761,
      "horizon_03_affected_candidates_model_robust_mae": 1.00994622902792,
      "horizon_03_affected_candidates_baseline_robust_mae": 1.1262148536018286,