epoch,train_loss,val_loss,val_residual_loss,val_gate_loss,val_hard_residual_loss,val_delta_l2,val_hard_rate,val_affected_rate,val_gate_mean,val_base_gate_mean,val_delta_abs_mean
1,0.616547480225563,0.7068963795900345,0.5908945649862289,0.712907686829567,0.8942187130451202,0.0001291640983254183,0.5329428911209106,0.2905643507838249,0.470673069357872,0.46953199803829193,0.009553864598274231
