{
  "metrics": {
    "val": {
      "all_candidates_model_robust_mae": 0.7203944142547128,
      "all_candidates_baseline_robust_mae": 0.8356682411538807,
      "all_candidates_improvement_pct": 13.794209379071193,
      "affected_candidates_model_robust_mae": 1.1842737350310941,
      "affected_candidates_baseline_robust_mae": 1.3608444863994964,
      "affected_candidates_improvement_pct": 12.97508665634313,
      "unaffected_candidates_model_robust_mae": 0.5295862979625813,
      "unaffected_candidates_baseline_robust_mae": 0.6196468416375984,
      "unaffected_candidates_improvement_pct": 14.53417295519586,
      "horizon_01_all_candidates_model_robust_mae": 0.5297399584280941,
      "horizon_01_all_candidates_baseline_robust_mae": 0.5993474118900214,
      "horizon_01_all_candidates_improvement_pct": 11.61387403716696,
      "horizon_01_affected_candidates_model_robust_mae": 0.7735818880850643,
      "horizon_01_affected_candidates_baseline_robust_mae": 0.851246532277295,
      "horizon_01_affected_candidates_improvement_pct": 9.123637071913643,
      "horizon_02_all_candidates_model_robust_mae": 0.5984841321975526,
      "horizon_02_all_candidates_baseline_robust_mae": 0.6773057852443504,
      "horizon_02_all_candidates_improvement_pct": 11.637528390276696,
      "horizon_02_affected_candidates_model_robust_mae": 0.9050180250826172,
      "horizon_02_affected_candidates_baseline_robust_mae": 1.0081401535041237,
      "horizon_02_affected_candidates_improvement_pct": 10.228947638190135,
      "horizon_03_all_candidates_model_robust_mae": 0.6389352200380447,
      "horizon_03_all_candidates_baseline_robust_mae": 0.7320894774293857,
      "horizon_03_all_candidates_improvement_pct": 12.724436050964309,
      "horizon_03_affected_candidates_model_robust_mae": 0.9991820705714313,
      "horizon_03_affected_candidates_baseline_robust_mae": 1.1304110060565844,
      "horizon_03_affected_candidates_improvement_pct": 11.608957696098747,
      "horizon_04_all_candidates_model_robust_mae": 0.68213450027097,
      "horizon_04_all_candidates_baseline_robust_mae": 0.7859080644810293,
      "horizon_04_all_candidates_improvement_pct": 13.204287995006862,
      "horizon_04_affected_candidates_model_robust_mae": 1.090955611643961,
      "horizon_04_affected_candidates_baseline_robust_mae": 1.2420958955169956,
      "horizon_04_affected_candidates_improvement_pct": 12.168165470841187,
      "horizon_05_all_candidates_model_robust_mae": 0.7086103793439059,
      "horizon_05_all_candidates_baseline_robust_mae": 0.8173555358115927,
      "horizon_05_all_candidates_improvement_pct": 13.304510913932742,
      "horizon_05_affected_candidates_model_robust_mae": 1.1583871616569867,
      "horizon_05_affected_candidates_baseline_robust_mae": 1.3104676393463939,
      "horizon_05_affected_candidates_improvement_pct": 11.605054037447157,
      "horizon_06_all_candidates_model_robust_mae": 0.7413191103743426,
      "horizon_06_all_candidates_baseline_robust_mae": 0.8564715162760124,
      "horizon_06_all_candidates_improvement_pct": 13.44497787881599,
      "horizon_06_affected_candidates_model_robust_mae": 1.2262935311957883,
      "horizon_06_affected_candidates_baseline_robust_mae": 1.3948244446318427,
      "horizon_06_affected_candidates_improvement_pct": 12.082589610804918,
      "horizon_07_all_candidates_model_robust_mae": 0.7613059341886068,
      "horizon_07_all_candidates_baseline_robust_mae": 0.8815240897707097,
      "horizon_07_all_candidates_improvement_pct": 13.637534921294376,
      "horizon_07_affected_candidates_model_robust_mae": 1.2635179929946512,
      "horizon_07_affected_candidates_baseline_robust_mae": 1.454657307127024,
      "horizon_07_affected_candidates_improvement_pct": 13.139817412382616,
      "horizon_08_all_candidates_model_robust_mae": 0.7767448486986186,
      "horizon_08_all_candidates_baseline_robust_mae": 0.9039595310043239,
      "horizon_08_all_candidates_improvement_pct": 14.073050611498758,
      "horizon_08_affected_candidates_model_robust_mae": 1.316167867586134,
      "horizon_08_affected_candidates_baseline_robust_mae": 1.5220454430495607,
      "horizon_08_affected_candidates_improvement_pct": 13.526375076616095,
      "horizon_09_all_candidates_model_robust_mae": 0.7882738021254663,
      "horizon_09_all_candidates_baseline_robust_mae": 0.9237086605658172,
      "horizon_09_all_candidates_improvement_pct": 14.662075199921848,
      "horizon_09_affected_candidates_model_robust_mae": 1.3481361359748458,
      "horizon_09_affected_candidates_baseline_robust_mae": 1.5723941141215305,
      "horizon_09_affected_candidates_improvement_pct": 14.262199033476653,
      "horizon_10_all_candidates_model_robust_mae": 0.7864487927604963,
      "horizon_10_all_candidates_baseline_robust_mae": 0.9288557581278657,
      "horizon_10_all_candidates_improvement_pct": 15.33144022860929,
      "horizon_10_affected_candidates_model_robust_mae": 1.332335719682728,
      "horizon_10_affected_candidates_baseline_robust_mae": 1.5723871116043884,
      "horizon_10_affected_candidates_improvement_pct": 15.266685293338709,
      "horizon_11_all_candidates_model_robust_mae": 0.8027318950781496,
      "horizon_11_all_candidates_baseline_robust_mae": 0.9463526187272462,
      "horizon_11_all_candidates_improvement_pct": 15.176237779344104,
      "horizon_11_affected_candidates_model_robust_mae": 1.3591570616687547,
      "horizon_11_affected_candidates_baseline_robust_mae": 1.5939816041827293,
      "horizon_11_affected_candidates_improvement_pct": 14.731948091356704,
      "horizon_12_all_candidates_model_robust_mae": 0.830186346630877,
      "horizon_12_all_candidates_baseline_robust_mae": 0.9753739056249439,
      "horizon_12_all_candidates_improvement_pct": 14.885323275184604,
      "horizon_12_affected_candidates_model_robust_mae": 1.4390285064033328,
      "horizon_12_affected_candidates_baseline_robust_mae": 1.678098231549433,
      "horizon_12_affected_candidates_improvement_pct": 14.246467855779859,
      "affected_node_rate": 0.23289592306921766
    },
    "test": {
      "all_candidates_model_robust_mae": 0.6997494489454006,
      "all_candidates_baseline_robust_mae": 0.8242806425758973,
      "all_candidates_improvement_pct": 15.107863414253385,
      "affected_candidates_model_robust_mae": 1.0693858164359538,
      "affected_candidates_baseline_robust_mae": 1.2716875207174103,
      "affected_candidates_improvement_pct": 15.908130022957998,
      "unaffected_candidates_model_robust_mae": 0.5245545965242566,
      "unaffected_candidates_baseline_robust_mae": 0.61222524108572,
      "unaffected_candidates_improvement_pct": 14.319998372819171,
      "horizon_01_all_candidates_model_robust_mae": 0.5237822901373456,
      "horizon_01_all_candidates_baseline_robust_mae": 0.5928633419680283,
      "horizon_01_all_candidates_improvement_pct": 11.652103771733634,
      "horizon_01_affected_candidates_model_robust_mae": 0.7241049239574834,
      "horizon_01_affected_candidates_baseline_robust_mae": 0.8104395965613526,
      "horizon_01_affected_candidates_improvement_pct": 10.652820144793285,
      "horizon_02_all_candidates_model_robust_mae": 0.5724560689753297,
      "horizon_02_all_candidates_baseline_robust_mae": 0.652908033974156,
      "horizon_02_all_candidates_improvement_pct": 12.32209757155642,
      "horizon_02_affected_candidates_model_robust_mae": 0.8195372679950007,
      "horizon_02_affected_candidates_baseline_robust_mae": 0.9405505455784077,
      "horizon_02_affected_candidates_improvement_pct": 12.86621736091682,
      "horizon_03_all_candidates_model_robust_mae": 0.629509080187713,
      "horizon_03_all_candidates_baseline_robust_mae": 0.7235044903781026,
      "horizon_03_all_candidates_improvement_pct": 12.991683042805679,
      "horizon_03_affected_candidates_model_robust_mae": 0.9239455469121872,
      "horizon_03_affected_candidates_baseline_robust_mae": 1.0697764896396453,