epoch,train_loss,val_loss,val_residual_loss,val_risk_loss,val_ranking_loss,val_convex_gate_loss,val_hard_rate,val_incident_worse_rate,val_gate_mean,val_base_gate_mean,val_risk_delta_mean
1,0.6143041700124741,0.7275808751583099,0.6390402615070343,0.48917027562856674,0.6929829716682434,0.09948869608342648,0.7931504547595978,0.5463878065347672,0.435632161796093,0.4397714361548424,-0.017701240722090006
