{
  "metrics": {
    "val": {
      "all_candidates_model_robust_mae": 0.6983695180722754,
      "all_candidates_baseline_robust_mae": 0.812272253538368,
      "all_candidates_improvement_pct": 14.02272882890149,
      "affected_candidates_model_robust_mae": 1.1247680657557124,
      "affected_candidates_baseline_robust_mae": 1.2999156952298925,
      "affected_candidates_improvement_pct": 13.473768346431488,
      "unaffected_candidates_model_robust_mae": 0.5239278402190334,
      "unaffected_candidates_baseline_robust_mae": 0.6127749966054564,
      "unaffected_candidates_improvement_pct": 14.499148444143929,
      "horizon_01_all_candidates_model_robust_mae": 0.5251121662632956,
      "horizon_01_all_candidates_baseline_robust_mae": 0.5925561872164117,
      "horizon_01_all_candidates_improvement_pct": 11.381877770940289,
      "horizon_01_affected_candidates_model_robust_mae": 0.7504000502348628,
      "horizon_01_affected_candidates_baseline_robust_mae": 0.8310821840812233,
      "horizon_01_affected_candidates_improvement_pct": 9.70808126943018,
      "horizon_02_all_candidates_model_robust_mae": 0.5836169096187028,
      "horizon_02_all_candidates_baseline_robust_mae": 0.6605090726494501,
      "horizon_02_all_candidates_improvement_pct": 11.641348501439289,
      "horizon_02_affected_candidates_model_robust_mae": 0.8674294504670573,
      "horizon_02_affected_candidates_baseline_robust_mae": 0.969432654323763,
      "horizon_02_affected_candidates_improvement_pct": 10.521948420218937,
      "horizon_03_all_candidates_model_robust_mae": 0.6243944859153127,
      "horizon_03_all_candidates_baseline_robust_mae": 0.7156650011947023,
      "horizon_03_all_candidates_improvement_pct": 12.753245600529066,
      "horizon_03_affected_candidates_model_robust_mae": 0.9585049531364634,
      "horizon_03_affected_candidates_baseline_robust_mae": 1.0868382318468646,
      "horizon_03_affected_candidates_improvement_pct": 11.807946661236267,
      "horizon_04_all_candidates_model_robust_mae": 0.6598132995661466,
      "horizon_04_all_candidates_baseline_robust_mae": 0.7587719564434949,
      "horizon_04_all_candidates_improvement_pct": 13.041949697401297,
      "horizon_04_affected_candidates_model_robust_mae": 1.0238620939886574,
      "horizon_04_affected_candidates_baseline_robust_mae": 1.1706791141493218,
      "horizon_04_affected_candidates_improvement_pct": 12.541183863807937,
      "horizon_05_all_candidates_model_robust_mae": 0.681314106176255,
      "horizon_05_all_candidates_baseline_robust_mae": 0.78826782591811,
      "horizon_05_all_candidates_improvement_pct": 13.568195507318089,
      "horizon_05_affected_candidates_model_robust_mae": 1.0881072859179328,
      "horizon_05_affected_candidates_baseline_robust_mae": 1.250857173134531,
      "horizon_05_affected_candidates_improvement_pct": 13.011068786435645,
      "horizon_06_all_candidates_model_robust_mae": 0.7044386152548295,
      "horizon_06_all_candidates_baseline_robust_mae": 0.8191494627034623,
      "horizon_06_all_candidates_improvement_pct": 14.003652895046688,
      "horizon_06_affected_candidates_model_robust_mae": 1.138224813370341,
      "horizon_06_affected_candidates_baseline_robust_mae": 1.3189782477938825,
      "horizon_06_affected_candidates_improvement_pct": 13.704049685873818,
      "horizon_07_all_candidates_model_robust_mae": 0.7250527435249746,
      "horizon_07_all_candidates_baseline_robust_mae": 0.8484080569173638,
      "horizon_07_all_candidates_improvement_pct": 14.539620691556461,
      "horizon_07_affected_candidates_model_robust_mae": 1.184299110438137,
      "horizon_07_affected_candidates_baseline_robust_mae": 1.373737024284366,
      "horizon_07_affected_candidates_improvement_pct": 13.789969295245186,
      "horizon_08_all_candidates_model_robust_mae": 0.7461647176085885,
      "horizon_08_all_candidates_baseline_robust_mae": 0.8730975337730842,
      "horizon_08_all_candidates_improvement_pct": 14.538217238566293,
      "horizon_08_affected_candidates_model_robust_mae": 1.2331012529693202,
      "horizon_08_affected_candidates_baseline_robust_mae": 1.436019830312394,
      "horizon_08_affected_candidates_improvement_pct": 14.130625013648364,
      "horizon_09_all_candidates_model_robust_mae": 0.7634226626113036,
      "horizon_09_all_candidates_baseline_robust_mae": 0.8976867136473045,
      "horizon_09_all_candidates_improvement_pct": 14.956671296881009,
      "horizon_09_affected_candidates_model_robust_mae": 1.2717852796980813,
      "horizon_09_affected_candidates_baseline_robust_mae": 1.4868423174878904,
      "horizon_09_affected_candidates_improvement_pct": 14.464011096560725,
      "horizon_10_all_candidates_model_robust_mae": 0.772443846136188,
      "horizon_10_all_candidates_baseline_robust_mae": 0.9113789985417645,
      "horizon_10_all_candidates_improvement_pct": 15.244497912271097,
      "horizon_10_affected_candidates_model_robust_mae": 1.2867628829009845,
      "horizon_10_affected_candidates_baseline_robust_mae": 1.5105281051277468,
      "horizon_10_affected_candidates_improvement_pct": 14.813707965257507,
      "horizon_11_all_candidates_model_robust_mae": 0.790552199134912,
      "horizon_11_all_candidates_baseline_robust_mae": 0.9332737739183414,
      "horizon_11_all_candidates_improvement_pct": 15.292573173273066,
      "horizon_11_affected_candidates_model_robust_mae": 1.3306480604915418,
      "horizon_11_affected_candidates_baseline_robust_mae": 1.564404800238793,
      "horizon_11_affected_candidates_improvement_pct": 14.94221570475686,
      "horizon_12_all_candidates_model_robust_mae": 0.8041570885713643,
      "horizon_12_all_candidates_baseline_robust_mae": 0.9485655322208022,
      "horizon_12_all_candidates_improvement_pct": 15.223876342137983,
      "horizon_12_affected_candidates_model_robust_mae": 1.364303815667627,
      "horizon_12_affected_candidates_baseline_robust_mae": 1.5998585408337254,
      "horizon_12_affected_candidates_improvement_pct": 14.723472054182054,
      "affected_node_rate": 0.2311284046692607
    },
    "test": {
      "all_candidates_model_robust_mae": 0.7092344020997396,
      "all_candidates_baseline_robust_mae": 0.8330488830427023,
      "all_candidates_improvement_pct": 14.86281099024244,
      "affected_candidates_model_robust_mae": 1.103276413105947,
      "affected_candidates_baseline_robust_mae": 1.2900944477339138,
      "affected_candidates_improvement_pct": 14.48095796056776,
      "unaffected_candidates_model_robust_mae": 0.522828812589053,
      "unaffected_candidates_baseline_robust_mae": 0.6168388012401588,
      "unaffected_candidates_improvement_pct": 15.24060880445556,
      "horizon_01_all_candidates_model_robust_mae": 0.5247108033471038,
      "horizon_01_all_candidates_baseline_robust_mae": 0.5907186167402946,
      "horizon_01_all_candidates_improvement_pct": 11.174154922936959,
      "horizon_01_affected_candidates_model_robust_mae": 0.7330289801245002,
      "horizon_01_affected_candidates_baseline_robust_mae": 0.8083569085558622,
      "horizon_01_affected_candidates_improvement_pct": 9.318647200768785,
      "horizon_02_all_candidates_model_robust_mae": 0.5827181910676827,
      "horizon_02_all_candidates_baseline_robust_mae": 0.6613039375788015,
      "horizon_02_all_candidates_improvement_pct": 11.88345359001501,
      "horizon_02_affected_candidates_model_robust_mae": 0.8507843940938109,
      "horizon_02_affected_candidates_baseline_robust_mae": 0.9541223391609646,
      "horizon_02_affected_candidates_improvement_pct": 10.830680807455668,
      "horizon_03_all_candidates_model_robust_mae": 0.6267201611885058,
      "horizon_03_all_candidates_baseline_robust_mae": 0.7180480895724983,
      "horizon_03_all_candidates_improvement_pct": 12.718915308077218,
      "horizon_03_affected_candidates_model_robust_mae": 0.9310185338662134,
      "horizon_03_affected_candidates_baseline_robust_mae": 1.0552724023797542,