epoch,train_loss,val_loss,val_residual_loss,val_veto_loss,val_ranking_loss,val_regret_loss,val_sparsity_loss,val_normal_advantage_mean,val_positive_rate,val_affected_positive_rate,val_ranking_positive_count,val_ranking_negative_count,val_normal_veto_mean,val_affected_normal_veto_mean,val_effective_gate_mean,val_base_gate_mean
1,0.7401769042015076,0.8222411423921585,0.6005075424909592,0.7550449818372726,0.9092587828636169,0.21094735525548458,0.03375869058072567,-0.07103277812711895,0.2545823594555259,0.279145248234272,10355.375,38558.8125,0.03481207066215575,0.03284762194380164,0.4219361562281847,0.4374733082950115
2,0.7122430741786957,0.7911257930099964,0.6021429970860481,0.5509686395525932,0.8800777085125446,0.1969440057873726,0.12871024664491415,-0.07103277812711895,0.2545823594555259,0.279145248234272,10355.375,38558.8125,0.13242239085957408,0.12550547812134027,0.3777235448360443,0.4374733082950115
