{
  "metrics": {
    "val": {
      "all_candidates_model_robust_mae": 0.7162002153207023,
      "all_candidates_baseline_robust_mae": 0.827250102514385,
      "all_candidates_improvement_pct": 13.423979864874257,
      "affected_candidates_model_robust_mae": 1.1586634295030505,
      "affected_candidates_baseline_robust_mae": 1.3240686608241723,
      "affected_candidates_improvement_pct": 12.492194416727955,
      "unaffected_candidates_model_robust_mae": 0.5318074888848068,
      "unaffected_candidates_baseline_robust_mae": 0.6202052519238401,
      "unaffected_candidates_improvement_pct": 14.252985243970235,
      "horizon_01_all_candidates_model_robust_mae": 0.5342026415973902,
      "horizon_01_all_candidates_baseline_robust_mae": 0.6003526910613428,
      "horizon_01_all_candidates_improvement_pct": 11.018531348132754,
      "horizon_01_affected_candidates_model_robust_mae": 0.7679532223455618,
      "horizon_01_affected_candidates_baseline_robust_mae": 0.8427632361549119,
      "horizon_01_affected_candidates_improvement_pct": 8.87675335135275,
      "horizon_02_all_candidates_model_robust_mae": 0.5972818696748973,
      "horizon_02_all_candidates_baseline_robust_mae": 0.6733494887504019,
      "horizon_02_all_candidates_improvement_pct": 11.296900101115467,
      "horizon_02_affected_candidates_model_robust_mae": 0.8995033639193457,
      "horizon_02_affected_candidates_baseline_robust_mae": 0.9973475087895826,
      "horizon_02_affected_candidates_improvement_pct": 9.81043658383266,
      "horizon_03_all_candidates_model_robust_mae": 0.6438258655145515,
      "horizon_03_all_candidates_baseline_robust_mae": 0.7308534943862844,
      "horizon_03_all_candidates_improvement_pct": 11.907670899871965,
      "horizon_03_affected_candidates_model_robust_mae": 0.9985011828761873,
      "horizon_03_affected_candidates_baseline_robust_mae": 1.116654747019574,
      "horizon_03_affected_candidates_improvement_pct": 10.581029137138984,
      "horizon_04_all_candidates_model_robust_mae": 0.6752542256768014,
      "horizon_04_all_candidates_baseline_robust_mae": 0.773284867237372,
      "horizon_04_all_candidates_improvement_pct": 12.677170563390654,
      "horizon_04_affected_candidates_model_robust_mae": 1.0648848396125115,
      "horizon_04_affected_candidates_baseline_robust_mae": 1.2040969431001207,
      "horizon_04_affected_candidates_improvement_pct": 11.561536160800117,
      "horizon_05_all_candidates_model_robust_mae": 0.7012716576870683,
      "horizon_05_all_candidates_baseline_robust_mae": 0.8061880555422644,
      "horizon_05_all_candidates_improvement_pct": 13.013886416938583,
      "horizon_05_affected_candidates_model_robust_mae": 1.1253481377026542,
      "horizon_05_affected_candidates_baseline_robust_mae": 1.2793815410253246,
      "horizon_05_affected_candidates_improvement_pct": 12.03967685818139,
      "horizon_06_all_candidates_model_robust_mae": 0.7247451050939652,
      "horizon_06_all_candidates_baseline_robust_mae": 0.837740935448321,
      "horizon_06_all_candidates_improvement_pct": 13.488159116145559,
      "horizon_06_affected_candidates_model_robust_mae": 1.177952614678985,
      "horizon_06_affected_candidates_baseline_robust_mae": 1.346644229576236,
      "horizon_06_affected_candidates_improvement_pct": 12.526813778449501,
      "horizon_07_all_candidates_model_robust_mae": 0.7443119857678109,
      "horizon_07_all_candidates_baseline_robust_mae": 0.8643465291235348,
      "horizon_07_all_candidates_improvement_pct": 13.887317101561273,
      "horizon_07_affected_candidates_model_robust_mae": 1.2187345083049304,
      "horizon_07_affected_candidates_baseline_robust_mae": 1.401758678996387,
      "horizon_07_affected_candidates_improvement_pct": 13.056753165423302,
      "horizon_08_all_candidates_model_robust_mae": 0.7655604909690603,
      "horizon_08_all_candidates_baseline_robust_mae": 0.8908410379620302,
      "horizon_08_all_candidates_improvement_pct": 14.063176442743721,
      "horizon_08_affected_candidates_model_robust_mae": 1.2653428170040857,
      "horizon_08_affected_candidates_baseline_robust_mae": 1.459318947694711,
      "horizon_08_affected_candidates_improvement_pct": 13.292236833973124,
      "horizon_09_all_candidates_model_robust_mae": 0.7827031498541339,
      "horizon_09_all_candidates_baseline_robust_mae": 0.911975627290561,
      "horizon_09_all_candidates_improvement_pct": 14.174992573046046,
      "horizon_09_affected_candidates_model_robust_mae": 1.3033264888514235,
      "horizon_09_affected_candidates_baseline_robust_mae": 1.5058868829427,
      "horizon_09_affected_candidates_improvement_pct": 13.451235706060926,
      "horizon_10_all_candidates_model_robust_mae": 0.7949629403091811,
      "horizon_10_all_candidates_baseline_robust_mae": 0.9289248027645703,
      "horizon_10_all_candidates_improvement_pct": 14.421174034400385,
      "horizon_10_affected_candidates_model_robust_mae": 1.330352293928187,
      "horizon_10_affected_candidates_baseline_robust_mae": 1.5406091656416363,
      "horizon_10_affected_candidates_improvement_pct": 13.647645126522466,
      "horizon_11_all_candidates_model_robust_mae": 0.8090941827632959,
      "horizon_11_all_candidates_baseline_robust_mae": 0.9471625830397096,
      "horizon_11_all_candidates_improvement_pct": 14.577053902753795,
      "horizon_11_affected_candidates_model_robust_mae": 1.3613210348725016,
      "horizon_11_affected_candidates_baseline_robust_mae": 1.579863786064337,
      "horizon_11_affected_candidates_improvement_pct": 13.833012258370461,
      "horizon_12_all_candidates_model_robust_mae": 0.8212779183481449,
      "horizon_12_all_candidates_baseline_robust_mae": 0.962095373567048,
      "horizon_12_all_candidates_improvement_pct": 14.636538028117812,
      "horizon_12_affected_candidates_model_robust_mae": 1.3909271020743637,
      "horizon_12_affected_candidates_baseline_robust_mae": 1.6147309201281246,
      "horizon_12_affected_candidates_improvement_pct": 13.86013082823748,
      "affected_node_rate": 0.23427743925374256
    },
    "test": {
      "all_candidates_model_robust_mae": 0.7099084725207546,
      "all_candidates_baseline_robust_mae": 0.8328134175155775,
      "all_candidates_improvement_pct": 14.757800776249377,
      "affected_candidates_model_robust_mae": 1.108397790684308,
      "affected_candidates_baseline_robust_mae": 1.293837023264936,
      "affected_candidates_improvement_pct": 14.332503185963944,
      "unaffected_candidates_model_robust_mae": 0.5229454739134812,
      "unaffected_candidates_baseline_robust_mae": 0.6165106205771105,
      "unaffected_candidates_improvement_pct": 15.176566881531366,
      "horizon_01_all_candidates_model_robust_mae": 0.5246530893603653,
      "horizon_01_all_candidates_baseline_robust_mae": 0.591224841429918,
      "horizon_01_all_candidates_improvement_pct": 11.259972079073068,
      "horizon_01_affected_candidates_model_robust_mae": 0.7356579158083802,
      "horizon_01_affected_candidates_baseline_robust_mae": 0.8144241979669616,
      "horizon_01_affected_candidates_improvement_pct": 9.671407401106796,
      "horizon_02_all_candidates_model_robust_mae": 0.5853480156628329,
      "horizon_02_all_candidates_baseline_robust_mae": 0.6647113468303868,
      "horizon_02_all_candidates_improvement_pct": 11.939518039821412,
      "horizon_02_affected_candidates_model_robust_mae": 0.8559694405380037,
      "horizon_02_affected_candidates_baseline_robust_mae": 0.9614806884368053,
      "horizon_02_affected_candidates_improvement_pct": 10.973829133307289,
      "horizon_03_all_candidates_model_robust_mae": 0.6314522815577189,
      "horizon_03_all_candidates_baseline_robust_mae": 0.7255605875606053,
      "horizon_03_all_candidates_improvement_pct": 12.970426952115226,
      "horizon_03_affected_candidates_model_robust_mae": 0.9480886813218835,
      "horizon_03_affected_candidates_baseline_robust_mae": 1.0792830611036868,