{
  "rows": [
    {
      "region": "Alameda",
      "train": 256.0,
      "val": 256.0,
      "test": 256.0,
      "all_values": 345149.0,
      "all_normal_diff_raw_mae": 0.33982792519951527,
      "all_normal_diff_robust_mae": 0.05447345112933223,
      "all_local_target_robust_mae": 0.8295177606944755,
      "all_full_target_robust_mae": 0.821378298756479,
      "all_target_change_pct": -0.9812281693862743,
      "affected_values": 98808.0,
      "affected_normal_diff_raw_mae": 0.38017768109339894,
      "affected_normal_diff_robust_mae": 0.06447921047499475,
      "affected_local_target_robust_mae": 1.3146894675943497,
      "affected_full_target_robust_mae": 1.3105808073051082,
      "affected_target_change_pct": -0.3125194496887262,
      "unaffected_values": 246341.0,
      "unaffected_normal_diff_raw_mae": 0.3236435342675397,
      "unaffected_normal_diff_robust_mae": 0.0504601159216686,
      "unaffected_local_target_robust_mae": 0.634914133531809,
      "unaffected_full_target_robust_mae": 0.6251579355684168,
      "unaffected_target_change_pct": -1.536616913711126
    },
    {
      "region": "ContraCosta",
      "train": 256.0,
      "val": 256.0,
      "test": 256.0,
      "all_values": 501833.0,
      "all_normal_diff_raw_mae": 0.3642166703583413,
      "all_normal_diff_robust_mae": 0.06218662052882881,
      "all_local_target_robust_mae": 0.917305344155202,
      "all_full_target_robust_mae": 0.9109305753856363,
      "all_target_change_pct": -0.6949451248904102,
      "affected_values": 148901.0,
      "affected_normal_diff_raw_mae": 0.4274182150139291,
      "affected_normal_diff_robust_mae": 0.07797524301076486,
      "affected_local_target_robust_mae": 1.481095696946923,
      "affected_full_target_robust_mae": 1.4733279322597312,
      "affected_target_change_pct": -0.5244606883406546,
      "unaffected_values": 352932.0,
      "unaffected_normal_diff_raw_mae": 0.33755212209898966,
      "unaffected_normal_diff_robust_mae": 0.05552544674389073,
      "unaffected_local_target_robust_mae": 0.6794438131628402,
      "unaffected_full_target_robust_mae": 0.6736567453813695,
      "unaffected_target_change_pct": -0.8517360331138487
    },
    {
      "region": "Orange",
      "train": 256.0,
      "val": 256.0,
      "test": 256.0,
      "all_values": 428465.0,
      "all_normal_diff_raw_mae": 0.4518041636915355,
      "all_normal_diff_robust_mae": 0.06959560240662889,
      "all_local_target_robust_mae": 0.8973543706713208,
      "all_full_target_robust_mae": 0.8935218326613609,
      "all_target_change_pct": -0.4270930342817419,
      "affected_values": 130364.0,
      "affected_normal_diff_raw_mae": 0.5389771058404257,
      "affected_normal_diff_robust_mae": 0.08270785399701448,
      "affected_local_target_robust_mae": 1.3881899386645278,
      "affected_full_target_robust_mae": 1.3863306127758142,
      "affected_target_change_pct": -0.13393886794067544,
      "unaffected_values": 298101.0,
      "unaffected_normal_diff_raw_mae": 0.4136821291994471,
      "unaffected_normal_diff_robust_mae": 0.06386142093579965,
      "unaffected_local_target_robust_mae": 0.6827046765268944,
      "unaffected_full_target_robust_mae": 0.6780092218770861,
      "unaffected_target_change_pct": -0.6877724455756351
    },
    {
      "region": "weighted",
      "train": NaN,
      "val": NaN,
      "test": NaN,
      "all_values": 1275447.0,
      "all_normal_diff_raw_mae": 0.3870403739917995,
      "all_normal_diff_robust_mae": 0.06258828105663182,
      "all_local_target_robust_mae": 0.886846931929796,
      "all_full_target_robust_mae": 0.8808486388742535,
      "all_target_change_pct": -0.6763617079319604,
      "affected_values": 378073.0,
      "affected_normal_diff_raw_mae": 0.45353888633424466,
      "affected_normal_diff_robust_mae": 0.07607996383403728,
      "affected_local_target_robust_mae": 1.40557104170152,
      "affected_full_target_robust_mae": 1.4007968695292063,
      "affected_target_change_pct": -0.33966068100934826,
      "unaffected_values": 897374.0,
      "unaffected_normal_diff_raw_mae": 0.35902385608244164,
      "unaffected_normal_diff_robust_mae": 0.056904095537487626,
      "unaffected_local_target_robust_mae": 0.6683030633970792,
      "unaffected_full_target_robust_mae": 0.6617890428267122,
      "unaffected_target_change_pct": -0.9747105657806348
    }
  ]
}