{
  "metrics": {
    "val": {
      "all_candidates_model_robust_mae": 0.7066872639248252,
      "all_candidates_baseline_robust_mae": 0.8218168869426726,
      "all_candidates_improvement_pct": 14.009157617356012,
      "affected_candidates_model_robust_mae": 1.1452405240160966,
      "affected_candidates_baseline_robust_mae": 1.321900093170066,
      "affected_candidates_improvement_pct": 13.364063598052994,
      "unaffected_candidates_model_robust_mae": 0.5278141866086519,
      "unaffected_candidates_baseline_robust_mae": 0.6178475281539271,
      "unaffected_candidates_improvement_pct": 14.572097069690761,
      "horizon_01_all_candidates_model_robust_mae": 0.5279794672044026,
      "horizon_01_all_candidates_baseline_robust_mae": 0.5962882424202636,
      "horizon_01_all_candidates_improvement_pct": 11.455663613054607,
      "horizon_01_affected_candidates_model_robust_mae": 0.7548694602164228,
      "horizon_01_affected_candidates_baseline_robust_mae": 0.8344840254504524,
      "horizon_01_affected_candidates_improvement_pct": 9.540573912251215,
      "horizon_02_all_candidates_model_robust_mae": 0.5871617371700719,
      "horizon_02_all_candidates_baseline_robust_mae": 0.6658843623079687,
      "horizon_02_all_candidates_improvement_pct": 11.822266686822699,
      "horizon_02_affected_candidates_model_robust_mae": 0.8720330283153099,
      "horizon_02_affected_candidates_baseline_robust_mae": 0.9774392338256852,
      "horizon_02_affected_candidates_improvement_pct": 10.78391391123279,
      "horizon_03_all_candidates_model_robust_mae": 0.6278195340240953,
      "horizon_03_all_candidates_baseline_robust_mae": 0.7185090804896771,
      "horizon_03_all_candidates_improvement_pct": 12.621906796748515,
      "horizon_03_affected_candidates_model_robust_mae": 0.9587187310270179,
      "horizon_03_affected_candidates_baseline_robust_mae": 1.0872711996786735,
      "horizon_03_affected_candidates_improvement_pct": 11.82340419663901,
      "horizon_04_all_candidates_model_robust_mae": 0.6665045766830301,
      "horizon_04_all_candidates_baseline_robust_mae": 0.7657993273023962,
      "horizon_04_all_candidates_improvement_pct": 12.966157984121203,
      "horizon_04_affected_candidates_model_robust_mae": 1.0425823003462065,
      "horizon_04_affected_candidates_baseline_robust_mae": 1.187129695928143,
      "horizon_04_affected_candidates_improvement_pct": 12.176209227832,
      "horizon_05_all_candidates_model_robust_mae": 0.6899439526576308,
      "horizon_05_all_candidates_baseline_robust_mae": 0.7988252447729507,
      "horizon_05_all_candidates_improvement_pct": 13.630176666020008,
      "horizon_05_affected_candidates_model_robust_mae": 1.1134689052150637,
      "horizon_05_affected_candidates_baseline_robust_mae": 1.2785870019025969,
      "horizon_05_affected_candidates_improvement_pct": 12.914107248222436,
      "horizon_06_all_candidates_model_robust_mae": 0.7119365098342811,
      "horizon_06_all_candidates_baseline_robust_mae": 0.8271635636319291,
      "horizon_06_all_candidates_improvement_pct": 13.930383162878492,
      "horizon_06_affected_candidates_model_robust_mae": 1.1571334632157988,
      "horizon_06_affected_candidates_baseline_robust_mae": 1.3361698379661417,
      "horizon_06_affected_candidates_improvement_pct": 13.399222887927491,
      "horizon_07_all_candidates_model_robust_mae": 0.7338374171798366,
      "horizon_07_all_candidates_baseline_robust_mae": 0.8581669754201103,
      "horizon_07_all_candidates_improvement_pct": 14.487805031114014,
      "horizon_07_affected_candidates_model_robust_mae": 1.2063533813908265,
      "horizon_07_affected_candidates_baseline_robust_mae": 1.396760433062908,
      "horizon_07_affected_candidates_improvement_pct": 13.632047927828568,
      "horizon_08_all_candidates_model_robust_mae": 0.7541481245626794,
      "horizon_08_all_candidates_baseline_robust_mae": 0.8832959456348695,
      "horizon_08_all_candidates_improvement_pct": 14.621126895285922,
      "horizon_08_affected_candidates_model_robust_mae": 1.2562906857659768,
      "horizon_08_affected_candidates_baseline_robust_mae": 1.4631506402253955,
      "horizon_08_affected_candidates_improvement_pct": 14.137980654374205,
      "horizon_09_all_candidates_model_robust_mae": 0.7758634198139142,
      "horizon_09_all_candidates_baseline_robust_mae": 0.9114611392936798,
      "horizon_09_all_candidates_improvement_pct": 14.876961137898277,
      "horizon_09_affected_candidates_model_robust_mae": 1.304991766135646,
      "horizon_09_affected_candidates_baseline_robust_mae": 1.5233428762195156,
      "horizon_09_affected_candidates_improvement_pct": 14.333681109649596,
      "horizon_10_all_candidates_model_robust_mae": 0.7838108061623041,
      "horizon_10_all_candidates_baseline_robust_mae": 0.9254125011244565,
      "horizon_10_all_candidates_improvement_pct": 15.301467701170452,
      "horizon_10_affected_candidates_model_robust_mae": 1.3174240006710278,
      "horizon_10_affected_candidates_baseline_robust_mae": 1.546078384663797,
      "horizon_10_affected_candidates_improvement_pct": 14.7893138058774,
      "horizon_11_all_candidates_model_robust_mae": 0.8043461510978887,
      "horizon_11_all_candidates_baseline_robust_mae": 0.9489043907745328,
      "horizon_11_all_candidates_improvement_pct": 15.234226027624352,
      "horizon_11_affected_candidates_model_robust_mae": 1.3634435288331324,
      "horizon_11_affected_candidates_baseline_robust_mae": 1.6002097212676636,
      "horizon_11_affected_candidates_improvement_pct": 14.795947636599058,
      "horizon_12_all_candidates_model_robust_mae": 0.8169800973814729,
      "horizon_12_all_candidates_baseline_robust_mae": 0.9622013237750741,
      "horizon_12_all_candidates_improvement_pct": 15.092603055652033,
      "horizon_12_affected_candidates_model_robust_mae": 1.3958566306408933,
      "horizon_12_affected_candidates_baseline_robust_mae": 1.6325334546965442,
      "horizon_12_affected_candidates_improvement_pct": 14.49751754702292,
      "affected_node_rate": 0.23040841625624014
    },
    "test": {
      "all_candidates_model_robust_mae": 0.7068248439538602,
      "all_candidates_baseline_robust_mae": 0.8305550675168533,
      "all_candidates_improvement_pct": 14.897293196092905,
      "affected_candidates_model_robust_mae": 1.1018913614294208,
      "affected_candidates_baseline_robust_mae": 1.288427198736098,
      "affected_candidates_improvement_pct": 14.477794126797567,
      "unaffected_candidates_model_robust_mae": 0.5217489194030919,
      "unaffected_candidates_baseline_robust_mae": 0.6160567199198358,
      "unaffected_candidates_improvement_pct": 15.308298321786946,
      "horizon_01_all_candidates_model_robust_mae": 0.5234788123653233,
      "horizon_01_all_candidates_baseline_robust_mae": 0.5892743176977213,
      "horizon_01_all_candidates_improvement_pct": 11.165513811879537,
      "horizon_01_affected_candidates_model_robust_mae": 0.7310412565216391,
      "horizon_01_affected_candidates_baseline_robust_mae": 0.8069023430602876,
      "horizon_01_affected_candidates_improvement_pct": 9.40152017045024,
      "horizon_02_all_candidates_model_robust_mae": 0.5840880086864995,
      "horizon_02_all_candidates_baseline_robust_mae": 0.6626268678422095,
      "horizon_02_all_candidates_improvement_pct": 11.852652370023183,
      "horizon_02_affected_candidates_model_robust_mae": 0.8560468614830785,
      "horizon_02_affected_candidates_baseline_robust_mae": 0.9595131967832721,
      "horizon_02_affected_candidates_improvement_pct": 10.783211283290331,
      "horizon_03_all_candidates_model_robust_mae": 0.6252649150208102,
      "horizon_03_all_candidates_baseline_robust_mae": 0.7171255289241326,
      "horizon_03_all_candidates_improvement_pct": 12.8095584661637,
      "horizon_03_affected_candidates_model_robust_mae": 0.9305845522162295,
      "horizon_03_affected_candidates_baseline_robust_mae": 1.055717821613149,