epoch,train_loss,val_loss,selection_loss,val_final_loss,val_source_loss,val_target_loss,val_correction_l1,val_unaffected_correction,val_non_tail_affected_correction,val_affected_correction,val_affected_rate,val_target_rate,val_severity_high_rate,val_recovery_long_rate,val_high_long_rate
1,0.6845137605184242,0.8093172337214152,0.8093172337214152,0.6267574094136557,0.6267589866320292,0.1825072780450185,0.0001745478866311411,0.00017689648313292612,0.00017342053974668184,0.00016862197907175868,0.29008283440272015,0.1648992477854093,0.3133333331743876,0.3470000000397364,0.24966666662693024
2,0.6840868486633783,0.8093053744633992,0.8093053744633992,0.6267548088232676,0.6267589866320292,0.18250254249572753,0.0001621983846804748,0.00016154852136969567,0.00015860739129129798,0.00016380645315318057,0.29008283440272015,0.1648992477854093,0.3133333331743876,0.3470000000397364,0.24966666662693024
3,0.6859135710740392,0.8092920511563619,0.8092920511563619,0.6267573072910309,0.6267589866320292,0.1825041493177414,0.00010137967769211779,0.00010076695280925682,0.00010316263387600582,0.00010287534212693572,0.29008283440272015,0.1648992477854093,0.3133333331743876,0.3470000000397364,0.24966666662693024
4,0.6861443436598476,0.809306185722351,0.809306185722351,0.6267603110472362,0.6267589866320292,0.18250700330734254,0.00012935824630161126,0.00013090745185036212,0.0001282566534743334,0.0001256210698047653,0.29008283440272015,0.1648992477854093,0.3133333331743876,0.3470000000397364,0.24966666662693024
5,0.6815345924866351,0.8092862828572591,0.8092862828572591,0.6267585622469584,0.6267589866320292,0.18250582853953043,7.303226403503989e-05,7.295368512859568e-05,7.302302236591155e-05,7.326092398337398e-05,0.29008283440272015,0.1648992477854093,0.3133333331743876,0.3470000000397364,0.24966666662693024
