{
  "metrics": {
    "val": {
      "all_candidates_model_robust_mae": 0.7121302107145578,
      "all_candidates_baseline_robust_mae": 0.8193069386501315,
      "all_candidates_improvement_pct": 13.081389022794705,
      "affected_candidates_model_robust_mae": 1.1440495721701767,
      "affected_candidates_baseline_robust_mae": 1.3051837181763872,
      "affected_candidates_improvement_pct": 12.345706107286446,
      "unaffected_candidates_model_robust_mae": 0.5355631912276982,
      "unaffected_candidates_baseline_robust_mae": 0.6206823743310808,
      "unaffected_candidates_improvement_pct": 13.713807032963809,
      "horizon_01_all_candidates_model_robust_mae": 0.5458162685651344,
      "horizon_01_all_candidates_baseline_robust_mae": 0.6110569630504538,
      "horizon_01_all_candidates_improvement_pct": 10.676696025135143,
      "horizon_01_affected_candidates_model_robust_mae": 0.8034033757290353,
      "horizon_01_affected_candidates_baseline_robust_mae": 0.8759459102289072,
      "horizon_01_affected_candidates_improvement_pct": 8.28162260394762,
      "horizon_02_all_candidates_model_robust_mae": 0.5946057646834423,
      "horizon_02_all_candidates_baseline_robust_mae": 0.66884496391648,
      "horizon_02_all_candidates_improvement_pct": 11.099612501875407,
      "horizon_02_affected_candidates_model_robust_mae": 0.8998579335543427,
      "horizon_02_affected_candidates_baseline_robust_mae": 1.0102059170697706,
      "horizon_02_affected_candidates_improvement_pct": 10.923315895387553,
      "horizon_03_all_candidates_model_robust_mae": 0.6464472828595065,
      "horizon_03_all_candidates_baseline_robust_mae": 0.73141583301067,
      "horizon_03_all_candidates_improvement_pct": 11.616996285329801,
      "horizon_03_affected_candidates_model_robust_mae": 1.0037458499172447,
      "horizon_03_affected_candidates_baseline_robust_mae": 1.1262148536018286,
      "horizon_03_affected_candidates_improvement_pct": 10.874390733962263,
      "horizon_04_all_candidates_model_robust_mae": 0.6816595097918762,
      "horizon_04_all_candidates_baseline_robust_mae": 0.7685962853837603,
      "horizon_04_all_candidates_improvement_pct": 11.311110558968759,
      "horizon_04_affected_candidates_model_robust_mae": 1.0729117710383858,
      "horizon_04_affected_candidates_baseline_robust_mae": 1.2007158702940453,
      "horizon_04_affected_candidates_improvement_pct": 10.64399183999803,
      "horizon_05_all_candidates_model_robust_mae": 0.7034432447742786,
      "horizon_05_all_candidates_baseline_robust_mae": 0.8035070589756929,
      "horizon_05_all_candidates_improvement_pct": 12.453383337910584,
      "horizon_05_affected_candidates_model_robust_mae": 1.113750442144439,
      "horizon_05_affected_candidates_baseline_robust_mae": 1.2603314545398623,
      "horizon_05_affected_candidates_improvement_pct": 11.63035421098324,
      "horizon_06_all_candidates_model_robust_mae": 0.7237601081766498,
      "horizon_06_all_candidates_baseline_robust_mae": 0.8332729439040634,
      "horizon_06_all_candidates_improvement_pct": 13.142492688448794,
      "horizon_06_affected_candidates_model_robust_mae": 1.148635051545757,
      "horizon_06_affected_candidates_baseline_robust_mae": 1.3173721558732863,
      "horizon_06_affected_candidates_improvement_pct": 12.80861323622506,
      "horizon_07_all_candidates_model_robust_mae": 0.741545567558299,
      "horizon_07_all_candidates_baseline_robust_mae": 0.858114957526006,
      "horizon_07_all_candidates_improvement_pct": 13.58435591238068,
      "horizon_07_affected_candidates_model_robust_mae": 1.2158736197404036,
      "horizon_07_affected_candidates_baseline_robust_mae": 1.4007183117002953,
      "horizon_07_affected_candidates_improvement_pct": 13.196421465748777,
      "horizon_08_all_candidates_model_robust_mae": 0.7444950831680877,
      "horizon_08_all_candidates_baseline_robust_mae": 0.8718426011974834,
      "horizon_08_all_candidates_improvement_pct": 14.60670972655876,
      "horizon_08_affected_candidates_model_robust_mae": 1.1986666653850886,
      "horizon_08_affected_candidates_baseline_robust_mae": 1.3950187238558072,
      "horizon_08_affected_candidates_improvement_pct": 14.075227458453385,
      "horizon_09_all_candidates_model_robust_mae": 0.7657946239421912,
      "horizon_09_all_candidates_baseline_robust_mae": 0.8981034750911386,
      "horizon_09_all_candidates_improvement_pct": 14.732027524503327,
      "horizon_09_affected_candidates_model_robust_mae": 1.268188341911982,
      "horizon_09_affected_candidates_baseline_robust_mae": 1.475252081158407,
      "horizon_09_affected_candidates_improvement_pct": 14.035820853330573,
      "horizon_10_all_candidates_model_robust_mae": 0.7821674580590602,
      "horizon_10_all_candidates_baseline_robust_mae": 0.9069994523464642,
      "horizon_10_all_candidates_improvement_pct": 13.763182983678307,
      "horizon_10_affected_candidates_model_robust_mae": 1.3008599820814786,
      "horizon_10_affected_candidates_baseline_robust_mae": 1.4758346177710369,
      "horizon_10_affected_candidates_improvement_pct": 11.85597854818067,
      "horizon_11_all_candidates_model_robust_mae": 0.8074543303438757,
      "horizon_11_all_candidates_baseline_robust_mae": 0.9411257427804385,
      "horizon_11_all_candidates_improvement_pct": 14.203353107911731,
      "horizon_11_affected_candidates_model_robust_mae": 1.364559891319335,
      "horizon_11_affected_candidates_baseline_robust_mae": 1.5742054388345021,
      "horizon_11_affected_candidates_improvement_pct": 13.31754689339549,
      "horizon_12_all_candidates_model_robust_mae": 0.8083424898156825,
      "horizon_12_all_candidates_baseline_robust_mae": 0.9387616796482197,
      "horizon_12_all_candidates_improvement_pct": 13.892683591580871,
      "horizon_12_affected_candidates_model_robust_mae": 1.3378972421111723,
      "horizon_12_affected_candidates_baseline_robust_mae": 1.5500812981356367,
      "horizon_12_affected_candidates_improvement_pct": 13.688575965639293,
      "affected_node_rate": 0.22994327390599675
    },
    "test": {
      "all_candidates_model_robust_mae": 0.7136596942972034,
      "all_candidates_baseline_robust_mae": 0.8468848816486931,
      "all_candidates_improvement_pct": 15.731203878870812,
      "affected_candidates_model_robust_mae": 1.0789404961640865,
      "affected_candidates_baseline_robust_mae": 1.270610872653162,
      "affected_candidates_improvement_pct": 15.084899760762212,
      "unaffected_candidates_model_robust_mae": 0.5313295614518825,
      "unaffected_candidates_baseline_robust_mae": 0.6353818221830986,
      "unaffected_candidates_improvement_pct": 16.376335787149927,
      "horizon_01_all_candidates_model_robust_mae": 0.5303241591178277,
      "horizon_01_all_candidates_baseline_robust_mae": 0.6048372572902044,
      "horizon_01_all_candidates_improvement_pct": 12.319528480472707,
      "horizon_01_affected_candidates_model_robust_mae": 0.7314526483015946,
      "horizon_01_affected_candidates_baseline_robust_mae": 0.8199112509575152,
      "horizon_01_affected_candidates_improvement_pct": 10.788802148112508,
      "horizon_02_all_candidates_model_robust_mae": 0.581098571573929,
      "horizon_02_all_candidates_baseline_robust_mae": 0.673538258861521,
      "horizon_02_all_candidates_improvement_pct": 13.72448945125143,
      "horizon_02_affected_candidates_model_robust_mae": 0.8230269887299131,
      "horizon_02_affected_candidates_baseline_robust_mae": 0.9357213139910844,
      "horizon_02_affected_candidates_improvement_pct": 12.043577887576584,
      "horizon_03_all_candidates_model_robust_mae": 0.657703857421875,
      "horizon_03_all_candidates_baseline_robust_mae": 0.764373490182977,
      "horizon_03_all_candidates_improvement_pct": 13.955171670797638,
      "horizon_03_affected_candidates_model_robust_mae": 0.9694080252290651,
      "horizon_03_affected_candidates_baseline_robust_mae": 1.1194713660864233,