{
  "metrics": {
    "train": {
      "all_candidates_model_robust_mae": 0.6599706083523961,
      "all_candidates_baseline_robust_mae": 0.7568154095024562,
      "all_candidates_improvement_pct": 12.79635693645926,
      "affected_candidates_model_robust_mae": 1.0063590974555585,
      "affected_candidates_baseline_robust_mae": 1.1386817385167165,
      "affected_candidates_improvement_pct": 11.620687026519432,
      "unaffected_candidates_model_robust_mae": 0.5180267215685942,
      "unaffected_candidates_baseline_robust_mae": 0.6003333293543087,
      "unaffected_candidates_improvement_pct": 13.710151304482759,
      "horizon_01_all_candidates_model_robust_mae": 0.5048827971508604,
      "horizon_01_all_candidates_baseline_robust_mae": 0.5654217572374136,
      "horizon_01_all_candidates_improvement_pct": 10.706867804723275,
      "horizon_01_affected_candidates_model_robust_mae": 0.689096434290589,
      "horizon_01_affected_candidates_baseline_robust_mae": 0.7520198272297759,
      "horizon_01_affected_candidates_improvement_pct": 8.367251854379765,
      "horizon_02_all_candidates_model_robust_mae": 0.5608218674214839,
      "horizon_02_all_candidates_baseline_robust_mae": 0.6292246044649835,
      "horizon_02_all_candidates_improvement_pct": 10.870957136468153,
      "horizon_02_affected_candidates_model_robust_mae": 0.8014367511545042,
      "horizon_02_affected_candidates_baseline_robust_mae": 0.8813356343317446,
      "horizon_02_affected_candidates_improvement_pct": 9.065658991290205,
      "horizon_03_all_candidates_model_robust_mae": 0.6002591923805147,
      "horizon_03_all_candidates_baseline_robust_mae": 0.679347079728674,
      "horizon_03_all_candidates_improvement_pct": 11.641749807733978,
      "horizon_03_affected_candidates_model_robust_mae": 0.8794479707614511,
      "horizon_03_affected_candidates_baseline_robust_mae": 0.9767396365336127,
      "horizon_03_affected_candidates_improvement_pct": 9.960859796520966,
      "horizon_04_all_candidates_model_robust_mae": 0.6277573189131812,
      "horizon_04_all_candidates_baseline_robust_mae": 0.7151619962165963,
      "horizon_04_all_candidates_improvement_pct": 12.221661353065437,
      "horizon_04_affected_candidates_model_robust_mae": 0.9370260471334613,
      "horizon_04_affected_candidates_baseline_robust_mae": 1.0490735628419376,
      "horizon_04_affected_candidates_improvement_pct": 10.680615704864389,
      "horizon_05_all_candidates_model_robust_mae": 0.648777108875503,
      "horizon_05_all_candidates_baseline_robust_mae": 0.7417047606680339,
      "horizon_05_all_candidates_improvement_pct": 12.528927508680603,
      "horizon_05_affected_candidates_model_robust_mae": 0.9824352923061396,
      "horizon_05_affected_candidates_baseline_robust_mae": 1.1069414973693565,
      "horizon_05_affected_candidates_improvement_pct": 11.247767416715845,
      "horizon_06_all_candidates_model_robust_mae": 0.6680524914031092,
      "horizon_06_all_candidates_baseline_robust_mae": 0.7669953066504662,
      "horizon_06_all_candidates_improvement_pct": 12.90005484902492,
      "horizon_06_affected_candidates_model_robust_mae": 1.0235883767680198,
      "horizon_06_affected_candidates_baseline_robust_mae": 1.1594224070231753,
      "horizon_06_affected_candidates_improvement_pct": 11.715663716031699,
      "horizon_07_all_candidates_model_robust_mae": 0.6855985553284623,
      "horizon_07_all_candidates_baseline_robust_mae": 0.788761482783057,
      "horizon_07_all_candidates_improvement_pct": 13.079103088375444,
      "horizon_07_affected_candidates_model_robust_mae": 1.0578901705012642,
      "horizon_07_affected_candidates_baseline_robust_mae": 1.2043536333754532,
      "horizon_07_affected_candidates_improvement_pct": 12.161167518853617,
      "horizon_08_all_candidates_model_robust_mae": 0.701191701379199,
      "horizon_08_all_candidates_baseline_robust_mae": 0.8087404399535016,
      "horizon_08_all_candidates_improvement_pct": 13.29830106931294,
      "horizon_08_affected_candidates_model_robust_mae": 1.0917788928878744,
      "horizon_08_affected_candidates_baseline_robust_mae": 1.2461668478890353,
      "horizon_08_affected_candidates_improvement_pct": 12.389027621998519,
      "horizon_09_all_candidates_model_robust_mae": 0.7147070132977942,
      "horizon_09_all_candidates_baseline_robust_mae": 0.8259273767270113,
      "horizon_09_all_candidates_improvement_pct": 13.466119003097065,
      "horizon_09_affected_candidates_model_robust_mae": 1.1188192680931617,
      "horizon_09_affected_candidates_baseline_robust_mae": 1.2794429852053282,
      "horizon_09_affected_candidates_improvement_pct": 12.554191079205394,
      "horizon_10_all_candidates_model_robust_mae": 0.7252758302493619,
      "horizon_10_all_candidates_baseline_robust_mae": 0.8405281192388496,
      "horizon_10_all_candidates_improvement_pct": 13.711889745444305,
      "horizon_10_affected_candidates_model_robust_mae": 1.141414739140738,
      "horizon_10_affected_candidates_baseline_robust_mae": 1.3083243909294042,
      "horizon_10_affected_candidates_improvement_pct": 12.757512811489914,
      "horizon_11_all_candidates_model_robust_mae": 0.7353763919199199,
      "horizon_11_all_candidates_baseline_robust_mae": 0.8542083067179264,
      "horizon_11_all_candidates_improvement_pct": 13.911350880511483,
      "horizon_11_affected_candidates_model_robust_mae": 1.1634495716215605,
      "horizon_11_affected_candidates_baseline_robust_mae": 1.33543275088949,
      "horizon_11_affected_candidates_improvement_pct": 12.87846049554925,
      "horizon_12_all_candidates_model_robust_mae": 0.7471228230611455,
      "horizon_12_all_candidates_baseline_robust_mae": 0.8659857967194721,
      "horizon_12_all_candidates_improvement_pct": 13.725741704841273,
      "horizon_12_affected_candidates_model_robust_mae": 1.1901356134519003,
      "horizon_12_affected_candidates_baseline_robust_mae": 1.3651884539716925,
      "horizon_12_affected_candidates_improvement_pct": 12.822613611367531,
      "affected_node_rate": 0.22748324205772144
    },
    "val": {
      "all_candidates_model_robust_mae": 0.7183670179920695,
      "all_candidates_baseline_robust_mae": 0.8272501102632047,
      "all_candidates_improvement_pct": 13.162052312872113,
      "affected_candidates_model_robust_mae": 1.162834462995507,
      "affected_candidates_baseline_robust_mae": 1.3240686546633906,
      "affected_candidates_improvement_pct": 12.17717760329227,
      "unaffected_candidates_model_robust_mae": 0.5331390440812716,
      "unaffected_candidates_baseline_robust_mae": 0.6202052552880885,
      "unaffected_candidates_improvement_pct": 14.038289818485046,
      "horizon_01_all_candidates_model_robust_mae": 0.536136141776392,
      "horizon_01_all_candidates_baseline_robust_mae": 0.6003526860005128,
      "horizon_01_all_candidates_improvement_pct": 10.696469878718252,
      "horizon_01_affected_candidates_model_robust_mae": 0.7695315096103599,
      "horizon_01_affected_candidates_baseline_robust_mae": 0.8427632402965712,
      "horizon_01_affected_candidates_improvement_pct": 8.689478513614436,
      "horizon_02_all_candidates_model_robust_mae": 0.59912744889491,
      "horizon_02_all_candidates_baseline_robust_mae": 0.6733494887504019,
      "horizon_02_all_candidates_improvement_pct": 11.022810753629999,
      "horizon_02_affected_candidates_model_robust_mae": 0.9014514479555894,
      "horizon_02_affected_candidates_baseline_robust_mae": 0.9973475126132015,
      "horizon_02_affected_candidates_improvement_pct": 9.615110424885899,
      "horizon_03_all_candidates_model_robust_mae": 0.6457306040879486,
      "horizon_03_all_candidates_baseline_robust_mae": 0.7308534904495786,
      "horizon_03_all_candidates_improvement_pct": 11.647052039016378,
      "horizon_03_affected_candidates_model_robust_mae": 1.0010374726615883,
      "horizon_03_affected_candidates_baseline_robust_mae": 1.1166547427176545,