{
  "metrics": {
    "val": {
      "all_candidates_model_robust_mae": 0.715131032241169,
      "all_candidates_baseline_robust_mae": 0.827250102514385,
      "all_candidates_improvement_pct": 13.553225310270223,
      "affected_candidates_model_robust_mae": 1.1569234029673316,
      "affected_candidates_baseline_robust_mae": 1.3240686608241723,
      "affected_candidates_improvement_pct": 12.623609545505015,
      "unaffected_candidates_model_robust_mae": 0.531017866333073,
      "unaffected_candidates_baseline_robust_mae": 0.6202052519238401,
      "unaffected_candidates_improvement_pct": 14.380301571796288,
      "horizon_01_all_candidates_model_robust_mae": 0.5330355294288569,
      "horizon_01_all_candidates_baseline_robust_mae": 0.6003526910613428,
      "horizon_01_all_candidates_improvement_pct": 11.212935768386117,
      "horizon_01_affected_candidates_model_robust_mae": 0.7671424372486867,
      "horizon_01_affected_candidates_baseline_robust_mae": 0.8427632361549119,
      "horizon_01_affected_candidates_improvement_pct": 8.9729589120716,
      "horizon_02_all_candidates_model_robust_mae": 0.5968470850123927,
      "horizon_02_all_candidates_baseline_robust_mae": 0.6733494887504019,
      "horizon_02_all_candidates_improvement_pct": 11.361470531444514,
      "horizon_02_affected_candidates_model_robust_mae": 0.899407461937797,
      "horizon_02_affected_candidates_baseline_robust_mae": 0.9973475087895826,
      "horizon_02_affected_candidates_improvement_pct": 9.820052287557143,
      "horizon_03_all_candidates_model_robust_mae": 0.6434078075985388,
      "horizon_03_all_candidates_baseline_robust_mae": 0.7308534943862844,
      "horizon_03_all_candidates_improvement_pct": 11.964872229444007,
      "horizon_03_affected_candidates_model_robust_mae": 0.9980705558720154,
      "horizon_03_affected_candidates_baseline_robust_mae": 1.116654747019574,
      "horizon_03_affected_candidates_improvement_pct": 10.619593161097258,
      "horizon_04_all_candidates_model_robust_mae": 0.6747245217803512,
      "horizon_04_all_candidates_baseline_robust_mae": 0.773284867237372,
      "horizon_04_all_candidates_improvement_pct": 12.745671049937421,
      "horizon_04_affected_candidates_model_robust_mae": 1.0646642665145327,
      "horizon_04_affected_candidates_baseline_robust_mae": 1.2040969431001207,
      "horizon_04_affected_candidates_improvement_pct": 11.57985471058489,
      "horizon_05_all_candidates_model_robust_mae": 0.7010710980690695,
      "horizon_05_all_candidates_baseline_robust_mae": 0.8061880555422644,
      "horizon_05_all_candidates_improvement_pct": 13.03876393982174,
      "horizon_05_affected_candidates_model_robust_mae": 1.1249687415686118,
      "horizon_05_affected_candidates_baseline_robust_mae": 1.2793815410253246,
      "horizon_05_affected_candidates_improvement_pct": 12.069331509423138,
      "horizon_06_all_candidates_model_robust_mae": 0.7237863151671378,
      "horizon_06_all_candidates_baseline_robust_mae": 0.837740935448321,
      "horizon_06_all_candidates_improvement_pct": 13.602608570178065,
      "horizon_06_affected_candidates_model_robust_mae": 1.176291165805453,
      "horizon_06_affected_candidates_baseline_robust_mae": 1.346644229576236,
      "horizon_06_affected_candidates_improvement_pct": 12.650190750410005,
      "horizon_07_all_candidates_model_robust_mae": 0.7434001573852542,
      "horizon_07_all_candidates_baseline_robust_mae": 0.8643465291235348,
      "horizon_07_all_candidates_improvement_pct": 13.992810483189272,
      "horizon_07_affected_candidates_model_robust_mae": 1.2160492365991962,
      "horizon_07_affected_candidates_baseline_robust_mae": 1.401758678996387,
      "horizon_07_affected_candidates_improvement_pct": 13.24831764410067,
      "horizon_08_all_candidates_model_robust_mae": 0.7643617065020445,
      "horizon_08_all_candidates_baseline_robust_mae": 0.8908410379620302,
      "horizon_08_all_candidates_improvement_pct": 14.197744162003518,
      "horizon_08_affected_candidates_model_robust_mae": 1.2636625802628842,
      "horizon_08_affected_candidates_baseline_robust_mae": 1.459318947694711,
      "horizon_08_affected_candidates_improvement_pct": 13.407375251373631,
      "horizon_09_all_candidates_model_robust_mae": 0.7808687212766428,
      "horizon_09_all_candidates_baseline_robust_mae": 0.911975627290561,
      "horizon_09_all_candidates_improvement_pct": 14.376141433015162,
      "horizon_09_affected_candidates_model_robust_mae": 1.299745023014366,
      "horizon_09_affected_candidates_baseline_robust_mae": 1.5058868829427,
      "horizon_09_affected_candidates_improvement_pct": 13.689066706358835,
      "horizon_10_all_candidates_model_robust_mae": 0.7930615246974538,
      "horizon_10_all_candidates_baseline_robust_mae": 0.9289248027645703,
      "horizon_10_all_candidates_improvement_pct": 14.625863973356532,
      "horizon_10_affected_candidates_model_robust_mae": 1.326665382831326,
      "horizon_10_affected_candidates_baseline_robust_mae": 1.5406091656416363,
      "horizon_10_affected_candidates_improvement_pct": 13.886960274003469,
      "horizon_11_all_candidates_model_robust_mae": 0.8073509546292145,
      "horizon_11_all_candidates_baseline_robust_mae": 0.9471625830397096,
      "horizon_11_all_candidates_improvement_pct": 14.76110130552249,
      "horizon_11_affected_candidates_model_robust_mae": 1.3580650529118448,
      "horizon_11_affected_candidates_baseline_robust_mae": 1.579863786064337,
      "horizon_11_affected_candidates_improvement_pct": 14.039104833526444,
      "horizon_12_all_candidates_model_robust_mae": 0.8197459734988845,
      "horizon_12_all_candidates_baseline_robust_mae": 0.962095373567048,
      "horizon_12_all_candidates_improvement_pct": 14.795768068231261,
      "horizon_12_affected_candidates_model_robust_mae": 1.3885343157319234,
      "horizon_12_affected_candidates_baseline_robust_mae": 1.6147309201281246,
      "horizon_12_affected_candidates_improvement_pct": 14.008315662788762,
      "affected_node_rate": 0.23427743925374256
    },
    "test": {
      "all_candidates_model_robust_mae": 0.7085758381262897,
      "all_candidates_baseline_robust_mae": 0.8328134175155775,
      "all_candidates_improvement_pct": 14.917816737380313,
      "affected_candidates_model_robust_mae": 1.1053208930669518,
      "affected_candidates_baseline_robust_mae": 1.293837023264936,
      "affected_candidates_improvement_pct": 14.570315024860921,
      "unaffected_candidates_model_robust_mae": 0.5224311910609941,
      "unaffected_candidates_baseline_robust_mae": 0.6165106205771105,
      "unaffected_candidates_improvement_pct": 15.259985209670742,
      "horizon_01_all_candidates_model_robust_mae": 0.523623436184071,
      "horizon_01_all_candidates_baseline_robust_mae": 0.591224841429918,
      "horizon_01_all_candidates_improvement_pct": 11.434128018428378,
      "horizon_01_affected_candidates_model_robust_mae": 0.7344569290058115,
      "horizon_01_affected_candidates_baseline_robust_mae": 0.8144241979669616,
      "horizon_01_affected_candidates_improvement_pct": 9.818871929489763,
      "horizon_02_all_candidates_model_robust_mae": 0.5849038634317599,
      "horizon_02_all_candidates_baseline_robust_mae": 0.6647113468303868,
      "horizon_02_all_candidates_improvement_pct": 12.006336852707767,
      "horizon_02_affected_candidates_model_robust_mae": 0.8549021723523891,
      "horizon_02_affected_candidates_baseline_robust_mae": 0.9614806884368053,
      "horizon_02_affected_candidates_improvement_pct": 11.084831694091928,
      "horizon_03_all_candidates_model_robust_mae": 0.6312358054843487,
      "horizon_03_all_candidates_baseline_robust_mae": 0.7255605875606053,
      "horizon_03_all_candidates_improvement_pct": 13.000262651170777,
      "horizon_03_affected_candidates_model_robust_mae": 0.947612519794432,
      "horizon_03_affected_candidates_baseline_robust_mae": 1.0792830611036868,