{
  "metrics": {
    "train": {
      "all_candidates_model_robust_mae": 0.6577394528269943,
      "all_candidates_baseline_robust_mae": 0.7568154080799632,
      "all_candidates_improvement_pct": 13.091165189715687,
      "affected_candidates_model_robust_mae": 1.0081053377096665,
      "affected_candidates_baseline_robust_mae": 1.1386817390426889,
      "affected_candidates_improvement_pct": 11.467330761166016,
      "unaffected_candidates_model_robust_mae": 0.5141656983758651,
      "unaffected_candidates_baseline_robust_mae": 0.600333329916572,
      "unaffected_candidates_improvement_pct": 14.353297950770369,
      "horizon_01_all_candidates_model_robust_mae": 0.5015116168444702,
      "horizon_01_all_candidates_baseline_robust_mae": 0.5654217571776118,
      "horizon_01_all_candidates_improvement_pct": 11.303091810997635,
      "horizon_01_affected_candidates_model_robust_mae": 0.6883529254995324,
      "horizon_01_affected_candidates_baseline_robust_mae": 0.7520198276756079,
      "horizon_01_affected_candidates_improvement_pct": 8.466120151760007,
      "horizon_02_all_candidates_model_robust_mae": 0.5585037161654092,
      "horizon_02_all_candidates_baseline_robust_mae": 0.6292246027903531,
      "horizon_02_all_candidates_improvement_pct": 11.239370856022758,
      "horizon_02_affected_candidates_model_robust_mae": 0.801796711471689,
      "horizon_02_affected_candidates_baseline_robust_mae": 0.8813356330455946,
      "horizon_02_affected_candidates_improvement_pct": 9.024816266539265,
      "horizon_03_all_candidates_model_robust_mae": 0.599118852141795,
      "horizon_03_all_candidates_baseline_robust_mae": 0.6793470804364538,
      "horizon_03_all_candidates_improvement_pct": 11.809608167170634,
      "horizon_03_affected_candidates_model_robust_mae": 0.8816973276921298,
      "horizon_03_affected_candidates_baseline_robust_mae": 0.9767396385572247,
      "horizon_03_affected_candidates_improvement_pct": 9.730567606070036,
      "horizon_04_all_candidates_model_robust_mae": 0.6270348662743427,
      "horizon_04_all_candidates_baseline_robust_mae": 0.7151619962365351,
      "horizon_04_all_candidates_improvement_pct": 12.3226807948342,
      "horizon_04_affected_candidates_model_robust_mae": 0.9401895834461322,
      "horizon_04_affected_candidates_baseline_robust_mae": 1.0490735586229556,
      "horizon_04_affected_candidates_improvement_pct": 10.379060103254115,
      "horizon_05_all_candidates_model_robust_mae": 0.6478765548520267,
      "horizon_05_all_candidates_baseline_robust_mae": 0.7417047614855818,
      "horizon_05_all_candidates_improvement_pct": 12.650344383070152,
      "horizon_05_affected_candidates_model_robust_mae": 0.985760669905923,
      "horizon_05_affected_candidates_baseline_robust_mae": 1.10694149508833,
      "horizon_05_affected_candidates_improvement_pct": 10.947355909964982,
      "horizon_06_all_candidates_model_robust_mae": 0.666336850956036,
      "horizon_06_all_candidates_baseline_robust_mae": 0.7669953051349603,
      "horizon_06_all_candidates_improvement_pct": 13.123737981839724,
      "horizon_06_affected_candidates_model_robust_mae": 1.026220202978933,
      "horizon_06_affected_candidates_baseline_robust_mae": 1.1594224100931767,
      "horizon_06_affected_candidates_improvement_pct": 11.488669354212243,
      "horizon_07_all_candidates_model_robust_mae": 0.683671439605282,
      "horizon_07_all_candidates_baseline_robust_mae": 0.7887614821847814,
      "horizon_07_all_candidates_improvement_pct": 13.323424755530873,
      "horizon_07_affected_candidates_model_robust_mae": 1.0606394947324251,
      "horizon_07_affected_candidates_baseline_robust_mae": 1.2043536314544485,
      "horizon_07_affected_candidates_improvement_pct": 11.93288523973359,
      "horizon_08_all_candidates_model_robust_mae": 0.6989186215818031,
      "horizon_08_all_candidates_baseline_robust_mae": 0.8087404391557581,
      "horizon_08_all_candidates_improvement_pct": 13.579365177855793,
      "horizon_08_affected_candidates_model_robust_mae": 1.0942601711596704,
      "horizon_08_affected_candidates_baseline_robust_mae": 1.2461668502217418,
      "horizon_08_affected_candidates_improvement_pct": 12.189914940767459,
      "horizon_09_all_candidates_model_robust_mae": 0.7120206546843203,
      "horizon_09_all_candidates_baseline_robust_mae": 0.825927379240041,
      "horizon_09_all_candidates_improvement_pct": 13.791372875969978,
      "horizon_09_affected_candidates_model_robust_mae": 1.12098888554378,
      "horizon_09_affected_candidates_baseline_robust_mae": 1.2794429848108118,
      "horizon_09_affected_candidates_improvement_pct": 12.384615895210214,
      "horizon_10_all_candidates_model_robust_mae": 0.7222408802833611,
      "horizon_10_all_candidates_baseline_robust_mae": 0.8405281223304173,
      "horizon_10_all_candidates_improvement_pct": 14.072966615215368,
      "horizon_10_affected_candidates_model_robust_mae": 1.142735809391303,
      "horizon_10_affected_candidates_baseline_robust_mae": 1.308324388339257,
      "horizon_10_affected_candidates_improvement_pct": 12.656538426081521,
      "horizon_11_all_candidates_model_robust_mae": 0.7321451460387425,
      "horizon_11_all_candidates_baseline_robust_mae": 0.8542083073163349,
      "horizon_11_all_candidates_improvement_pct": 14.289624700686662,
      "horizon_11_affected_candidates_model_robust_mae": 1.164419629350109,
      "horizon_11_affected_candidates_baseline_robust_mae": 1.3354327533939512,
      "horizon_11_affected_candidates_improvement_pct": 12.805820705626612,
      "horizon_12_all_candidates_model_robust_mae": 0.7436690975424834,
      "horizon_12_all_candidates_baseline_robust_mae": 0.8659857962008455,
      "horizon_12_all_candidates_improvement_pct": 14.124561764751334,
      "horizon_12_affected_candidates_model_robust_mae": 1.190412867424108,
      "horizon_12_affected_candidates_baseline_robust_mae": 1.3651884539030759,
      "horizon_12_affected_candidates_improvement_pct": 12.802304764538865,
      "affected_node_rate": 0.22748324205772144
    },
    "val": {
      "all_candidates_model_robust_mae": 0.7166850872775059,
      "all_candidates_baseline_robust_mae": 0.8272501030143089,
      "all_candidates_improvement_pct": 13.365367418381641,
      "affected_candidates_model_robust_mae": 1.1656853087416683,
      "affected_candidates_baseline_robust_mae": 1.3240686561504758,
      "affected_candidates_improvement_pct": 11.961868191131602,
      "unaffected_candidates_model_robust_mae": 0.5295681163718008,
      "unaffected_candidates_baseline_robust_mae": 0.6202052568816798,
      "unaffected_candidates_improvement_pct": 14.614055508912012,
      "horizon_01_all_candidates_model_robust_mae": 0.5333814627451475,
      "horizon_01_all_candidates_baseline_robust_mae": 0.6003526906864666,
      "horizon_01_all_candidates_improvement_pct": 11.15531403128077,
      "horizon_01_affected_candidates_model_robust_mae": 0.7698848872578895,
      "horizon_01_affected_candidates_baseline_robust_mae": 0.8427632380664469,
      "horizon_01_affected_candidates_improvement_pct": 8.647547438799341,
      "horizon_02_all_candidates_model_robust_mae": 0.5974355476622935,
      "horizon_02_all_candidates_baseline_robust_mae": 0.6733494921245166,
      "horizon_02_all_candidates_improvement_pct": 11.274077629835801,
      "horizon_02_affected_candidates_model_robust_mae": 0.9034721046795703,
      "horizon_02_affected_candidates_baseline_robust_mae": 0.9973475097454872,
      "horizon_02_affected_candidates_improvement_pct": 9.412507089918236,
      "horizon_03_all_candidates_model_robust_mae": 0.6448762307514729,
      "horizon_03_all_candidates_baseline_robust_mae": 0.730853489887192,
      "horizon_03_all_candidates_improvement_pct": 11.76395273818693,
      "horizon_03_affected_candidates_model_robust_mae": 1.0042316712518629,
      "horizon_03_affected_candidates_baseline_robust_mae": 1.1166547482942168,