{
  "metrics": {
    "val": {
      "all_candidates_model_robust_mae": 0.7215703667226965,
      "all_candidates_baseline_robust_mae": 0.8342644371265286,
      "all_candidates_improvement_pct": 13.508195410077207,
      "affected_candidates_model_robust_mae": 1.1601680972979427,
      "affected_candidates_baseline_robust_mae": 1.3253566192646196,
      "affected_candidates_improvement_pct": 12.463703697977719,
      "unaffected_candidates_model_robust_mae": 0.5331162239417625,
      "unaffected_candidates_baseline_robust_mae": 0.6232547673964065,
      "unaffected_candidates_improvement_pct": 14.462551779778607,
      "horizon_01_all_candidates_model_robust_mae": 0.5378712981362718,
      "horizon_01_all_candidates_baseline_robust_mae": 0.6060511979248465,
      "horizon_01_all_candidates_improvement_pct": 11.24985810143212,
      "horizon_01_affected_candidates_model_robust_mae": 0.7801650925787667,
      "horizon_01_affected_candidates_baseline_robust_mae": 0.8545475629829588,
      "horizon_01_affected_candidates_improvement_pct": 8.704310166720985,
      "horizon_02_all_candidates_model_robust_mae": 0.6029538289541093,
      "horizon_02_all_candidates_baseline_robust_mae": 0.6792279001471947,
      "horizon_02_all_candidates_improvement_pct": 11.229525638825512,
      "horizon_02_affected_candidates_model_robust_mae": 0.9072429582363138,
      "horizon_02_affected_candidates_baseline_robust_mae": 1.0048633651577705,
      "horizon_02_affected_candidates_improvement_pct": 9.71479410099995,
      "horizon_03_all_candidates_model_robust_mae": 0.650981619264316,
      "horizon_03_all_candidates_baseline_robust_mae": 0.7388729911286108,
      "horizon_03_all_candidates_improvement_pct": 11.895328820998435,
      "horizon_03_affected_candidates_model_robust_mae": 1.010445456032056,
      "horizon_03_affected_candidates_baseline_robust_mae": 1.1264019839049626,
      "horizon_03_affected_candidates_improvement_pct": 10.294417936917467,
      "horizon_04_all_candidates_model_robust_mae": 0.678959958782926,
      "horizon_04_all_candidates_baseline_robust_mae": 0.7777049113828819,
      "horizon_04_all_candidates_improvement_pct": 12.696969140180917,
      "horizon_04_affected_candidates_model_robust_mae": 1.0662212972827558,
      "horizon_04_affected_candidates_baseline_robust_mae": 1.2044959379005613,
      "horizon_04_affected_candidates_improvement_pct": 11.4798760433197,
      "horizon_05_all_candidates_model_robust_mae": 0.7048471545857777,
      "horizon_05_all_candidates_baseline_robust_mae": 0.8121778471294635,
      "horizon_05_all_candidates_improvement_pct": 13.215171150386837,
      "horizon_05_affected_candidates_model_robust_mae": 1.1242999545763401,
      "horizon_05_affected_candidates_baseline_robust_mae": 1.2799844469058044,
      "horizon_05_affected_candidates_improvement_pct": 12.162998754071678,
      "horizon_06_all_candidates_model_robust_mae": 0.7316615075144914,
      "horizon_06_all_candidates_baseline_robust_mae": 0.8464704588017717,
      "horizon_06_all_candidates_improvement_pct": 13.563255526932275,
      "horizon_06_affected_candidates_model_robust_mae": 1.1794084929926258,
      "horizon_06_affected_candidates_baseline_robust_mae": 1.3513120374318337,
      "horizon_06_affected_candidates_improvement_pct": 12.72123237841574,
      "horizon_07_all_candidates_model_robust_mae": 0.7536245617809912,
      "horizon_07_all_candidates_baseline_robust_mae": 0.8747980381006856,
      "horizon_07_all_candidates_improvement_pct": 13.851594430044639,
      "horizon_07_affected_candidates_model_robust_mae": 1.2201247037961345,
      "horizon_07_affected_candidates_baseline_robust_mae": 1.4029683934324289,
      "horizon_07_affected_candidates_improvement_pct": 13.03263070588202,
      "horizon_08_all_candidates_model_robust_mae": 0.7734992872222534,
      "horizon_08_all_candidates_baseline_robust_mae": 0.9004718298632542,
      "horizon_08_all_candidates_improvement_pct": 14.100667942081314,
      "horizon_08_affected_candidates_model_robust_mae": 1.272106723017675,
      "horizon_08_affected_candidates_baseline_robust_mae": 1.4661330620311295,
      "horizon_08_affected_candidates_improvement_pct": 13.233883338300629,
      "horizon_09_all_candidates_model_robust_mae": 0.7858797204782534,
      "horizon_09_all_candidates_baseline_robust_mae": 0.9181474510016505,
      "horizon_09_all_candidates_improvement_pct": 14.40593560207568,
      "horizon_09_affected_candidates_model_robust_mae": 1.2947443742580915,
      "horizon_09_affected_candidates_baseline_robust_mae": 1.499009289704839,
      "horizon_09_affected_candidates_improvement_pct": 13.626661078729413,
      "horizon_10_all_candidates_model_robust_mae": 0.796855387020881,
      "horizon_10_all_candidates_baseline_robust_mae": 0.9325457466778154,
      "horizon_10_all_candidates_improvement_pct": 14.550531182017604,
      "horizon_10_affected_candidates_model_robust_mae": 1.3198701436517188,
      "horizon_10_affected_candidates_baseline_robust_mae": 1.5298621176509946,
      "horizon_10_affected_candidates_improvement_pct": 13.726202615024219,
      "horizon_11_all_candidates_model_robust_mae": 0.8142202135249299,
      "horizon_11_all_candidates_baseline_robust_mae": 0.9551026291148939,
      "horizon_11_all_candidates_improvement_pct": 14.750500238966103,
      "horizon_11_affected_candidates_model_robust_mae": 1.360135011029343,
      "horizon_11_affected_candidates_baseline_robust_mae": 1.5776494895939615,
      "horizon_11_affected_candidates_improvement_pct": 13.78724995630049,
      "horizon_12_all_candidates_model_robust_mae": 0.8276314840079471,
      "horizon_12_all_candidates_baseline_robust_mae": 0.9697845720630153,
      "horizon_12_all_candidates_improvement_pct": 14.658212983597691,
      "horizon_12_affected_candidates_model_robust_mae": 1.3873072061893983,
      "horizon_12_affected_candidates_baseline_robust_mae": 1.6071197841651788,
      "horizon_12_affected_candidates_improvement_pct": 13.677423434244044,
      "affected_node_rate": 0.24013498613385012
    },
    "test": {
      "all_candidates_model_robust_mae": 0.7031486988979568,
      "all_candidates_baseline_robust_mae": 0.8294129248937248,
      "all_candidates_improvement_pct": 15.223325102143367,
      "affected_candidates_model_robust_mae": 1.0903613195292643,
      "affected_candidates_baseline_robust_mae": 1.2852424294941056,
      "affected_candidates_improvement_pct": 15.162984468350457,
      "unaffected_candidates_model_robust_mae": 0.5216808607165949,
      "unaffected_candidates_baseline_robust_mae": 0.6157876679292987,
      "unaffected_candidates_improvement_pct": 15.28234684029246,
      "horizon_01_all_candidates_model_robust_mae": 0.5193011922798353,
      "horizon_01_all_candidates_baseline_robust_mae": 0.5881859476425729,
      "horizon_01_all_candidates_improvement_pct": 11.711390868623287,
      "horizon_01_affected_candidates_model_robust_mae": 0.7248009851301589,
      "horizon_01_affected_candidates_baseline_robust_mae": 0.8081600071993823,
      "horizon_01_affected_candidates_improvement_pct": 10.314668051701522,
      "horizon_02_all_candidates_model_robust_mae": 0.5839419547974223,
      "horizon_02_all_candidates_baseline_robust_mae": 0.6646552226633144,
      "horizon_02_all_candidates_improvement_pct": 12.143629526067535,
      "horizon_02_affected_candidates_model_robust_mae": 0.8517481024339235,
      "horizon_02_affected_candidates_baseline_robust_mae": 0.9598749413821493,
      "horizon_02_affected_candidates_improvement_pct": 11.264679833451131,
      "horizon_03_all_candidates_model_robust_mae": 0.6294363398861279,
      "horizon_03_all_candidates_baseline_robust_mae": 0.7268808232295673,
      "horizon_03_all_candidates_improvement_pct": 13.405840438944134,
      "horizon_03_affected_candidates_model_robust_mae": 0.941464616968529,
      "horizon_03_affected_candidates_baseline_robust_mae": 1.0790258103039858,