{
  "metrics": {
    "val": {
      "all_candidates_model_robust_mae": 0.7259153213907458,
      "all_candidates_baseline_robust_mae": 0.8272501102632047,
      "all_candidates_improvement_pct": 12.249595088022103,
      "affected_candidates_model_robust_mae": 1.1753033190756699,
      "affected_candidates_baseline_robust_mae": 1.3240686546633906,
      "affected_candidates_improvement_pct": 11.23546993305573,
      "unaffected_candidates_model_robust_mae": 0.5386367399412233,
      "unaffected_candidates_baseline_robust_mae": 0.6202052552880885,
      "unaffected_candidates_improvement_pct": 13.151858139121405,
      "horizon_01_all_candidates_model_robust_mae": 0.5400365048127459,
      "horizon_01_all_candidates_baseline_robust_mae": 0.6003526860005128,
      "horizon_01_all_candidates_improvement_pct": 10.046791260248549,
      "horizon_01_affected_candidates_model_robust_mae": 0.7758105888618684,
      "horizon_01_affected_candidates_baseline_robust_mae": 0.8427632402965712,
      "horizon_01_affected_candidates_improvement_pct": 7.944420002365313,
      "horizon_02_all_candidates_model_robust_mae": 0.6032989971400254,
      "horizon_02_all_candidates_baseline_robust_mae": 0.6733494887504019,
      "horizon_02_all_candidates_improvement_pct": 10.403288749854962,
      "horizon_02_affected_candidates_model_robust_mae": 0.9087545115773271,
      "horizon_02_affected_candidates_baseline_robust_mae": 0.9973475126132015,
      "horizon_02_affected_candidates_improvement_pct": 8.882861782423996,
      "horizon_03_all_candidates_model_robust_mae": 0.6508317621352879,
      "horizon_03_all_candidates_baseline_robust_mae": 0.7308534904495786,
      "horizon_03_all_candidates_improvement_pct": 10.949079310692754,
      "horizon_03_affected_candidates_model_robust_mae": 1.0098226004985251,
      "horizon_03_affected_candidates_baseline_robust_mae": 1.1166547427176545,
      "horizon_03_affected_candidates_improvement_pct": 9.567159671854084,
      "horizon_04_all_candidates_model_robust_mae": 0.6837274057716093,
      "horizon_04_all_candidates_baseline_robust_mae": 0.7732848661126429,
      "horizon_04_all_candidates_improvement_pct": 11.581431923172795,
      "horizon_04_affected_candidates_model_robust_mae": 1.0787074381972461,
      "horizon_04_affected_candidates_baseline_robust_mae": 1.2040969552088483,
      "horizon_04_affected_candidates_improvement_pct": 10.413573132061744,
      "horizon_05_all_candidates_model_robust_mae": 0.7104215177587225,
      "horizon_05_all_candidates_baseline_robust_mae": 0.80618805385504,
      "horizon_05_all_candidates_improvement_pct": 11.87893266817585,
      "horizon_05_affected_candidates_model_robust_mae": 1.1400146909768163,
      "horizon_05_affected_candidates_baseline_robust_mae": 1.2793815399100616,
      "horizon_05_affected_candidates_improvement_pct": 10.89329840909246,
      "horizon_06_all_candidates_model_robust_mae": 0.7346244097527113,
      "horizon_06_all_candidates_baseline_robust_mae": 0.8377409271994909,
      "horizon_06_all_candidates_improvement_pct": 12.308879045875306,
      "horizon_06_affected_candidates_model_robust_mae": 1.19284033626458,
      "horizon_06_affected_candidates_baseline_robust_mae": 1.346644237542608,
      "horizon_06_affected_candidates_improvement_pct": 11.421272002670381,
      "horizon_07_all_candidates_model_robust_mae": 0.7555774113461747,
      "horizon_07_all_candidates_baseline_robust_mae": 0.8643465388721971,
      "horizon_07_all_candidates_improvement_pct": 12.583972126266023,
      "horizon_07_affected_candidates_model_robust_mae": 1.2356252004497366,
      "horizon_07_affected_candidates_baseline_robust_mae": 1.4017586805897237,
      "horizon_07_affected_candidates_improvement_pct": 11.851788930609251,
      "horizon_08_all_candidates_model_robust_mae": 0.7768293260643584,
      "horizon_08_all_candidates_baseline_robust_mae": 0.8908410368372225,
      "horizon_08_all_candidates_improvement_pct": 12.798210461615355,
      "horizon_08_affected_candidates_model_robust_mae": 1.284393780258886,
      "horizon_08_affected_candidates_baseline_robust_mae": 1.4593189470573813,
      "horizon_08_affected_candidates_improvement_pct": 11.986767330830597,
      "horizon_09_all_candidates_model_robust_mae": 0.793392367079723,
      "horizon_09_all_candidates_baseline_robust_mae": 0.9119756261656342,
      "horizon_09_all_candidates_improvement_pct": 13.002897849857,
      "horizon_09_affected_candidates_model_robust_mae": 1.3229335758799734,
      "horizon_09_affected_candidates_baseline_robust_mae": 1.5058868737007916,
      "horizon_09_affected_candidates_improvement_pct": 12.149205960684242,
      "horizon_10_all_candidates_model_robust_mae": 0.8059944813727759,
      "horizon_10_all_candidates_baseline_robust_mae": 0.9289248031395567,
      "horizon_10_all_candidates_improvement_pct": 13.233613889014919,
      "horizon_10_affected_candidates_model_robust_mae": 1.3518901814723088,
      "horizon_10_affected_candidates_baseline_robust_mae": 1.5406091605425325,
      "horizon_10_affected_candidates_improvement_pct": 12.24963371006865,
      "horizon_11_all_candidates_model_robust_mae": 0.8218487936788188,
      "horizon_11_all_candidates_baseline_robust_mae": 0.9471625751648224,
      "horizon_11_all_candidates_improvement_pct": 13.230440557070876,
      "horizon_11_affected_candidates_model_robust_mae": 1.3852389367246265,
      "horizon_11_affected_candidates_baseline_robust_mae": 1.5798637806463696,
      "horizon_11_affected_candidates_improvement_pct": 12.319090183972458,
      "horizon_12_all_candidates_model_robust_mae": 0.8344926085457687,
      "horizon_12_all_candidates_baseline_robust_mae": 0.962095373567048,
      "horizon_12_all_candidates_improvement_pct": 13.26300578165983,
      "horizon_12_affected_candidates_model_robust_mae": 1.4177997223724974,
      "horizon_12_affected_candidates_baseline_robust_mae": 1.6147309258643616,
      "horizon_12_affected_candidates_improvement_pct": 12.195914522814222,
      "affected_node_rate": 0.23427743925374256
    },
    "test": {
      "all_candidates_model_robust_mae": 0.7213035195523408,
      "all_candidates_baseline_robust_mae": 0.8328134196658367,
      "all_candidates_improvement_pct": 13.389541700497423,
      "affected_candidates_model_robust_mae": 1.1285859470376909,
      "affected_candidates_baseline_robust_mae": 1.293837027683651,
      "affected_candidates_improvement_pct": 12.772171232555328,
      "unaffected_candidates_model_robust_mae": 0.5302149723220952,
      "unaffected_candidates_baseline_robust_mae": 0.6165106195898865,
      "unaffected_candidates_improvement_pct": 13.997430786382335,
      "horizon_01_all_candidates_model_robust_mae": 0.5308753105603581,
      "horizon_01_all_candidates_baseline_robust_mae": 0.5912248439472282,
      "horizon_01_all_candidates_improvement_pct": 10.207543543663537,
      "horizon_01_affected_candidates_model_robust_mae": 0.7448430216685489,
      "horizon_01_affected_candidates_baseline_robust_mae": 0.8144241910254835,
      "horizon_01_affected_candidates_improvement_pct": 8.543602968045603,
      "horizon_02_all_candidates_model_robust_mae": 0.5925520513157932,
      "horizon_02_all_candidates_baseline_robust_mae": 0.6647113446148724,
      "horizon_02_all_candidates_improvement_pct": 10.85573367803547,
      "horizon_02_affected_candidates_model_robust_mae": 0.8675226747806313,
      "horizon_02_affected_candidates_baseline_robust_mae": 0.9614806863858398,
      "horizon_02_affected_candidates_improvement_pct": 9.772220382126681,
      "horizon_03_all_candidates_model_robust_mae": 0.6400022967883107,
      "horizon_03_all_candidates_baseline_robust_mae": 0.7255605942083166,
      "horizon_03_all_candidates_improvement_pct": 11.792026483103246,
      "horizon_03_affected_candidates_model_robust_mae": 0.9630383202744338,
      "horizon_03_affected_candidates_baseline_robust_mae": 1.0792830623658292,