{
  "metrics": {
    "val": {
      "all_candidates_model_robust_mae": 0.7205397441094525,
      "all_candidates_baseline_robust_mae": 0.8356682411538807,
      "all_candidates_improvement_pct": 13.776818523755328,
      "affected_candidates_model_robust_mae": 1.1841736294697924,
      "affected_candidates_baseline_robust_mae": 1.3608444863994964,
      "affected_candidates_improvement_pct": 12.982442791618114,
      "unaffected_candidates_model_robust_mae": 0.5298326450273506,
      "unaffected_candidates_baseline_robust_mae": 0.6196468416375984,
      "unaffected_candidates_improvement_pct": 14.494416912202354,
      "horizon_01_all_candidates_model_robust_mae": 0.5297721814809355,
      "horizon_01_all_candidates_baseline_robust_mae": 0.5993474118900214,
      "horizon_01_all_candidates_improvement_pct": 11.608497680782968,
      "horizon_01_affected_candidates_model_robust_mae": 0.7736819605256186,
      "horizon_01_affected_candidates_baseline_robust_mae": 0.851246532277295,
      "horizon_01_affected_candidates_improvement_pct": 9.111881083870264,
      "horizon_02_all_candidates_model_robust_mae": 0.5985469387937764,
      "horizon_02_all_candidates_baseline_robust_mae": 0.6773057852443504,
      "horizon_02_all_candidates_improvement_pct": 11.628255385735452,
      "horizon_02_affected_candidates_model_robust_mae": 0.9052042448779771,
      "horizon_02_affected_candidates_baseline_robust_mae": 1.0081401535041237,
      "horizon_02_affected_candidates_improvement_pct": 10.210476020457952,
      "horizon_03_all_candidates_model_robust_mae": 0.6389826772026618,
      "horizon_03_all_candidates_baseline_robust_mae": 0.7320894774293857,
      "horizon_03_all_candidates_improvement_pct": 12.717953624146249,
      "horizon_03_affected_candidates_model_robust_mae": 0.999088264419464,
      "horizon_03_affected_candidates_baseline_robust_mae": 1.1304110060565844,
      "horizon_03_affected_candidates_improvement_pct": 11.617256107160273,
      "horizon_04_all_candidates_model_robust_mae": 0.6821583022817639,
      "horizon_04_all_candidates_baseline_robust_mae": 0.7859080644810293,
      "horizon_04_all_candidates_improvement_pct": 13.201259395114635,
      "horizon_04_affected_candidates_model_robust_mae": 1.0907547328731984,
      "horizon_04_affected_candidates_baseline_robust_mae": 1.2420958955169956,
      "horizon_04_affected_candidates_improvement_pct": 12.1843380362194,
      "horizon_05_all_candidates_model_robust_mae": 0.7086452048503438,
      "horizon_05_all_candidates_baseline_robust_mae": 0.8173555358115927,
      "horizon_05_all_candidates_improvement_pct": 13.300250160207831,
      "horizon_05_affected_candidates_model_robust_mae": 1.158287778476075,
      "horizon_05_affected_candidates_baseline_robust_mae": 1.3104676393463939,
      "horizon_05_affected_candidates_improvement_pct": 11.612637832569431,
      "horizon_06_all_candidates_model_robust_mae": 0.7415066188016877,
      "horizon_06_all_candidates_baseline_robust_mae": 0.8564715162760124,
      "horizon_06_all_candidates_improvement_pct": 13.423084748246938,
      "horizon_06_affected_candidates_model_robust_mae": 1.2263235546573825,
      "horizon_06_affected_candidates_baseline_robust_mae": 1.3948244446318427,
      "horizon_06_affected_candidates_improvement_pct": 12.080437120453192,
      "horizon_07_all_candidates_model_robust_mae": 0.7614612545053207,
      "horizon_07_all_candidates_baseline_robust_mae": 0.8815240897707097,
      "horizon_07_all_candidates_improvement_pct": 13.619915400907333,
      "horizon_07_affected_candidates_model_robust_mae": 1.2630399705450077,
      "horizon_07_affected_candidates_baseline_robust_mae": 1.454657307127024,
      "horizon_07_affected_candidates_improvement_pct": 13.17267892878936,
      "horizon_08_all_candidates_model_robust_mae": 0.7770654121392071,
      "horizon_08_all_candidates_baseline_robust_mae": 0.9039595310043239,
      "horizon_08_all_candidates_improvement_pct": 14.037588466392291,
      "horizon_08_affected_candidates_model_robust_mae": 1.3162517568189263,
      "horizon_08_affected_candidates_baseline_robust_mae": 1.5220454430495607,
      "horizon_08_affected_candidates_improvement_pct": 13.520863465042641,
      "horizon_09_all_candidates_model_robust_mae": 0.7884852129188014,
      "horizon_09_all_candidates_baseline_robust_mae": 0.9237086605658172,
      "horizon_09_all_candidates_improvement_pct": 14.639188027552413,
      "horizon_09_affected_candidates_model_robust_mae": 1.3477855108844932,
      "horizon_09_affected_candidates_baseline_robust_mae": 1.5723941141215305,
      "horizon_09_affected_candidates_improvement_pct": 14.284497838032312,
      "horizon_10_all_candidates_model_robust_mae": 0.7866546540319046,
      "horizon_10_all_candidates_baseline_robust_mae": 0.9288557581278657,
      "horizon_10_all_candidates_improvement_pct": 15.309277339527004,
      "horizon_10_affected_candidates_model_robust_mae": 1.3321814701069143,
      "horizon_10_affected_candidates_baseline_robust_mae": 1.5723871116043884,
      "horizon_10_affected_candidates_improvement_pct": 15.276495191593101,
      "horizon_11_all_candidates_model_robust_mae": 0.802939758616258,
      "horizon_11_all_candidates_baseline_robust_mae": 0.9463526187272462,
      "horizon_11_all_candidates_improvement_pct": 15.154273076759146,
      "horizon_11_affected_candidates_model_robust_mae": 1.3590860218292213,
      "horizon_11_affected_candidates_baseline_robust_mae": 1.5939816041827293,
      "horizon_11_affected_candidates_improvement_pct": 14.736404845396208,
      "horizon_12_all_candidates_model_robust_mae": 0.8304410438578749,
      "horizon_12_all_candidates_baseline_robust_mae": 0.9753739056249439,
      "horizon_12_all_candidates_improvement_pct": 14.859210496738404,
      "horizon_12_affected_candidates_model_robust_mae": 1.4388743222375984,
      "horizon_12_affected_candidates_baseline_robust_mae": 1.678098231549433,
      "horizon_12_affected_candidates_improvement_pct": 14.255655885588583,
      "affected_node_rate": 0.23289592306921766
    },
    "test": {
      "all_candidates_model_robust_mae": 0.6999853183066282,
      "all_candidates_baseline_robust_mae": 0.8242806425758973,
      "all_candidates_improvement_pct": 15.07924823769282,
      "affected_candidates_model_robust_mae": 1.0693728237865618,
      "affected_candidates_baseline_robust_mae": 1.2716875207174103,
      "affected_candidates_improvement_pct": 15.909151708645735,
      "unaffected_candidates_model_robust_mae": 0.524908344456321,
      "unaffected_candidates_baseline_robust_mae": 0.61222524108572,
      "unaffected_candidates_improvement_pct": 14.262217688795593,
      "horizon_01_all_candidates_model_robust_mae": 0.5238748275676222,
      "horizon_01_all_candidates_baseline_robust_mae": 0.5928633419680283,
      "horizon_01_all_candidates_improvement_pct": 11.636495211762728,
      "horizon_01_affected_candidates_model_robust_mae": 0.7242031546169506,
      "horizon_01_affected_candidates_baseline_robust_mae": 0.8104395965613526,
      "horizon_01_affected_candidates_improvement_pct": 10.640699480911112,
      "horizon_02_all_candidates_model_robust_mae": 0.5726232579083778,
      "horizon_02_all_candidates_baseline_robust_mae": 0.652908033974156,
      "horizon_02_all_candidates_improvement_pct": 12.296490759517308,
      "horizon_02_affected_candidates_model_robust_mae": 0.8195932798524436,
      "horizon_02_affected_candidates_baseline_robust_mae": 0.9405505455784077,
      "horizon_02_affected_candidates_improvement_pct": 12.860262140572079,
      "horizon_03_all_candidates_model_robust_mae": 0.6297270933703679,
      "horizon_03_all_candidates_baseline_robust_mae": 0.7235044903781026,
      "horizon_03_all_candidates_improvement_pct": 12.96155010160707,
      "horizon_03_affected_candidates_model_robust_mae": 0.9240804833326959,
      "horizon_03_affected_candidates_baseline_robust_mae": 1.0697764896396453,