{
  "metrics": {
    "val": {
      "all_candidates_model_robust_mae": 0.6985044132329639,
      "all_candidates_baseline_robust_mae": 0.812272253538368,
      "all_candidates_improvement_pct": 14.006121692550247,
      "affected_candidates_model_robust_mae": 1.1247510078954503,
      "affected_candidates_baseline_robust_mae": 1.2999156952298925,
      "affected_candidates_improvement_pct": 13.475080574626336,
      "unaffected_candidates_model_robust_mae": 0.524124897582572,
      "unaffected_candidates_baseline_robust_mae": 0.6127749966054564,
      "unaffected_candidates_improvement_pct": 14.466990251556076,
      "horizon_01_all_candidates_model_robust_mae": 0.5251407469156784,
      "horizon_01_all_candidates_baseline_robust_mae": 0.5925561872164117,
      "horizon_01_all_candidates_improvement_pct": 11.377054489536878,
      "horizon_01_affected_candidates_model_robust_mae": 0.7503977225062469,
      "horizon_01_affected_candidates_baseline_robust_mae": 0.8310821840812233,
      "horizon_01_affected_candidates_improvement_pct": 9.708361353477272,
      "horizon_02_all_candidates_model_robust_mae": 0.5837205232102977,
      "horizon_02_all_candidates_baseline_robust_mae": 0.6605090726494501,
      "horizon_02_all_candidates_improvement_pct": 11.625661572086567,
      "horizon_02_affected_candidates_model_robust_mae": 0.8675728851504316,
      "horizon_02_affected_candidates_baseline_robust_mae": 0.969432654323763,
      "horizon_02_affected_candidates_improvement_pct": 10.5071526855452,
      "horizon_03_all_candidates_model_robust_mae": 0.6244738322851242,
      "horizon_03_all_candidates_baseline_robust_mae": 0.7156650011947023,
      "horizon_03_all_candidates_improvement_pct": 12.742158517930493,
      "horizon_03_affected_candidates_model_robust_mae": 0.958580443927184,
      "horizon_03_affected_candidates_baseline_robust_mae": 1.0868382318468646,
      "horizon_03_affected_candidates_improvement_pct": 11.801000752589653,
      "horizon_04_all_candidates_model_robust_mae": 0.6599226396660582,
      "horizon_04_all_candidates_baseline_robust_mae": 0.7587719564434949,
      "horizon_04_all_candidates_improvement_pct": 13.027539557571657,
      "horizon_04_affected_candidates_model_robust_mae": 1.0239647936011036,
      "horizon_04_affected_candidates_baseline_robust_mae": 1.1706791141493218,
      "horizon_04_affected_candidates_improvement_pct": 12.532411211148045,
      "horizon_05_all_candidates_model_robust_mae": 0.6814287915374452,
      "horizon_05_all_candidates_baseline_robust_mae": 0.78826782591811,
      "horizon_05_all_candidates_improvement_pct": 13.553646472406431,
      "horizon_05_affected_candidates_model_robust_mae": 1.0881278337242863,
      "horizon_05_affected_candidates_baseline_robust_mae": 1.250857173134531,
      "horizon_05_affected_candidates_improvement_pct": 13.009426088388668,
      "horizon_06_all_candidates_model_robust_mae": 0.704585972522346,
      "horizon_06_all_candidates_baseline_robust_mae": 0.8191494627034623,
      "horizon_06_all_candidates_improvement_pct": 13.985663837588222,
      "horizon_06_affected_candidates_model_robust_mae": 1.1382917481937929,
      "horizon_06_affected_candidates_baseline_robust_mae": 1.3189782477938825,
      "horizon_06_affected_candidates_improvement_pct": 13.698974937782722,
      "horizon_07_all_candidates_model_robust_mae": 0.7252587325949994,
      "horizon_07_all_candidates_baseline_robust_mae": 0.8484080569173638,
      "horizon_07_all_candidates_improvement_pct": 14.515341210904989,
      "horizon_07_affected_candidates_model_robust_mae": 1.1845266028157557,
      "horizon_07_affected_candidates_baseline_robust_mae": 1.373737024284366,
      "horizon_07_affected_candidates_improvement_pct": 13.773409184132424,
      "horizon_08_all_candidates_model_robust_mae": 0.7463696403444677,
      "horizon_08_all_candidates_baseline_robust_mae": 0.8730975337730842,
      "horizon_08_all_candidates_improvement_pct": 14.514746466063515,
      "horizon_08_affected_candidates_model_robust_mae": 1.2331198938640713,
      "horizon_08_affected_candidates_baseline_robust_mae": 1.436019830312394,
      "horizon_08_affected_candidates_improvement_pct": 14.129326919126433,
      "horizon_09_all_candidates_model_robust_mae": 0.763614301682456,
      "horizon_09_all_candidates_baseline_robust_mae": 0.8976867136473045,
      "horizon_09_all_candidates_improvement_pct": 14.93532319533969,
      "horizon_09_affected_candidates_model_robust_mae": 1.2717447181856658,
      "horizon_09_affected_candidates_baseline_robust_mae": 1.4868423174878904,
      "horizon_09_affected_candidates_improvement_pct": 14.46673912709486,
      "horizon_10_all_candidates_model_robust_mae": 0.7725900280988528,
      "horizon_10_all_candidates_baseline_robust_mae": 0.9113789985417645,
      "horizon_10_all_candidates_improvement_pct": 15.22845826653659,
      "horizon_10_affected_candidates_model_robust_mae": 1.2865629110043484,
      "horizon_10_affected_candidates_baseline_robust_mae": 1.5105281051277468,
      "horizon_10_affected_candidates_improvement_pct": 14.826946507192428,
      "horizon_11_all_candidates_model_robust_mae": 0.7906881424374351,
      "horizon_11_all_candidates_baseline_robust_mae": 0.9332737739183414,
      "horizon_11_all_candidates_improvement_pct": 15.278006889903466,
      "horizon_11_affected_candidates_model_robust_mae": 1.3303246354764335,
      "horizon_11_affected_candidates_baseline_robust_mae": 1.564404800238793,
      "horizon_11_affected_candidates_improvement_pct": 14.962889702628695,
      "horizon_12_all_candidates_model_robust_mae": 0.8043081950520492,
      "horizon_12_all_candidates_baseline_robust_mae": 0.9485655322208022,
      "horizon_12_all_candidates_improvement_pct": 15.207946343044386,
      "horizon_12_affected_candidates_model_robust_mae": 1.364010079815381,
      "horizon_12_affected_candidates_baseline_robust_mae": 1.5998585408337254,
      "horizon_12_affected_candidates_improvement_pct": 14.74183216820145,
      "affected_node_rate": 0.2311284046692607
    },
    "test": {
      "all_candidates_model_robust_mae": 0.7093530380102723,
      "all_candidates_baseline_robust_mae": 0.8330488830427023,
      "all_candidates_improvement_pct": 14.848569819892472,
      "affected_candidates_model_robust_mae": 1.1032129595875997,
      "affected_candidates_baseline_robust_mae": 1.2900944477339138,
      "affected_candidates_improvement_pct": 14.485876477848313,
      "unaffected_candidates_model_robust_mae": 0.5230335636624881,
      "unaffected_candidates_baseline_robust_mae": 0.6168388012401588,
      "unaffected_candidates_improvement_pct": 15.207415193252205,
      "horizon_01_all_candidates_model_robust_mae": 0.5247553022200279,
      "horizon_01_all_candidates_baseline_robust_mae": 0.5907186167402946,
      "horizon_01_all_candidates_improvement_pct": 11.16662191624596,
      "horizon_01_affected_candidates_model_robust_mae": 0.7331043102172237,
      "horizon_01_affected_candidates_baseline_robust_mae": 0.8083569085558622,
      "horizon_01_affected_candidates_improvement_pct": 9.309328285828354,
      "horizon_02_all_candidates_model_robust_mae": 0.5827953825888225,
      "horizon_02_all_candidates_baseline_robust_mae": 0.6613039375788015,
      "horizon_02_all_candidates_improvement_pct": 11.871780966164875,
      "horizon_02_affected_candidates_model_robust_mae": 0.8508911429985828,
      "horizon_02_affected_candidates_baseline_robust_mae": 0.9541223391609646,
      "horizon_02_affected_candidates_improvement_pct": 10.819492629546973,
      "horizon_03_all_candidates_model_robust_mae": 0.6268591275079658,
      "horizon_03_all_candidates_baseline_robust_mae": 0.7180480895724983,
      "horizon_03_all_candidates_improvement_pct": 12.699561963715185,
      "horizon_03_affected_candidates_model_robust_mae": 0.9311961601607336,
      "horizon_03_affected_candidates_baseline_robust_mae": 1.0552724023797542,