epoch,train_loss,val_loss,val_residual_loss,val_veto_loss,val_ranking_loss,val_regret_loss,val_sparsity_loss,val_normal_advantage_mean,val_positive_rate,val_affected_positive_rate,val_ranking_positive_count,val_ranking_negative_count,val_normal_veto_mean,val_affected_normal_veto_mean,val_effective_gate_mean,val_base_gate_mean
1,0.5461483329534531,0.637752041220665,0.6004493609070778,0.06587271112948656,0.0,0.2115689143538475,0.030768069671466947,-0.07103277812711895,0.2545823594555259,0.279145248234272,0.0,0.0,0.03160550130996853,0.030044085695408285,0.42345701716840267,0.4374733082950115
2,0.548472498357296,0.6358170509338379,0.6009871773421764,0.05593918263912201,0.0,0.20331434719264507,0.08914840128272772,-0.07103277812711895,0.2545823594555259,0.279145248234272,0.0,0.0,0.09352135471999645,0.08537561725825071,0.3953228294849396,0.4374733082950115
