{
  "metrics": {
    "val": {
      "all_candidates_model_robust_mae": 0.7148630709320356,
      "all_candidates_baseline_robust_mae": 0.8272501102632047,
      "all_candidates_improvement_pct": 13.5856179330591,
      "affected_candidates_model_robust_mae": 1.157460917891719,
      "affected_candidates_baseline_robust_mae": 1.3240686546633906,
      "affected_candidates_improvement_pct": 12.583013440041539,
      "unaffected_candidates_model_robust_mae": 0.5304142291684043,
      "unaffected_candidates_baseline_robust_mae": 0.6202052552880885,
      "unaffected_candidates_improvement_pct": 14.477630647933767,
      "horizon_01_all_candidates_model_robust_mae": 0.5327602619346008,
      "horizon_01_all_candidates_baseline_robust_mae": 0.6003526860005128,
      "horizon_01_all_candidates_improvement_pct": 11.258785983986469,
      "horizon_01_affected_candidates_model_robust_mae": 0.7671630324065526,
      "horizon_01_affected_candidates_baseline_robust_mae": 0.8427632402965712,
      "horizon_01_affected_candidates_improvement_pct": 8.970515593847528,
      "horizon_02_all_candidates_model_robust_mae": 0.5964440473944637,
      "horizon_02_all_candidates_baseline_robust_mae": 0.6733494887504019,
      "horizon_02_all_candidates_improvement_pct": 11.42132616728631,
      "horizon_02_affected_candidates_model_robust_mae": 0.8993384971930914,
      "horizon_02_affected_candidates_baseline_robust_mae": 0.9973475126132015,
      "horizon_02_affected_candidates_improvement_pct": 9.826967449220545,
      "horizon_03_all_candidates_model_robust_mae": 0.6432141746753461,
      "horizon_03_all_candidates_baseline_robust_mae": 0.7308534904495786,
      "horizon_03_all_candidates_improvement_pct": 11.991365837265391,
      "horizon_03_affected_candidates_model_robust_mae": 0.9979823778341785,
      "horizon_03_affected_candidates_baseline_robust_mae": 1.1166547427176545,
      "horizon_03_affected_candidates_improvement_pct": 10.627489441781938,
      "horizon_04_all_candidates_model_robust_mae": 0.675337825522308,
      "horizon_04_all_candidates_baseline_robust_mae": 0.7732848661126429,
      "horizon_04_all_candidates_improvement_pct": 12.666359433971792,
      "horizon_04_affected_candidates_model_robust_mae": 1.0656573043323956,
      "horizon_04_affected_candidates_baseline_robust_mae": 1.2040969552088483,
      "horizon_04_affected_candidates_improvement_pct": 11.49738401692417,
      "horizon_05_all_candidates_model_robust_mae": 0.7007967218667609,
      "horizon_05_all_candidates_baseline_robust_mae": 0.80618805385504,
      "horizon_05_all_candidates_improvement_pct": 13.072797529598402,
      "horizon_05_affected_candidates_model_robust_mae": 1.125577050128662,
      "horizon_05_affected_candidates_baseline_robust_mae": 1.2793815399100616,
      "horizon_05_affected_candidates_improvement_pct": 12.021784353103289,
      "horizon_06_all_candidates_model_robust_mae": 0.723234990826911,
      "horizon_06_all_candidates_baseline_robust_mae": 0.8377409271994909,
      "horizon_06_all_candidates_improvement_pct": 13.668418559346884,
      "horizon_06_affected_candidates_model_robust_mae": 1.1765006774077027,
      "horizon_06_affected_candidates_baseline_robust_mae": 1.346644237542608,
      "horizon_06_affected_candidates_improvement_pct": 12.634633215777,
      "horizon_07_all_candidates_model_robust_mae": 0.7429186597513086,
      "horizon_07_all_candidates_baseline_robust_mae": 0.8643465388721971,
      "horizon_07_all_candidates_improvement_pct": 14.048518002898257,
      "horizon_07_affected_candidates_model_robust_mae": 1.2173951967899694,
      "horizon_07_affected_candidates_baseline_robust_mae": 1.4017586805897237,
      "horizon_07_affected_candidates_improvement_pct": 13.152298348685244,
      "horizon_08_all_candidates_model_robust_mae": 0.7637657934391956,
      "horizon_08_all_candidates_baseline_robust_mae": 0.8908410368372225,
      "horizon_08_all_candidates_improvement_pct": 14.264637364392824,
      "horizon_08_affected_candidates_model_robust_mae": 1.2638921211774288,
      "horizon_08_affected_candidates_baseline_robust_mae": 1.4593189470573813,
      "horizon_08_affected_candidates_improvement_pct": 13.391645895780192,
      "horizon_09_all_candidates_model_robust_mae": 0.7806027745070655,
      "horizon_09_all_candidates_baseline_robust_mae": 0.9119756261656342,
      "horizon_09_all_candidates_improvement_pct": 14.405302936759474,
      "horizon_09_affected_candidates_model_robust_mae": 1.3006576166895842,
      "horizon_09_affected_candidates_baseline_robust_mae": 1.5058868737007916,
      "horizon_09_affected_candidates_improvement_pct": 13.628464434838072,
      "horizon_10_all_candidates_model_robust_mae": 0.7924323034507352,
      "horizon_10_all_candidates_baseline_robust_mae": 0.9289248031395567,
      "horizon_10_all_candidates_improvement_pct": 14.693600518309724,
      "horizon_10_affected_candidates_model_robust_mae": 1.3271462534502958,
      "horizon_10_affected_candidates_baseline_robust_mae": 1.5406091605425325,
      "horizon_10_affected_candidates_improvement_pct": 13.85574697070247,
      "horizon_11_all_candidates_model_robust_mae": 0.8071608386828416,
      "horizon_11_all_candidates_baseline_robust_mae": 0.9471625751648224,
      "horizon_11_all_candidates_improvement_pct": 14.781172752483185,
      "horizon_11_affected_candidates_model_robust_mae": 1.3586232106442209,
      "horizon_11_affected_candidates_baseline_robust_mae": 1.5798637806463696,
      "horizon_11_affected_candidates_improvement_pct": 14.00377505405134,
      "horizon_12_all_candidates_model_robust_mae": 0.8197773974413413,
      "horizon_12_all_candidates_baseline_robust_mae": 0.962095373567048,
      "horizon_12_all_candidates_improvement_pct": 14.792501869960262,
      "horizon_12_affected_candidates_model_robust_mae": 1.389783375586562,
      "horizon_12_affected_candidates_baseline_robust_mae": 1.6147309258643616,
      "horizon_12_affected_candidates_improvement_pct": 13.930961912888717,
      "affected_node_rate": 0.23427743925374256
    },
    "test": {
      "all_candidates_model_robust_mae": 0.7082804332401904,
      "all_candidates_baseline_robust_mae": 0.8328134196658367,
      "all_candidates_improvement_pct": 14.953287673440068,
      "affected_candidates_model_robust_mae": 1.1052476175181545,
      "affected_candidates_baseline_robust_mae": 1.293837027683651,
      "affected_candidates_improvement_pct": 14.575978746189318,
      "unaffected_candidates_model_robust_mae": 0.5220315792036393,
      "unaffected_candidates_baseline_robust_mae": 0.6165106195898865,
      "unaffected_candidates_improvement_pct": 15.32480339902276,
      "horizon_01_all_candidates_model_robust_mae": 0.5230994157749154,
      "horizon_01_all_candidates_baseline_robust_mae": 0.5912248439472282,
      "horizon_01_all_candidates_improvement_pct": 11.522761411290354,
      "horizon_01_affected_candidates_model_robust_mae": 0.7343819365876727,
      "horizon_01_affected_candidates_baseline_robust_mae": 0.8144241910254835,
      "horizon_01_affected_candidates_improvement_pct": 9.828079190160775,
      "horizon_02_all_candidates_model_robust_mae": 0.5843935406330822,
      "horizon_02_all_candidates_baseline_robust_mae": 0.6647113446148724,
      "horizon_02_all_candidates_improvement_pct": 12.083110154878657,
      "horizon_02_affected_candidates_model_robust_mae": 0.8544860472247622,
      "horizon_02_affected_candidates_baseline_robust_mae": 0.9614806863858398,
      "horizon_02_affected_candidates_improvement_pct": 11.128111118203051,
      "horizon_03_all_candidates_model_robust_mae": 0.6306225809018579,
      "horizon_03_all_candidates_baseline_robust_mae": 0.7255605942083166,
      "horizon_03_all_candidates_improvement_pct": 13.084780797673947,
      "horizon_03_affected_candidates_model_robust_mae": 0.9464383616419088,
      "horizon_03_affected_candidates_baseline_robust_mae": 1.0792830623658292,