group,label,samples,source_all_mae,source_affected_mae,source_unaffected_mae,adapter_all_mae,adapter_affected_mae,adapter_unaffected_mae,all_delta,affected_delta,unaffected_delta
overall,all test events,27499,0.7100331504592403,1.1077569187951373,0.5234293285501191,0.7100116242149318,1.107735490973796,0.523407760076672,-2.15262443085118e-05,-2.1427821341291065e-05,-2.156847344714219e-05
severity_low,severity <= 1.557,9167,0.5708222113476559,0.836480299670587,0.5048225353448133,0.5708028591689672,0.8364530181344322,0.5048051544476956,-1.935217868864747e-05,-2.7281536154832864e-05,-1.7380897117669214e-05
severity_mid,1.557 < severity <= 2.578,9167,0.6635133999875259,0.9615745982527821,0.5259361737077582,0.6634883350197253,0.9615453658534284,0.5259130459254386,-2.5064967800636495e-05,-2.9232399353706917e-05,-2.3127782319609658e-05
severity_high,severity > 2.578,9165,0.8384061639853401,1.2937217362285212,0.5366462920788909,0.83838632168028,1.2937074897781382,0.536622738894277,-1.9842305060024934e-05,-1.4246450382948694e-05,-2.3553184613889222e-05
recovery_short_lt30,recovery < 30 min,12563,0.607668147898695,0.9387177468793455,0.5059739415595277,0.6076446580521842,0.9386883440941709,0.5059522742827105,-2.3489846510904577e-05,-2.9402785174603707e-05,-2.166727681718328e-05
recovery_mid_30_90,30 <= recovery < 90 min,3380,0.6708426937313167,1.0290601793925438,0.5212632026628646,0.6708186462530371,1.0290214833498437,0.5212452568568474,-2.4047478279554113e-05,-3.869604270012594e-05,-1.7945806017216626e-05
recovery_long_ge90,recovery >= 90 min,11556,0.7946698908930332,1.1977368485263744,0.539981702917655,0.7946504291735197,1.1977222173051099,0.5399591854479224,-1.946171951350273e-05,-1.463122126454941e-05,-2.2517469732585838e-05
severity_high_and_long,severity high and recovery >= 90 min,8029,0.8423464602195627,1.2814350930932425,0.5408662556669466,0.8423280784243838,1.281423237081436,0.5408433451617062,-1.8381795178878946e-05,-1.1856011806532507e-05,-2.2910505240392176e-05
