{
  "metrics": {
    "val": {
      "all_candidates_model_robust_mae": 0.7066916319630404,
      "all_candidates_baseline_robust_mae": 0.8218168869426726,
      "all_candidates_improvement_pct": 14.008626107443687,
      "affected_candidates_model_robust_mae": 1.1455948387985837,
      "affected_candidates_baseline_robust_mae": 1.321900093170066,
      "affected_candidates_improvement_pct": 13.337260151686827,
      "unaffected_candidates_model_robust_mae": 0.5276758198535392,
      "unaffected_candidates_baseline_robust_mae": 0.6178475281539271,
      "unaffected_candidates_improvement_pct": 14.594492037511724,
      "horizon_01_all_candidates_model_robust_mae": 0.5280349858117194,
      "horizon_01_all_candidates_baseline_robust_mae": 0.5962882424202636,
      "horizon_01_all_candidates_improvement_pct": 11.446352913401794,
      "horizon_01_affected_candidates_model_robust_mae": 0.755053390184319,
      "horizon_01_affected_candidates_baseline_robust_mae": 0.8344840254504524,
      "horizon_01_affected_candidates_improvement_pct": 9.518532751211973,
      "horizon_02_all_candidates_model_robust_mae": 0.587181954703485,
      "horizon_02_all_candidates_baseline_robust_mae": 0.6658843623079687,
      "horizon_02_all_candidates_improvement_pct": 11.819230493970384,
      "horizon_02_affected_candidates_model_robust_mae": 0.8723302162155134,
      "horizon_02_affected_candidates_baseline_robust_mae": 0.9774392338256852,
      "horizon_02_affected_candidates_improvement_pct": 10.753509166884612,
      "horizon_03_all_candidates_model_robust_mae": 0.6279499670934898,
      "horizon_03_all_candidates_baseline_robust_mae": 0.7185090804896771,
      "horizon_03_all_candidates_improvement_pct": 12.603753502247958,
      "horizon_03_affected_candidates_model_robust_mae": 0.959666440370889,
      "horizon_03_affected_candidates_baseline_robust_mae": 1.0872711996786735,
      "horizon_03_affected_candidates_improvement_pct": 11.736240171311088,
      "horizon_04_all_candidates_model_robust_mae": 0.6664134327380677,
      "horizon_04_all_candidates_baseline_robust_mae": 0.7657993273023962,
      "horizon_04_all_candidates_improvement_pct": 12.978059789426178,
      "horizon_04_affected_candidates_model_robust_mae": 1.0430912837460915,
      "horizon_04_affected_candidates_baseline_robust_mae": 1.187129695928143,
      "horizon_04_affected_candidates_improvement_pct": 12.133334097875194,
      "horizon_05_all_candidates_model_robust_mae": 0.6901353488948874,
      "horizon_05_all_candidates_baseline_robust_mae": 0.7988252447729507,
      "horizon_05_all_candidates_improvement_pct": 13.606216952865097,
      "horizon_05_affected_candidates_model_robust_mae": 1.1140482226516797,
      "horizon_05_affected_candidates_baseline_robust_mae": 1.2785870019025969,
      "horizon_05_affected_candidates_improvement_pct": 12.868798056454184,
      "horizon_06_all_candidates_model_robust_mae": 0.7118273281853869,
      "horizon_06_all_candidates_baseline_robust_mae": 0.8271635636319291,
      "horizon_06_all_candidates_improvement_pct": 13.94358268636994,
      "horizon_06_affected_candidates_model_robust_mae": 1.1576804594005548,
      "horizon_06_affected_candidates_baseline_robust_mae": 1.3361698379661417,
      "horizon_06_affected_candidates_improvement_pct": 13.358285263890972,
      "horizon_07_all_candidates_model_robust_mae": 0.7336280767976172,
      "horizon_07_all_candidates_baseline_robust_mae": 0.8581669754201103,
      "horizon_07_all_candidates_improvement_pct": 14.512198929762576,
      "horizon_07_affected_candidates_model_robust_mae": 1.2064124484902388,
      "horizon_07_affected_candidates_baseline_robust_mae": 1.396760433062908,
      "horizon_07_affected_candidates_improvement_pct": 13.627819063807648,
      "horizon_08_all_candidates_model_robust_mae": 0.7540826239577291,
      "horizon_08_all_candidates_baseline_robust_mae": 0.8832959456348695,
      "horizon_08_all_candidates_improvement_pct": 14.628542371975708,
      "horizon_08_affected_candidates_model_robust_mae": 1.2569659340026995,
      "horizon_08_affected_candidates_baseline_robust_mae": 1.4631506402253955,
      "horizon_08_affected_candidates_improvement_pct": 14.09183036621121,
      "horizon_09_all_candidates_model_robust_mae": 0.7760969433496621,
      "horizon_09_all_candidates_baseline_robust_mae": 0.9114611392936798,
      "horizon_09_all_candidates_improvement_pct": 14.851340348850828,
      "horizon_09_affected_candidates_model_robust_mae": 1.305045865442606,
      "horizon_09_affected_candidates_baseline_robust_mae": 1.5233428762195156,
      "horizon_09_affected_candidates_improvement_pct": 14.330129755072468,
      "horizon_10_all_candidates_model_robust_mae": 0.7836379338547593,
      "horizon_10_all_candidates_baseline_robust_mae": 0.9254125011244565,
      "horizon_10_all_candidates_improvement_pct": 15.320148268737322,
      "horizon_10_affected_candidates_model_robust_mae": 1.3170802313242267,
      "horizon_10_affected_candidates_baseline_robust_mae": 1.546078384663797,
      "horizon_10_affected_candidates_improvement_pct": 14.811548729424043,
      "horizon_11_all_candidates_model_robust_mae": 0.8042145316959491,
      "horizon_11_all_candidates_baseline_robust_mae": 0.9489043907745328,
      "horizon_11_all_candidates_improvement_pct": 15.248096698180747,
      "horizon_11_affected_candidates_model_robust_mae": 1.3638394254264319,
      "horizon_11_affected_candidates_baseline_robust_mae": 1.6002097212676636,
      "horizon_11_affected_candidates_improvement_pct": 14.771207342371504,
      "horizon_12_all_candidates_model_robust_mae": 0.8171809692608175,
      "horizon_12_all_candidates_baseline_robust_mae": 0.9622013237750741,
      "horizon_12_all_candidates_improvement_pct": 15.071726771824395,
      "horizon_12_affected_candidates_model_robust_mae": 1.3962031782231643,
      "horizon_12_affected_candidates_baseline_robust_mae": 1.6325334546965442,
      "horizon_12_affected_candidates_improvement_pct": 14.476289952496504,
      "affected_node_rate": 0.23040841625624014
    },
    "test": {
      "all_candidates_model_robust_mae": 0.7071108701743715,
      "all_candidates_baseline_robust_mae": 0.8305550675168533,
      "all_candidates_improvement_pct": 14.86285523626366,
      "affected_candidates_model_robust_mae": 1.1027201261865454,
      "affected_candidates_baseline_robust_mae": 1.288427198736098,
      "affected_candidates_improvement_pct": 14.413470371606932,
      "unaffected_candidates_model_robust_mae": 0.5217806837246753,
      "unaffected_candidates_baseline_robust_mae": 0.6160567199198358,
      "unaffected_candidates_improvement_pct": 15.30314225083497,
      "horizon_01_all_candidates_model_robust_mae": 0.5235383612675681,
      "horizon_01_all_candidates_baseline_robust_mae": 0.5892743176977213,
      "horizon_01_all_candidates_improvement_pct": 11.155408348183537,
      "horizon_01_affected_candidates_model_robust_mae": 0.731196839254198,
      "horizon_01_affected_candidates_baseline_robust_mae": 0.8069023430602876,
      "horizon_01_affected_candidates_improvement_pct": 9.382238688137422,
      "horizon_02_all_candidates_model_robust_mae": 0.5842227102077656,
      "horizon_02_all_candidates_baseline_robust_mae": 0.6626268678422095,
      "horizon_02_all_candidates_improvement_pct": 11.832323957789491,
      "horizon_02_affected_candidates_model_robust_mae": 0.8564797515638938,
      "horizon_02_affected_candidates_baseline_robust_mae": 0.9595131967832721,
      "horizon_02_affected_candidates_improvement_pct": 10.738095689021643,
      "horizon_03_all_candidates_model_robust_mae": 0.6255012743344319,
      "horizon_03_all_candidates_baseline_robust_mae": 0.7171255289241326,
      "horizon_03_all_candidates_improvement_pct": 12.776599199746794,
      "horizon_03_affected_candidates_model_robust_mae": 0.9312217277929903,
      "horizon_03_affected_candidates_baseline_robust_mae": 1.055717821613149,