epoch,train_loss,val_loss,val_final_loss,val_incident_loss,val_branch_loss,val_gate_loss,val_normal_better_gate_loss,val_convex_gate_loss,val_hard_rate,val_affected_rate,val_normal_better_rate,val_convex_target_rate,val_severity_high_rate,val_recovery_long_rate,val_high_long_rate,val_affected_tail_weight_mean,val_gate_mean
1,0.613432489811106,0.7586562002499898,0.7484640224774679,0.8947123115857443,1.1270029411315918,0.6969742547671001,0.5300146741867066,0.10192177466551462,0.5720458308855693,0.29008283440272015,0.31926420776049297,0.9259148832956949,0.30966666650772096,0.3470000000397364,0.24766666662693024,0.9058649244308472,0.4289460830688477
2,0.6130825420643421,0.7584769632021586,0.7483329647382101,0.8947123115857443,1.1270029411315918,0.6943299498558044,0.5595273340543111,0.10144002083937327,0.5720458308855693,0.29008283440272015,0.31926420776049297,0.9259148832956949,0.30966666650772096,0.3470000000397364,0.24766666662693024,0.9058649244308472,0.4452184760570526
