{
  "metrics": {
    "val": {
      "all_candidates_model_robust_mae": 0.7196743796359939,
      "all_candidates_baseline_robust_mae": 0.8272501102632047,
      "all_candidates_improvement_pct": 13.004015266070335,
      "affected_candidates_model_robust_mae": 1.1662112382629886,
      "affected_candidates_baseline_robust_mae": 1.3240686546633906,
      "affected_candidates_improvement_pct": 11.92214737841771,
      "unaffected_candidates_model_robust_mae": 0.5335839881022331,
      "unaffected_candidates_baseline_robust_mae": 0.6202052552880885,
      "unaffected_candidates_improvement_pct": 13.966548404305179,
      "horizon_01_all_candidates_model_robust_mae": 0.537386587258765,
      "horizon_01_all_candidates_baseline_robust_mae": 0.6003526860005128,
      "horizon_01_all_candidates_improvement_pct": 10.48818473041596,
      "horizon_01_affected_candidates_model_robust_mae": 0.7698772549761438,
      "horizon_01_affected_candidates_baseline_robust_mae": 0.8427632402965712,
      "horizon_01_affected_candidates_improvement_pct": 8.64845330638515,
      "horizon_02_all_candidates_model_robust_mae": 0.6002686555360374,
      "horizon_02_all_candidates_baseline_robust_mae": 0.6733494887504019,
      "horizon_02_all_candidates_improvement_pct": 10.853328685225192,
      "horizon_02_affected_candidates_model_robust_mae": 0.9022424036628858,
      "horizon_02_affected_candidates_baseline_robust_mae": 0.9973475126132015,
      "horizon_02_affected_candidates_improvement_pct": 9.53580449618067,
      "horizon_03_all_candidates_model_robust_mae": 0.6473188578489438,
      "horizon_03_all_candidates_baseline_robust_mae": 0.7308534904495786,
      "horizon_03_all_candidates_improvement_pct": 11.429737107672443,
      "horizon_03_affected_candidates_model_robust_mae": 1.0026268223275268,
      "horizon_03_affected_candidates_baseline_robust_mae": 1.1166547427176545,
      "horizon_03_affected_candidates_improvement_pct": 10.211564598079145,
      "horizon_04_all_candidates_model_robust_mae": 0.6799556169429509,
      "horizon_04_all_candidates_baseline_robust_mae": 0.7732848661126429,
      "horizon_04_all_candidates_improvement_pct": 12.069193806787483,
      "horizon_04_affected_candidates_model_robust_mae": 1.0723169670800534,
      "horizon_04_affected_candidates_baseline_robust_mae": 1.2040969552088483,
      "horizon_04_affected_candidates_improvement_pct": 10.944300420221383,
      "horizon_05_all_candidates_model_robust_mae": 0.7052230609529007,
      "horizon_05_all_candidates_baseline_robust_mae": 0.80618805385504,
      "horizon_05_all_candidates_improvement_pct": 12.523752047595309,
      "horizon_05_affected_candidates_model_robust_mae": 1.1327678371034022,
      "horizon_05_affected_candidates_baseline_robust_mae": 1.2793815399100616,
      "horizon_05_affected_candidates_improvement_pct": 11.459732553040128,
      "horizon_06_all_candidates_model_robust_mae": 0.7284699595702039,
      "horizon_06_all_candidates_baseline_robust_mae": 0.8377409271994909,
      "horizon_06_all_candidates_improvement_pct": 13.043527429723671,
      "horizon_06_affected_candidates_model_robust_mae": 1.1856894482448004,
      "horizon_06_affected_candidates_baseline_robust_mae": 1.346644237542608,
      "horizon_06_affected_candidates_improvement_pct": 11.952287383007866,
      "horizon_07_all_candidates_model_robust_mae": 0.7481684242277512,
      "horizon_07_all_candidates_baseline_robust_mae": 0.8643465388721971,
      "horizon_07_all_candidates_improvement_pct": 13.441149980890259,
      "horizon_07_affected_candidates_model_robust_mae": 1.2277406721060466,
      "horizon_07_affected_candidates_baseline_robust_mae": 1.4017586805897237,
      "horizon_07_affected_candidates_improvement_pct": 12.414262946491421,
      "horizon_08_all_candidates_model_robust_mae": 0.7696239642388735,
      "horizon_08_all_candidates_baseline_robust_mae": 0.8908410368372225,
      "horizon_08_all_candidates_improvement_pct": 13.60703734851611,
      "horizon_08_affected_candidates_model_robust_mae": 1.2759520042257153,
      "horizon_08_affected_candidates_baseline_robust_mae": 1.4593189470573813,
      "horizon_08_affected_candidates_improvement_pct": 12.56524101200859,
      "horizon_09_all_candidates_model_robust_mae": 0.7855426769979709,
      "horizon_09_all_candidates_baseline_robust_mae": 0.9119756261656342,
      "horizon_09_all_candidates_improvement_pct": 13.863632485359913,
      "horizon_09_affected_candidates_model_robust_mae": 1.3126035289728653,
      "horizon_09_affected_candidates_baseline_robust_mae": 1.5058868737007916,
      "horizon_09_affected_candidates_improvement_pct": 12.83518357875867,
      "horizon_10_all_candidates_model_robust_mae": 0.7973814458662797,
      "horizon_10_all_candidates_baseline_robust_mae": 0.9289248031395567,
      "horizon_10_all_candidates_improvement_pct": 14.160818704451652,
      "horizon_10_affected_candidates_model_robust_mae": 1.3392632175180872,
      "horizon_10_affected_candidates_baseline_robust_mae": 1.5406091605425325,
      "horizon_10_affected_candidates_improvement_pct": 13.069242231010778,
      "horizon_11_all_candidates_model_robust_mae": 0.812410509689183,
      "horizon_11_all_candidates_baseline_robust_mae": 0.9471625751648224,
      "horizon_11_all_candidates_improvement_pct": 14.22692038398901,
      "horizon_11_affected_candidates_model_robust_mae": 1.37152324263802,
      "horizon_11_affected_candidates_baseline_robust_mae": 1.5798637806463696,
      "horizon_11_affected_candidates_improvement_pct": 13.18724693613213,
      "horizon_12_all_candidates_model_robust_mae": 0.8244319803061844,
      "horizon_12_all_candidates_baseline_robust_mae": 0.962095373567048,
      "horizon_12_all_candidates_improvement_pct": 14.308705461337501,
      "horizon_12_affected_candidates_model_robust_mae": 1.4021205012684095,
      "horizon_12_affected_candidates_baseline_robust_mae": 1.6147309258643616,
      "horizon_12_affected_candidates_improvement_pct": 13.166925906379248,
      "affected_node_rate": 0.23427743925374256
    },
    "test": {
      "all_candidates_model_robust_mae": 0.712137377529195,
      "all_candidates_baseline_robust_mae": 0.8328134196658367,
      "all_candidates_improvement_pct": 14.490165418451404,
      "affected_candidates_model_robust_mae": 1.1126560849588951,
      "affected_candidates_baseline_robust_mae": 1.293837027683651,
      "affected_candidates_improvement_pct": 14.003382098989944,
      "unaffected_candidates_model_robust_mae": 0.5242222288981375,
      "unaffected_candidates_baseline_robust_mae": 0.6165106195898865,
      "unaffected_candidates_improvement_pct": 14.969472991907393,
      "horizon_01_all_candidates_model_robust_mae": 0.5276653480585008,
      "horizon_01_all_candidates_baseline_robust_mae": 0.5912248439472282,
      "horizon_01_all_candidates_improvement_pct": 10.750477849405218,
      "horizon_01_affected_candidates_model_robust_mae": 0.7380727937793632,
      "horizon_01_affected_candidates_baseline_robust_mae": 0.8144241910254835,
      "horizon_01_affected_candidates_improvement_pct": 9.374893094713002,
      "horizon_02_all_candidates_model_robust_mae": 0.5881474394752076,
      "horizon_02_all_candidates_baseline_robust_mae": 0.6647113446148724,
      "horizon_02_all_candidates_improvement_pct": 11.518368952169025,
      "horizon_02_affected_candidates_model_robust_mae": 0.8583730186221611,
      "horizon_02_affected_candidates_baseline_robust_mae": 0.9614806863858398,
      "horizon_02_affected_candidates_improvement_pct": 10.723841801883255,
      "horizon_03_all_candidates_model_robust_mae": 0.6343721435388538,
      "horizon_03_all_candidates_baseline_robust_mae": 0.7255605942083166,
      "horizon_03_all_candidates_improvement_pct": 12.567999336976335,
      "horizon_03_affected_candidates_model_robust_mae": 0.9513442864938282,
      "horizon_03_affected_candidates_baseline_robust_mae": 1.0792830623658292,