{
  "metrics": {
    "val": {
      "all_candidates_model_robust_mae": 0.7066780029970874,
      "all_candidates_baseline_robust_mae": 0.8218168869426726,
      "all_candidates_improvement_pct": 14.010284501931508,
      "affected_candidates_model_robust_mae": 1.1452281746817847,
      "affected_candidates_baseline_robust_mae": 1.321900093170066,
      "affected_candidates_improvement_pct": 13.36499780891928,
      "unaffected_candidates_model_robust_mae": 0.5278061793092543,
      "unaffected_candidates_baseline_robust_mae": 0.6178475281539271,
      "unaffected_candidates_improvement_pct": 14.573393068951525,
      "horizon_01_all_candidates_model_robust_mae": 0.5279750550687498,
      "horizon_01_all_candidates_baseline_robust_mae": 0.5962882424202636,
      "horizon_01_all_candidates_improvement_pct": 11.456403546418867,
      "horizon_01_affected_candidates_model_robust_mae": 0.7548627467777526,
      "horizon_01_affected_candidates_baseline_robust_mae": 0.8344840254504524,
      "horizon_01_affected_candidates_improvement_pct": 9.54137841401104,
      "horizon_02_all_candidates_model_robust_mae": 0.5871570664922369,
      "horizon_02_all_candidates_baseline_robust_mae": 0.6658843623079687,
      "horizon_02_all_candidates_improvement_pct": 11.822968111589434,
      "horizon_02_affected_candidates_model_robust_mae": 0.8720262990056264,
      "horizon_02_affected_candidates_baseline_robust_mae": 0.9774392338256852,
      "horizon_02_affected_candidates_improvement_pct": 10.784602374459006,
      "horizon_03_all_candidates_model_robust_mae": 0.6278115079113962,
      "horizon_03_all_candidates_baseline_robust_mae": 0.7185090804896771,
      "horizon_03_all_candidates_improvement_pct": 12.623023847724912,
      "horizon_03_affected_candidates_model_robust_mae": 0.9587104890823315,
      "horizon_03_affected_candidates_baseline_robust_mae": 1.0872711996786735,
      "horizon_03_affected_candidates_improvement_pct": 11.82416223609493,
      "horizon_04_all_candidates_model_robust_mae": 0.6664965195310735,
      "horizon_04_all_candidates_baseline_robust_mae": 0.7657993273023962,
      "horizon_04_all_candidates_improvement_pct": 12.96721010726487,
      "horizon_04_affected_candidates_model_robust_mae": 1.0425715413862195,
      "horizon_04_affected_candidates_baseline_robust_mae": 1.187129695928143,
      "horizon_04_affected_candidates_improvement_pct": 12.17711552813127,
      "horizon_05_all_candidates_model_robust_mae": 0.689937155799993,
      "horizon_05_all_candidates_baseline_robust_mae": 0.7988252447729507,
      "horizon_05_all_candidates_improvement_pct": 13.63102752266008,
      "horizon_05_affected_candidates_model_robust_mae": 1.1134565890025976,
      "horizon_05_affected_candidates_baseline_robust_mae": 1.2785870019025969,
      "horizon_05_affected_candidates_improvement_pct": 12.91507051567688,
      "horizon_06_all_candidates_model_robust_mae": 0.7119287039850707,
      "horizon_06_all_candidates_baseline_robust_mae": 0.8271635636319291,
      "horizon_06_all_candidates_improvement_pct": 13.931326851594202,
      "horizon_06_affected_candidates_model_robust_mae": 1.157122766709048,
      "horizon_06_affected_candidates_baseline_robust_mae": 1.3361698379661417,
      "horizon_06_affected_candidates_improvement_pct": 13.400023422892946,
      "horizon_07_all_candidates_model_robust_mae": 0.7338292578840134,
      "horizon_07_all_candidates_baseline_robust_mae": 0.8581669754201103,
      "horizon_07_all_candidates_improvement_pct": 14.488755812961475,
      "horizon_07_affected_candidates_model_robust_mae": 1.2063411476955808,
      "horizon_07_affected_candidates_baseline_robust_mae": 1.396760433062908,
      "horizon_07_affected_candidates_improvement_pct": 13.632923789927476,
      "horizon_08_all_candidates_model_robust_mae": 0.7541378481907759,
      "horizon_08_all_candidates_baseline_robust_mae": 0.8832959456348695,
      "horizon_08_all_candidates_improvement_pct": 14.622290307385155,
      "horizon_08_affected_candidates_model_robust_mae": 1.2562776108851472,
      "horizon_08_affected_candidates_baseline_robust_mae": 1.4631506402253955,
      "horizon_08_affected_candidates_improvement_pct": 14.13887426576801,
      "horizon_09_all_candidates_model_robust_mae": 0.7758524734412909,
      "horizon_09_all_candidates_baseline_robust_mae": 0.9114611392936798,
      "horizon_09_all_candidates_improvement_pct": 14.878162107654562,
      "horizon_09_affected_candidates_model_robust_mae": 1.3049771895807865,
      "horizon_09_affected_candidates_baseline_robust_mae": 1.5233428762195156,
      "horizon_09_affected_candidates_improvement_pct": 14.334637989094608,
      "horizon_10_all_candidates_model_robust_mae": 0.7837969914636679,
      "horizon_10_all_candidates_baseline_robust_mae": 0.9254125011244565,
      "horizon_10_all_candidates_improvement_pct": 15.302960516387392,
      "horizon_10_affected_candidates_model_robust_mae": 1.3174056685289053,
      "horizon_10_affected_candidates_baseline_robust_mae": 1.546078384663797,
      "horizon_10_affected_candidates_improvement_pct": 14.79049952468082,
      "horizon_11_all_candidates_model_robust_mae": 0.8043322059870225,
      "horizon_11_all_candidates_baseline_robust_mae": 0.9489043907745328,
      "horizon_11_all_candidates_improvement_pct": 15.235695628882576,
      "horizon_11_affected_candidates_model_robust_mae": 1.363426722096995,
      "horizon_11_affected_candidates_baseline_robust_mae": 1.6002097212676636,
      "horizon_11_affected_candidates_improvement_pct": 14.796997919940928,
      "horizon_12_all_candidates_model_robust_mae": 0.8169657495872015,
      "horizon_12_all_candidates_baseline_robust_mae": 0.9622013237750741,
      "horizon_12_all_candidates_improvement_pct": 15.09409419829723,
      "horizon_12_affected_candidates_model_robust_mae": 1.3958387773813492,
      "horizon_12_affected_candidates_baseline_robust_mae": 1.6325334546965442,
      "horizon_12_affected_candidates_improvement_pct": 14.498611139285465,
      "affected_node_rate": 0.23040841625624014
    },
    "test": {
      "all_candidates_model_robust_mae": 0.7068175959199927,
      "all_candidates_baseline_robust_mae": 0.8305550675168533,
      "all_candidates_improvement_pct": 14.89816586957971,
      "affected_candidates_model_robust_mae": 1.1018835373589968,
      "affected_candidates_baseline_robust_mae": 1.288427198736098,
      "affected_candidates_improvement_pct": 14.478401384268665,
      "unaffected_candidates_model_robust_mae": 0.521741936658104,
      "unaffected_candidates_baseline_robust_mae": 0.6160567199198358,
      "unaffected_candidates_improvement_pct": 15.309431779918658,
      "horizon_01_all_candidates_model_robust_mae": 0.5234740792681124,
      "horizon_01_all_candidates_baseline_robust_mae": 0.5892743176977213,
      "horizon_01_all_candidates_improvement_pct": 11.166317019667282,
      "horizon_01_affected_candidates_model_robust_mae": 0.7310372146905637,
      "horizon_01_affected_candidates_baseline_robust_mae": 0.8069023430602876,
      "horizon_01_affected_candidates_improvement_pct": 9.402021077543912,
      "horizon_02_all_candidates_model_robust_mae": 0.5840854619440755,
      "horizon_02_all_candidates_baseline_robust_mae": 0.6626268678422095,
      "horizon_02_all_candidates_improvement_pct": 11.853036710373315,
      "horizon_02_affected_candidates_model_robust_mae": 0.8560428946875599,
      "horizon_02_affected_candidates_baseline_robust_mae": 0.9595131967832721,
      "horizon_02_affected_candidates_improvement_pct": 10.783624700795366,
      "horizon_03_all_candidates_model_robust_mae": 0.6252580890147574,
      "horizon_03_all_candidates_baseline_robust_mae": 0.7171255289241326,
      "horizon_03_all_candidates_improvement_pct": 12.8105103226766,
      "horizon_03_affected_candidates_model_robust_mae": 0.9305780537655209,
      "horizon_03_affected_candidates_baseline_robust_mae": 1.055717821613149,