{
  "metrics": {
    "val": {
      "all_candidates_model_robust_mae": 0.7062202038969827,
      "all_candidates_baseline_robust_mae": 0.8218168869426726,
      "all_candidates_improvement_pct": 14.065990232414583,
      "affected_candidates_model_robust_mae": 1.1440147081397058,
      "affected_candidates_baseline_robust_mae": 1.321900093170066,
      "affected_candidates_improvement_pct": 13.456794953676933,
      "unaffected_candidates_model_robust_mae": 0.5276566061331867,
      "unaffected_candidates_baseline_robust_mae": 0.6178475281539271,
      "unaffected_candidates_improvement_pct": 14.597601820990171,
      "horizon_01_all_candidates_model_robust_mae": 0.5274373363813104,
      "horizon_01_all_candidates_baseline_robust_mae": 0.5962882424202636,
      "horizon_01_all_candidates_improvement_pct": 11.546581190247096,
      "horizon_01_affected_candidates_model_robust_mae": 0.7540795820986954,
      "horizon_01_affected_candidates_baseline_robust_mae": 0.8344840254504524,
      "horizon_01_affected_candidates_improvement_pct": 9.635228584316504,
      "horizon_02_all_candidates_model_robust_mae": 0.5869019393367986,
      "horizon_02_all_candidates_baseline_robust_mae": 0.6658843623079687,
      "horizon_02_all_candidates_improvement_pct": 11.861282144757899,
      "horizon_02_affected_candidates_model_robust_mae": 0.8716742307281712,
      "horizon_02_affected_candidates_baseline_robust_mae": 0.9774392338256852,
      "horizon_02_affected_candidates_improvement_pct": 10.820621828689145,
      "horizon_03_all_candidates_model_robust_mae": 0.6275136762164224,
      "horizon_03_all_candidates_baseline_robust_mae": 0.7185090804896771,
      "horizon_03_all_candidates_improvement_pct": 12.664475195113702,
      "horizon_03_affected_candidates_model_robust_mae": 0.9581389629210529,
      "horizon_03_affected_candidates_baseline_robust_mae": 1.0872711996786735,
      "horizon_03_affected_candidates_improvement_pct": 11.876727425115611,
      "horizon_04_all_candidates_model_robust_mae": 0.6662406357519433,
      "horizon_04_all_candidates_baseline_robust_mae": 0.7657993273023962,
      "horizon_04_all_candidates_improvement_pct": 13.000624053974853,
      "horizon_04_affected_candidates_model_robust_mae": 1.042046821876544,
      "horizon_04_affected_candidates_baseline_robust_mae": 1.187129695928143,
      "horizon_04_affected_candidates_improvement_pct": 12.221316217531543,
      "horizon_05_all_candidates_model_robust_mae": 0.6898270965492717,
      "horizon_05_all_candidates_baseline_robust_mae": 0.7988252447729507,
      "horizon_05_all_candidates_improvement_pct": 13.64480516069062,
      "horizon_05_affected_candidates_model_robust_mae": 1.1126198228933408,
      "horizon_05_affected_candidates_baseline_robust_mae": 1.2785870019025969,
      "horizon_05_affected_candidates_improvement_pct": 12.98051511256482,
      "horizon_06_all_candidates_model_robust_mae": 0.7117037092100604,
      "horizon_06_all_candidates_baseline_robust_mae": 0.8271635636319291,
      "horizon_06_all_candidates_improvement_pct": 13.958527611504653,
      "horizon_06_affected_candidates_model_robust_mae": 1.1562288482133571,
      "horizon_06_affected_candidates_baseline_robust_mae": 1.3361698379661417,
      "horizon_06_affected_candidates_improvement_pct": 13.46692498512635,
      "horizon_07_all_candidates_model_robust_mae": 0.7335388432363984,
      "horizon_07_all_candidates_baseline_robust_mae": 0.8581669754201103,
      "horizon_07_all_candidates_improvement_pct": 14.522597088136724,
      "horizon_07_affected_candidates_model_robust_mae": 1.2052874056246912,
      "horizon_07_affected_candidates_baseline_robust_mae": 1.396760433062908,
      "horizon_07_affected_candidates_improvement_pct": 13.70836565139107,
      "horizon_08_all_candidates_model_robust_mae": 0.753804067511235,
      "horizon_08_all_candidates_baseline_robust_mae": 0.8832959456348695,
      "horizon_08_all_candidates_improvement_pct": 14.66007839881594,
      "horizon_08_affected_candidates_model_robust_mae": 1.254950024815292,
      "horizon_08_affected_candidates_baseline_robust_mae": 1.4631506402253955,
      "horizon_08_affected_candidates_improvement_pct": 14.229609015380026,
      "horizon_09_all_candidates_model_robust_mae": 0.7753011279872293,
      "horizon_09_all_candidates_baseline_robust_mae": 0.9114611392936798,
      "horizon_09_all_candidates_improvement_pct": 14.938652394107029,
      "horizon_09_affected_candidates_model_robust_mae": 1.303234568956128,
      "horizon_09_affected_candidates_baseline_robust_mae": 1.5233428762195156,
      "horizon_09_affected_candidates_improvement_pct": 14.449032499474512,
      "horizon_10_all_candidates_model_robust_mae": 0.7829734834614233,
      "horizon_10_all_candidates_baseline_robust_mae": 0.9254125011244565,
      "horizon_10_all_candidates_improvement_pct": 15.391948724483132,
      "horizon_10_affected_candidates_model_robust_mae": 1.3152872382605185,
      "horizon_10_affected_candidates_baseline_robust_mae": 1.546078384663797,
      "horizon_10_affected_candidates_improvement_pct": 14.927519114981052,
      "horizon_11_all_candidates_model_robust_mae": 0.8034539031666219,
      "horizon_11_all_candidates_baseline_robust_mae": 0.9489043907745328,
      "horizon_11_all_candidates_improvement_pct": 15.328255303907756,
      "horizon_11_affected_candidates_model_robust_mae": 1.361316078002663,
      "horizon_11_affected_candidates_baseline_robust_mae": 1.6002097212676636,
      "horizon_11_affected_candidates_improvement_pct": 14.928895887206112,
      "horizon_12_all_candidates_model_robust_mae": 0.8160309390029585,
      "horizon_12_all_candidates_baseline_robust_mae": 0.9622013237750741,
      "horizon_12_all_candidates_improvement_pct": 15.19124752381702,
      "horizon_12_affected_candidates_model_robust_mae": 1.3935911609280494,
      "horizon_12_affected_candidates_baseline_robust_mae": 1.6325334546965442,
      "horizon_12_affected_candidates_improvement_pct": 14.636287733099442,
      "affected_node_rate": 0.23040841625624014
    },
    "test": {
      "all_candidates_model_robust_mae": 0.7066876747885504,
      "all_candidates_baseline_robust_mae": 0.8305550675168533,
      "all_candidates_improvement_pct": 14.913808556804618,
      "affected_candidates_model_robust_mae": 1.1013133889266737,
      "affected_candidates_baseline_robust_mae": 1.288427198736098,
      "affected_candidates_improvement_pct": 14.522652889738463,
      "unaffected_candidates_model_robust_mae": 0.5218182281921687,
      "unaffected_candidates_baseline_robust_mae": 0.6160567199198358,
      "unaffected_candidates_improvement_pct": 15.297047930899907,
      "horizon_01_all_candidates_model_robust_mae": 0.5230646593729015,
      "horizon_01_all_candidates_baseline_robust_mae": 0.5892743176977213,
      "horizon_01_all_candidates_improvement_pct": 11.235795678912186,
      "horizon_01_affected_candidates_model_robust_mae": 0.7304960170165823,
      "horizon_01_affected_candidates_baseline_robust_mae": 0.8069023430602876,
      "horizon_01_affected_candidates_improvement_pct": 9.469092102759783,
      "horizon_02_all_candidates_model_robust_mae": 0.5840081529825957,
      "horizon_02_all_candidates_baseline_robust_mae": 0.6626268678422095,
      "horizon_02_all_candidates_improvement_pct": 11.864703753355075,
      "horizon_02_affected_candidates_model_robust_mae": 0.8557374309701576,
      "horizon_02_affected_candidates_baseline_robust_mae": 0.9595131967832721,
      "horizon_02_affected_candidates_improvement_pct": 10.815459981271582,
      "horizon_03_all_candidates_model_robust_mae": 0.6252178953586917,
      "horizon_03_all_candidates_baseline_robust_mae": 0.7171255289241326,
      "horizon_03_all_candidates_improvement_pct": 12.81611515118216,
      "horizon_03_affected_candidates_model_robust_mae": 0.9304337212166868,
      "horizon_03_affected_candidates_baseline_robust_mae": 1.055717821613149,