{
  "metrics": {
    "val": {
      "all_candidates_model_robust_mae": 0.7165309972172539,
      "all_candidates_baseline_robust_mae": 0.827250102514385,
      "all_candidates_improvement_pct": 13.383994146462598,
      "affected_candidates_model_robust_mae": 1.158602899663674,
      "affected_candidates_baseline_robust_mae": 1.3240686608241723,
      "affected_candidates_improvement_pct": 12.496765919790255,
      "unaffected_candidates_model_robust_mae": 0.5323013415956629,
      "unaffected_candidates_baseline_robust_mae": 0.6202052519238401,
      "unaffected_candidates_improvement_pct": 14.173357941666003,
      "horizon_01_all_candidates_model_robust_mae": 0.5344624571124272,
      "horizon_01_all_candidates_baseline_robust_mae": 0.6003526910613428,
      "horizon_01_all_candidates_improvement_pct": 10.975254201397933,
      "horizon_01_affected_candidates_model_robust_mae": 0.7678993282065384,
      "horizon_01_affected_candidates_baseline_robust_mae": 0.8427632361549119,
      "horizon_01_affected_candidates_improvement_pct": 8.883148283726563,
      "horizon_02_all_candidates_model_robust_mae": 0.5975028587186222,
      "horizon_02_all_candidates_baseline_robust_mae": 0.6733494887504019,
      "horizon_02_all_candidates_improvement_pct": 11.264080733548258,
      "horizon_02_affected_candidates_model_robust_mae": 0.8994232167219423,
      "horizon_02_affected_candidates_baseline_robust_mae": 0.9973475087895826,
      "horizon_02_affected_candidates_improvement_pct": 9.81847261908588,
      "horizon_03_all_candidates_model_robust_mae": 0.644029979120372,
      "horizon_03_all_candidates_baseline_robust_mae": 0.7308534943862844,
      "horizon_03_all_candidates_improvement_pct": 11.879742784676743,
      "horizon_03_affected_candidates_model_robust_mae": 0.9983697129491872,
      "horizon_03_affected_candidates_baseline_robust_mae": 1.116654747019574,
      "horizon_03_affected_candidates_improvement_pct": 10.592802689112052,
      "horizon_04_all_candidates_model_robust_mae": 0.6754827688404175,
      "horizon_04_all_candidates_baseline_robust_mae": 0.773284867237372,
      "horizon_04_all_candidates_improvement_pct": 12.647615715843644,
      "horizon_04_affected_candidates_model_robust_mae": 1.0648009290784437,
      "horizon_04_affected_candidates_baseline_robust_mae": 1.2040969431001207,
      "horizon_04_affected_candidates_improvement_pct": 11.568504913154202,
      "horizon_05_all_candidates_model_robust_mae": 0.701641679877084,
      "horizon_05_all_candidates_baseline_robust_mae": 0.8061880555422644,
      "horizon_05_all_candidates_improvement_pct": 12.967988665480728,
      "horizon_05_affected_candidates_model_robust_mae": 1.1254104386425519,
      "horizon_05_affected_candidates_baseline_robust_mae": 1.2793815410253246,
      "horizon_05_affected_candidates_improvement_pct": 12.034807244395362,
      "horizon_06_all_candidates_model_robust_mae": 0.7250742490697,
      "horizon_06_all_candidates_baseline_robust_mae": 0.837740935448321,
      "horizon_06_all_candidates_improvement_pct": 13.44886964588007,
      "horizon_06_affected_candidates_model_robust_mae": 1.1779569257210625,
      "horizon_06_affected_candidates_baseline_robust_mae": 1.346644229576236,
      "horizon_06_affected_candidates_improvement_pct": 12.526493646228763,
      "horizon_07_all_candidates_model_robust_mae": 0.7447035865339202,
      "horizon_07_all_candidates_baseline_robust_mae": 0.8643465291235348,
      "horizon_07_all_candidates_improvement_pct": 13.842011109934694,
      "horizon_07_affected_candidates_model_robust_mae": 1.2186373991271218,
      "horizon_07_affected_candidates_baseline_robust_mae": 1.401758678996387,
      "horizon_07_affected_candidates_improvement_pct": 13.06368083273606,
      "horizon_08_all_candidates_model_robust_mae": 0.7659427363207972,
      "horizon_08_all_candidates_baseline_robust_mae": 0.8908410379620302,
      "horizon_08_all_candidates_improvement_pct": 14.020268074645704,
      "horizon_08_affected_candidates_model_robust_mae": 1.2652762192339526,
      "horizon_08_affected_candidates_baseline_robust_mae": 1.459318947694711,
      "horizon_08_affected_candidates_improvement_pct": 13.296800453888993,
      "horizon_09_all_candidates_model_robust_mae": 0.7831613024694682,
      "horizon_09_all_candidates_baseline_robust_mae": 0.911975627290561,
      "horizon_09_all_candidates_improvement_pct": 14.124755198096073,
      "horizon_09_affected_candidates_model_robust_mae": 1.3033261203303277,
      "horizon_09_affected_candidates_baseline_robust_mae": 1.5058868829427,
      "horizon_09_affected_candidates_improvement_pct": 13.451260178091331,
      "horizon_10_all_candidates_model_robust_mae": 0.7954753176145728,
      "horizon_10_all_candidates_baseline_robust_mae": 0.9289248027645703,
      "horizon_10_all_candidates_improvement_pct": 14.366015930766293,
      "horizon_10_affected_candidates_model_robust_mae": 1.3304368153570456,
      "horizon_10_affected_candidates_baseline_robust_mae": 1.5406091656416363,
      "horizon_10_affected_candidates_improvement_pct": 13.642158892197532,
      "horizon_11_all_candidates_model_robust_mae": 0.8094255129195967,
      "horizon_11_all_candidates_baseline_robust_mae": 0.9471625830397096,
      "horizon_11_all_candidates_improvement_pct": 14.542072563516609,
      "horizon_11_affected_candidates_model_robust_mae": 1.3611493546222977,
      "horizon_11_affected_candidates_baseline_robust_mae": 1.579863786064337,
      "horizon_11_affected_candidates_improvement_pct": 13.843879033830362,
      "horizon_12_all_candidates_model_robust_mae": 0.8215590365473877,
      "horizon_12_all_candidates_baseline_robust_mae": 0.962095373567048,
      "horizon_12_all_candidates_improvement_pct": 14.607318658919459,
      "horizon_12_affected_candidates_model_robust_mae": 1.390734734136245,
      "horizon_12_affected_candidates_baseline_robust_mae": 1.6147309201281246,
      "horizon_12_affected_candidates_improvement_pct": 13.872044140586967,
      "affected_node_rate": 0.23427743925374256
    },
    "test": {
      "all_candidates_model_robust_mae": 0.7100385476096962,
      "all_candidates_baseline_robust_mae": 0.8328134175155775,
      "all_candidates_improvement_pct": 14.74218202105093,
      "affected_candidates_model_robust_mae": 1.107855300429788,
      "affected_candidates_baseline_robust_mae": 1.293837023264936,
      "affected_candidates_improvement_pct": 14.374431979526456,
      "unaffected_candidates_model_robust_mae": 0.5233910973163582,
      "unaffected_candidates_baseline_robust_mae": 0.6165106205771105,
      "unaffected_candidates_improvement_pct": 15.10428533633108,
      "horizon_01_all_candidates_model_robust_mae": 0.5248941139581059,
      "horizon_01_all_candidates_baseline_robust_mae": 0.591224841429918,
      "horizon_01_all_candidates_improvement_pct": 11.219205084716448,
      "horizon_01_affected_candidates_model_robust_mae": 0.735675828608551,
      "horizon_01_affected_candidates_baseline_robust_mae": 0.8144241979669616,
      "horizon_01_affected_candidates_improvement_pct": 9.669207957596223,
      "horizon_02_all_candidates_model_robust_mae": 0.5855600927589963,
      "horizon_02_all_candidates_baseline_robust_mae": 0.6647113468303868,
      "horizon_02_all_candidates_improvement_pct": 11.907612898262641,
      "horizon_02_affected_candidates_model_robust_mae": 0.8559098521012791,
      "horizon_02_affected_candidates_baseline_robust_mae": 0.9614806884368053,
      "horizon_02_affected_candidates_improvement_pct": 10.98002670310159,
      "horizon_03_all_candidates_model_robust_mae": 0.6315941582226604,
      "horizon_03_all_candidates_baseline_robust_mae": 0.7255605875606053,
      "horizon_03_all_candidates_improvement_pct": 12.950872876635673,
      "horizon_03_affected_candidates_model_robust_mae": 0.9478834487611375,
      "horizon_03_affected_candidates_baseline_robust_mae": 1.0792830611036868,