{
  "metrics": {
    "val": {
      "all_candidates_model_robust_mae": 0.6895282185804826,
      "all_candidates_baseline_robust_mae": 0.7995363859713458,
      "all_candidates_improvement_pct": 13.758994502447283,
      "affected_candidates_model_robust_mae": 1.0893808308735609,
      "affected_candidates_baseline_robust_mae": 1.2584114214889162,
      "affected_candidates_improvement_pct": 13.432061067545236,
      "unaffected_candidates_model_robust_mae": 0.5224322698519005,
      "unaffected_candidates_baseline_robust_mae": 0.6077753549443679,
      "unaffected_candidates_improvement_pct": 14.041879848892384,
      "horizon_01_all_candidates_model_robust_mae": 0.5262283239743122,
      "horizon_01_all_candidates_baseline_robust_mae": 0.5929446607233769,
      "horizon_01_all_candidates_improvement_pct": 11.251697024756503,
      "horizon_01_affected_candidates_model_robust_mae": 0.7432558833545703,
      "horizon_01_affected_candidates_baseline_robust_mae": 0.8216458869390394,
      "horizon_01_affected_candidates_improvement_pct": 9.5406068271702,
      "horizon_02_all_candidates_model_robust_mae": 0.5763913529357843,
      "horizon_02_all_candidates_baseline_robust_mae": 0.6517273449174645,
      "horizon_02_all_candidates_improvement_pct": 11.559433951819363,
      "horizon_02_affected_candidates_model_robust_mae": 0.84146375342391,
      "horizon_02_affected_candidates_baseline_robust_mae": 0.9391720167093849,
      "horizon_02_affected_candidates_improvement_pct": 10.403659984229439,
      "horizon_03_all_candidates_model_robust_mae": 0.6199871416856472,
      "horizon_03_all_candidates_baseline_robust_mae": 0.7087809848382115,
      "horizon_03_all_candidates_improvement_pct": 12.527684158010064,
      "horizon_03_affected_candidates_model_robust_mae": 0.9415888282364981,
      "horizon_03_affected_candidates_baseline_robust_mae": 1.066772891892558,
      "horizon_03_affected_candidates_improvement_pct": 11.734837340492533,
      "horizon_04_all_candidates_model_robust_mae": 0.6506203637068202,
      "horizon_04_all_candidates_baseline_robust_mae": 0.7451416339992527,
      "horizon_04_all_candidates_improvement_pct": 12.685007249578447,
      "horizon_04_affected_candidates_model_robust_mae": 0.9879743775239481,
      "horizon_04_affected_candidates_baseline_robust_mae": 1.1291521056624483,
      "horizon_04_affected_candidates_improvement_pct": 12.50298586262427,
      "horizon_05_all_candidates_model_robust_mae": 0.6721248968739623,
      "horizon_05_all_candidates_baseline_robust_mae": 0.7775164482787248,
      "horizon_05_all_candidates_improvement_pct": 13.55489670193854,
      "horizon_05_affected_candidates_model_robust_mae": 1.0525575398897473,
      "horizon_05_affected_candidates_baseline_robust_mae": 1.2136341483430413,
      "horizon_05_affected_candidates_improvement_pct": 13.272254136323516,
      "horizon_06_all_candidates_model_robust_mae": 0.6922095629185576,
      "horizon_06_all_candidates_baseline_robust_mae": 0.8022793232510516,
      "horizon_06_all_candidates_improvement_pct": 13.719630699998808,
      "horizon_06_affected_candidates_model_robust_mae": 1.099266215573476,
      "horizon_06_affected_candidates_baseline_robust_mae": 1.2700762706095545,
      "horizon_06_affected_candidates_improvement_pct": 13.448802956857126,
      "horizon_07_all_candidates_model_robust_mae": 0.7132964917612755,
      "horizon_07_all_candidates_baseline_robust_mae": 0.8332710728971775,
      "horizon_07_all_candidates_improvement_pct": 14.398025449121333,
      "horizon_07_affected_candidates_model_robust_mae": 1.1450241987521832,
      "horizon_07_affected_candidates_baseline_robust_mae": 1.3287969552553618,
      "horizon_07_affected_candidates_improvement_pct": 13.830010354581376,
      "horizon_08_all_candidates_model_robust_mae": 0.737241458856923,
      "horizon_08_all_candidates_baseline_robust_mae": 0.8590011855154337,
      "horizon_08_all_candidates_improvement_pct": 14.174570269708084,
      "horizon_08_affected_candidates_model_robust_mae": 1.2004550053523138,
      "horizon_08_affected_candidates_baseline_robust_mae": 1.3952351074952345,
      "horizon_08_affected_candidates_improvement_pct": 13.960378512306466,
      "horizon_09_all_candidates_model_robust_mae": 0.7552753167108163,
      "horizon_09_all_candidates_baseline_robust_mae": 0.8850243246432051,
      "horizon_09_all_candidates_improvement_pct": 14.660501900294863,
      "horizon_09_affected_candidates_model_robust_mae": 1.2396191248467676,
      "horizon_09_affected_candidates_baseline_robust_mae": 1.4476606862518318,
      "horizon_09_affected_candidates_improvement_pct": 14.370878713554683,
      "horizon_10_all_candidates_model_robust_mae": 0.7647498694716169,
      "horizon_10_all_candidates_baseline_robust_mae": 0.8987710923573512,
      "horizon_10_all_candidates_improvement_pct": 14.911608086349919,
      "horizon_10_affected_candidates_model_robust_mae": 1.2488111652349327,
      "horizon_10_affected_candidates_baseline_robust_mae": 1.465643201842193,
      "horizon_10_affected_candidates_improvement_pct": 14.794326227196375,
      "horizon_11_all_candidates_model_robust_mae": 0.7756473718720939,
      "horizon_11_all_candidates_baseline_robust_mae": 0.9127843606076878,
      "horizon_11_all_candidates_improvement_pct": 15.024029185194923,
      "horizon_11_affected_candidates_model_robust_mae": 1.270485827186373,
      "horizon_11_affected_candidates_baseline_robust_mae": 1.4943399511726088,
      "horizon_11_affected_candidates_improvement_pct": 14.980133791549731,
      "horizon_12_all_candidates_model_robust_mae": 0.7906612751017217,
      "horizon_12_all_candidates_baseline_robust_mae": 0.927315600304819,
      "horizon_12_all_candidates_improvement_pct": 14.736549795795248,
      "horizon_12_affected_candidates_model_robust_mae": 1.3024784373943226,
      "horizon_12_affected_candidates_baseline_robust_mae": 1.5293312568690351,
      "horizon_12_affected_candidates_improvement_pct": 14.833465180012288,
      "affected_node_rate": 0.23494838741541957
    },
    "test": {
      "all_candidates_model_robust_mae": 0.7042997468189263,
      "all_candidates_baseline_robust_mae": 0.8234128243864272,
      "all_candidates_improvement_pct": 14.46577877339462,
      "affected_candidates_model_robust_mae": 1.0969257706150104,
      "affected_candidates_baseline_robust_mae": 1.272880286139895,
      "affected_candidates_improvement_pct": 13.823335740274505,
      "unaffected_candidates_model_robust_mae": 0.5210141159253512,
      "unaffected_candidates_baseline_robust_mae": 0.6135924538478237,
      "unaffected_candidates_improvement_pct": 15.087919895676023,
      "horizon_01_all_candidates_model_robust_mae": 0.5211315145648194,
      "horizon_01_all_candidates_baseline_robust_mae": 0.5863519605043456,
      "horizon_01_all_candidates_improvement_pct": 11.12308823584854,
      "horizon_01_affected_candidates_model_robust_mae": 0.7311954694205537,
      "horizon_01_affected_candidates_baseline_robust_mae": 0.8031333235223636,
      "horizon_01_affected_candidates_improvement_pct": 8.95714970290443,
      "horizon_02_all_candidates_model_robust_mae": 0.582993802954553,
      "horizon_02_all_candidates_baseline_robust_mae": 0.6569048889229767,
      "horizon_02_all_candidates_improvement_pct": 11.251413593466173,
      "horizon_02_affected_candidates_model_robust_mae": 0.8592156306640213,
      "horizon_02_affected_candidates_baseline_robust_mae": 0.9531313926453509,
      "horizon_02_affected_candidates_improvement_pct": 9.85339090769771,
      "horizon_03_all_candidates_model_robust_mae": 0.6255107474749558,
      "horizon_03_all_candidates_baseline_robust_mae": 0.7140641069932852,
      "horizon_03_all_candidates_improvement_pct": 12.40131784402406,
      "horizon_03_affected_candidates_model_robust_mae": 0.9293242867080856,
      "horizon_03_affected_candidates_baseline_robust_mae": 1.0451551416441651,