{
  "metrics": {
    "val": {
      "all_candidates_model_robust_mae": 0.7063925427478146,
      "all_candidates_baseline_robust_mae": 0.8218168881689608,
      "all_candidates_improvement_pct": 14.045019892243397,
      "affected_candidates_model_robust_mae": 1.1447033247988958,
      "affected_candidates_baseline_robust_mae": 1.3219000995193382,
      "affected_candidates_improvement_pct": 13.40470242682285,
      "unaffected_candidates_model_robust_mae": 0.5276183599702817,
      "unaffected_candidates_baseline_robust_mae": 0.6178475316068376,
      "unaffected_candidates_improvement_pct": 14.60379252497726,
      "horizon_01_all_candidates_model_robust_mae": 0.5277095029876135,
      "horizon_01_all_candidates_baseline_robust_mae": 0.5962882497768883,
      "horizon_01_all_candidates_improvement_pct": 11.50093881858895,
      "horizon_01_affected_candidates_model_robust_mae": 0.7545732602868037,
      "horizon_01_affected_candidates_baseline_robust_mae": 0.8344840373537125,
      "horizon_01_affected_candidates_improvement_pct": 9.576070181080887,
      "horizon_02_all_candidates_model_robust_mae": 0.5869806585124951,
      "horizon_02_all_candidates_baseline_robust_mae": 0.6658843733432382,
      "horizon_02_all_candidates_improvement_pct": 11.84946185695684,
      "horizon_02_affected_candidates_model_robust_mae": 0.8718097929891665,
      "horizon_02_affected_candidates_baseline_robust_mae": 0.9774392385869892,
      "horizon_02_affected_candidates_improvement_pct": 10.80675313900057,
      "horizon_03_all_candidates_model_robust_mae": 0.6276327452447443,
      "horizon_03_all_candidates_baseline_robust_mae": 0.7185090786500914,
      "horizon_03_all_candidates_improvement_pct": 12.647903291087456,
      "horizon_03_affected_candidates_model_robust_mae": 0.9583833083247248,
      "horizon_03_affected_candidates_baseline_robust_mae": 1.0872711965038102,
      "horizon_03_affected_candidates_improvement_pct": 11.854253896684892,
      "horizon_04_all_candidates_model_robust_mae": 0.6663144422435684,
      "horizon_04_all_candidates_baseline_robust_mae": 0.7657993052305269,
      "horizon_04_all_candidates_improvement_pct": 12.990983709107802,
      "horizon_04_affected_candidates_model_robust_mae": 1.0422373089536283,
      "horizon_04_affected_candidates_baseline_robust_mae": 1.187129700689447,
      "horizon_04_affected_candidates_improvement_pct": 12.205270548927368,
      "horizon_05_all_candidates_model_robust_mae": 0.6897705771512993,
      "horizon_05_all_candidates_baseline_robust_mae": 0.7988252539690779,
      "horizon_05_all_candidates_improvement_pct": 13.651881469185504,
      "horizon_05_affected_candidates_model_robust_mae": 1.1130190928874175,
      "horizon_05_affected_candidates_baseline_robust_mae": 1.2785870320543862,
      "horizon_05_affected_candidates_improvement_pct": 12.949289724997463,
      "horizon_06_all_candidates_model_robust_mae": 0.7117031013323121,
      "horizon_06_all_candidates_baseline_robust_mae": 0.8271635535159605,
      "horizon_06_all_candidates_improvement_pct": 13.958600048668677,
      "horizon_06_affected_candidates_model_robust_mae": 1.1566613267081096,
      "horizon_06_affected_candidates_baseline_robust_mae": 1.3361698332050853,
      "horizon_06_affected_candidates_improvement_pct": 13.43455764649219,
      "horizon_07_all_candidates_model_robust_mae": 0.733566769879429,
      "horizon_07_all_candidates_baseline_robust_mae": 0.8581669699021014,
      "horizon_07_all_candidates_improvement_pct": 14.519342318300433,
      "horizon_07_affected_candidates_model_robust_mae": 1.2058399026647337,
      "horizon_07_affected_candidates_baseline_robust_mae": 1.3967604632186175,
      "horizon_07_affected_candidates_improvement_pct": 13.66881191023527,
      "horizon_08_all_candidates_model_robust_mae": 0.7538713669870859,
      "horizon_08_all_candidates_baseline_robust_mae": 0.883295949313542,
      "horizon_08_all_candidates_improvement_pct": 14.652459623191879,
      "horizon_08_affected_candidates_model_robust_mae": 1.2557287214202595,
      "horizon_08_affected_candidates_baseline_robust_mae": 1.4631506608582496,
      "horizon_08_affected_candidates_improvement_pct": 14.176389690199187,
      "horizon_09_all_candidates_model_robust_mae": 0.7755236334070497,
      "horizon_09_all_candidates_baseline_robust_mae": 0.9114611282562483,
      "horizon_09_all_candidates_improvement_pct": 14.914239415702335,
      "horizon_09_affected_candidates_model_robust_mae": 1.3042720300861617,
      "horizon_09_affected_candidates_baseline_robust_mae": 1.5233428746320015,
      "horizon_09_affected_candidates_improvement_pct": 14.380928167518517,
      "horizon_10_all_candidates_model_robust_mae": 0.783363144799265,
      "horizon_10_all_candidates_baseline_robust_mae": 0.9254124956052001,
      "horizon_10_all_candidates_improvement_pct": 15.349841446979577,
      "horizon_10_affected_candidates_model_robust_mae": 1.3165810571773051,
      "horizon_10_affected_candidates_baseline_robust_mae": 1.546078384663797,
      "horizon_10_affected_candidates_improvement_pct": 14.843835200270092,
      "horizon_11_all_candidates_model_robust_mae": 0.8038514289728038,
      "horizon_11_all_candidates_baseline_robust_mae": 0.9489043962937059,
      "horizon_11_all_candidates_improvement_pct": 15.286362660712678,
      "horizon_11_affected_candidates_model_robust_mae": 1.362598316389891,
      "horizon_11_affected_candidates_baseline_robust_mae": 1.600209733968768,
      "horizon_11_affected_candidates_improvement_pct": 14.848767166886553,
      "horizon_12_all_candidates_model_robust_mae": 0.8165075786524778,
      "horizon_12_all_candidates_baseline_robust_mae": 0.9622013016987141,
      "horizon_12_all_candidates_improvement_pct": 15.141709202536095,
      "horizon_12_affected_candidates_model_robust_mae": 1.3950148901011519,
      "horizon_12_affected_candidates_baseline_robust_mae": 1.6325334372307085,
      "horizon_12_affected_candidates_improvement_pct": 14.549077018138323,
      "affected_node_rate": 0.23040841625624014
    },
    "test": {
      "all_candidates_model_robust_mae": 0.7066317120823064,
      "all_candidates_baseline_robust_mae": 0.8305550588112532,
      "all_candidates_improvement_pct": 14.920545653687835,
      "affected_candidates_model_robust_mae": 1.1015306520959995,
      "affected_candidates_baseline_robust_mae": 1.288427202634489,
      "affected_candidates_improvement_pct": 14.505790482872138,
      "unaffected_candidates_model_robust_mae": 0.5216342679717867,
      "unaffected_candidates_baseline_robust_mae": 0.6160567217461063,
      "unaffected_candidates_improvement_pct": 15.326909104521327,
      "horizon_01_all_candidates_model_robust_mae": 0.5232765569957833,
      "horizon_01_all_candidates_baseline_robust_mae": 0.5892743111770206,
      "horizon_01_all_candidates_improvement_pct": 11.199835616355454,
      "horizon_01_affected_candidates_model_robust_mae": 0.7308087876702163,
      "horizon_01_affected_candidates_baseline_robust_mae": 0.8069023321008759,
      "horizon_01_affected_candidates_improvement_pct": 9.430328975817943,
      "horizon_02_all_candidates_model_robust_mae": 0.583992426172537,
      "horizon_02_all_candidates_baseline_robust_mae": 0.6626268622511173,
      "horizon_02_all_candidates_improvement_pct": 11.86707641332839,
      "horizon_02_affected_candidates_model_robust_mae": 0.8558692589565273,
      "horizon_02_affected_candidates_baseline_robust_mae": 0.9595131865520382,
      "horizon_02_affected_candidates_improvement_pct": 10.80171998135326,
      "horizon_03_all_candidates_model_robust_mae": 0.6251530837173891,
      "horizon_03_all_candidates_baseline_robust_mae": 0.7171255289241326,
      "horizon_03_all_candidates_improvement_pct": 12.825152849421658,
      "horizon_03_affected_candidates_model_robust_mae": 0.9303812702711906,
      "horizon_03_affected_candidates_baseline_robust_mae": 1.0557178274597083,