{
  "metrics": {
    "val": {
      "all_candidates_model_robust_mae": 0.7063981750890619,
      "all_candidates_baseline_robust_mae": 0.8218168869426726,
      "all_candidates_improvement_pct": 14.044334411646373,
      "affected_candidates_model_robust_mae": 1.1447988580639346,
      "affected_candidates_baseline_robust_mae": 1.321900093170066,
      "affected_candidates_improvement_pct": 13.397475045290497,
      "unaffected_candidates_model_robust_mae": 0.5275873338431855,
      "unaffected_candidates_baseline_robust_mae": 0.6178475281539271,
      "unaffected_candidates_improvement_pct": 14.608813695578093,
      "horizon_01_all_candidates_model_robust_mae": 0.5277054697181318,
      "horizon_01_all_candidates_baseline_robust_mae": 0.5962882424202636,
      "horizon_01_all_candidates_improvement_pct": 11.501614122687105,
      "horizon_01_affected_candidates_model_robust_mae": 0.7545465231840717,
      "horizon_01_affected_candidates_baseline_robust_mae": 0.8344840254504524,
      "horizon_01_affected_candidates_improvement_pct": 9.579272919362438,
      "horizon_02_all_candidates_model_robust_mae": 0.5869628678187763,
      "horizon_02_all_candidates_baseline_robust_mae": 0.6658843623079687,
      "horizon_02_all_candidates_improvement_pct": 11.85213213532285,
      "horizon_02_affected_candidates_model_robust_mae": 0.8718345739894964,
      "horizon_02_affected_candidates_baseline_robust_mae": 0.9774392338256852,
      "horizon_02_affected_candidates_improvement_pct": 10.804217406217006,
      "horizon_03_all_candidates_model_robust_mae": 0.6276275585326757,
      "horizon_03_all_candidates_baseline_robust_mae": 0.7185090804896771,
      "horizon_03_all_candidates_improvement_pct": 12.64862538620444,
      "horizon_03_affected_candidates_model_robust_mae": 0.9584602336709424,
      "horizon_03_affected_candidates_baseline_robust_mae": 1.0872711996786735,
      "horizon_03_affected_candidates_improvement_pct": 11.84717907048391,
      "horizon_04_all_candidates_model_robust_mae": 0.666317874419245,
      "horizon_04_all_candidates_baseline_robust_mae": 0.7657993273023962,
      "horizon_04_all_candidates_improvement_pct": 12.990538034759641,
      "horizon_04_affected_candidates_model_robust_mae": 1.0423441208738413,
      "horizon_04_affected_candidates_baseline_robust_mae": 1.187129695928143,
      "horizon_04_affected_candidates_improvement_pct": 12.196272703051442,
      "horizon_05_all_candidates_model_robust_mae": 0.6897757968731166,
      "horizon_05_all_candidates_baseline_robust_mae": 0.7988252447729507,
      "horizon_05_all_candidates_improvement_pct": 13.65122705039562,
      "horizon_05_affected_candidates_model_robust_mae": 1.1131495342887925,
      "horizon_05_affected_candidates_baseline_robust_mae": 1.2785870019025969,
      "horizon_05_affected_candidates_improvement_pct": 12.93908567564239,
      "horizon_06_all_candidates_model_robust_mae": 0.7117045791833584,
      "horizon_06_all_candidates_baseline_robust_mae": 0.8271635636319291,
      "horizon_06_all_candidates_improvement_pct": 13.958422436018667,
      "horizon_06_affected_candidates_model_robust_mae": 1.156764252812756,
      "horizon_06_affected_candidates_baseline_robust_mae": 1.3361698379661417,
      "horizon_06_affected_candidates_improvement_pct": 13.426854884441113,
      "horizon_07_all_candidates_model_robust_mae": 0.7335656451252821,
      "horizon_07_all_candidates_baseline_robust_mae": 0.8581669754201103,
      "horizon_07_all_candidates_improvement_pct": 14.519473932660997,
      "horizon_07_affected_candidates_model_robust_mae": 1.2059360216084007,
      "horizon_07_affected_candidates_baseline_robust_mae": 1.396760433062908,
      "horizon_07_affected_candidates_improvement_pct": 13.661928483759734,
      "horizon_08_all_candidates_model_robust_mae": 0.7538634596803357,
      "horizon_08_all_candidates_baseline_robust_mae": 0.8832959456348695,
      "horizon_08_all_candidates_improvement_pct": 14.653354472436082,
      "horizon_08_affected_candidates_model_robust_mae": 1.2558257831266375,
      "horizon_08_affected_candidates_baseline_robust_mae": 1.4631506402253955,
      "horizon_08_affected_candidates_improvement_pct": 14.169754733307572,
      "horizon_09_all_candidates_model_robust_mae": 0.7755356770843145,
      "horizon_09_all_candidates_baseline_robust_mae": 0.9114611392936798,
      "horizon_09_all_candidates_improvement_pct": 14.912919086676396,
      "horizon_09_affected_candidates_model_robust_mae": 1.3044047129307066,
      "horizon_09_affected_candidates_baseline_robust_mae": 1.5233428762195156,
      "horizon_09_affected_candidates_improvement_pct": 14.37221827774903,
      "horizon_10_all_candidates_model_robust_mae": 0.7833870045444526,
      "horizon_10_all_candidates_baseline_robust_mae": 0.9254125011244565,
      "horizon_10_all_candidates_improvement_pct": 15.347263669707353,
      "horizon_10_affected_candidates_model_robust_mae": 1.3167247497314059,
      "horizon_10_affected_candidates_baseline_robust_mae": 1.546078384663797,
      "horizon_10_affected_candidates_improvement_pct": 14.834541198392435,
      "horizon_11_all_candidates_model_robust_mae": 0.8038881949448495,
      "horizon_11_all_candidates_baseline_robust_mae": 0.9489043907745328,
      "horizon_11_all_candidates_improvement_pct": 15.28248759722941,
      "horizon_11_affected_candidates_model_robust_mae": 1.3627273199176482,
      "horizon_11_affected_candidates_baseline_robust_mae": 1.6002097212676636,
      "horizon_11_affected_candidates_improvement_pct": 14.840704827232596,
      "horizon_12_all_candidates_model_robust_mae": 0.8165284546103564,
      "horizon_12_all_candidates_baseline_robust_mae": 0.9622013237750741,
      "horizon_12_all_candidates_improvement_pct": 15.139541545545663,
      "horizon_12_affected_candidates_model_robust_mae": 1.3951477146049445,
      "horizon_12_affected_candidates_baseline_robust_mae": 1.6325334546965442,
      "horizon_12_affected_candidates_improvement_pct": 14.540941835444658,
      "affected_node_rate": 0.23040841625624014
    },
    "test": {
      "all_candidates_model_robust_mae": 0.7066064925807991,
      "all_candidates_baseline_robust_mae": 0.8305550675168533,
      "all_candidates_improvement_pct": 14.923583008966355,
      "affected_candidates_model_robust_mae": 1.1015838125027444,
      "affected_candidates_baseline_robust_mae": 1.288427198736098,
      "affected_candidates_improvement_pct": 14.501664231913175,
      "unaffected_candidates_model_robust_mae": 0.5215723665355726,
      "unaffected_candidates_baseline_robust_mae": 0.6160567199198358,
      "unaffected_candidates_improvement_pct": 15.336956862763861,
      "horizon_01_all_candidates_model_robust_mae": 0.523232920000645,
      "horizon_01_all_candidates_baseline_robust_mae": 0.5892743176977213,
      "horizon_01_all_candidates_improvement_pct": 11.207241808042514,
      "horizon_01_affected_candidates_model_robust_mae": 0.730766672111887,
      "horizon_01_affected_candidates_baseline_robust_mae": 0.8069023430602876,
      "horizon_01_affected_candidates_improvement_pct": 9.43554961801768,
      "horizon_02_all_candidates_model_robust_mae": 0.58392681657115,
      "horizon_02_all_candidates_baseline_robust_mae": 0.6626268678422095,
      "horizon_02_all_candidates_improvement_pct": 11.876978596919834,
      "horizon_02_affected_candidates_model_robust_mae": 0.8558262190789897,
      "horizon_02_affected_candidates_baseline_robust_mae": 0.9595131967832721,
      "horizon_02_affected_candidates_improvement_pct": 10.806206527631787,
      "horizon_03_all_candidates_model_robust_mae": 0.6251298711959873,
      "horizon_03_all_candidates_baseline_robust_mae": 0.7171255289241326,
      "horizon_03_all_candidates_improvement_pct": 12.828389733407176,
      "horizon_03_affected_candidates_model_robust_mae": 0.9304188899572762,
      "horizon_03_affected_candidates_baseline_robust_mae": 1.055717821613149,