{
  "metrics": {
    "val": {
      "all_candidates_model_robust_mae": 0.7152199323249083,
      "all_candidates_baseline_robust_mae": 0.827250102514385,
      "all_candidates_improvement_pct": 13.54247885240106,
      "affected_candidates_model_robust_mae": 1.1569387571223735,
      "affected_candidates_baseline_robust_mae": 1.3240686608241723,
      "affected_candidates_improvement_pct": 12.622449926257454,
      "unaffected_candidates_model_robust_mae": 0.5311374109582621,
      "unaffected_candidates_baseline_robust_mae": 0.6202052519238401,
      "unaffected_candidates_improvement_pct": 14.361026561657592,
      "horizon_01_all_candidates_model_robust_mae": 0.5331307187678981,
      "horizon_01_all_candidates_baseline_robust_mae": 0.6003526910613428,
      "horizon_01_all_candidates_improvement_pct": 11.197080198742064,
      "horizon_01_affected_candidates_model_robust_mae": 0.7670767959698627,
      "horizon_01_affected_candidates_baseline_robust_mae": 0.8427632361549119,
      "horizon_01_affected_candidates_improvement_pct": 8.980747728195512,
      "horizon_02_all_candidates_model_robust_mae": 0.5969441464809634,
      "horizon_02_all_candidates_baseline_robust_mae": 0.6733494887504019,
      "horizon_02_all_candidates_improvement_pct": 11.347055807710065,
      "horizon_02_affected_candidates_model_robust_mae": 0.8993162816876438,
      "horizon_02_affected_candidates_baseline_robust_mae": 0.9973475087895826,
      "horizon_02_affected_candidates_improvement_pct": 9.829194562376065,
      "horizon_03_all_candidates_model_robust_mae": 0.643513730855852,
      "horizon_03_all_candidates_baseline_robust_mae": 0.7308534943862844,
      "horizon_03_all_candidates_improvement_pct": 11.950379139087763,
      "horizon_03_affected_candidates_model_robust_mae": 0.997992496506561,
      "horizon_03_affected_candidates_baseline_robust_mae": 1.116654747019574,
      "horizon_03_affected_candidates_improvement_pct": 10.626583626651882,
      "horizon_04_all_candidates_model_robust_mae": 0.6748153709264053,
      "horizon_04_all_candidates_baseline_robust_mae": 0.773284867237372,
      "horizon_04_all_candidates_improvement_pct": 12.733922579237532,
      "horizon_04_affected_candidates_model_robust_mae": 1.0646202020186957,
      "horizon_04_affected_candidates_baseline_robust_mae": 1.2040969431001207,
      "horizon_04_affected_candidates_improvement_pct": 11.583514257774139,
      "horizon_05_all_candidates_model_robust_mae": 0.701177071744976,
      "horizon_05_all_candidates_baseline_robust_mae": 0.8061880555422644,
      "horizon_05_all_candidates_improvement_pct": 13.025618908066686,
      "horizon_05_affected_candidates_model_robust_mae": 1.124939324755045,
      "horizon_05_affected_candidates_baseline_robust_mae": 1.2793815410253246,
      "horizon_05_affected_candidates_improvement_pct": 12.071630808938062,
      "horizon_06_all_candidates_model_robust_mae": 0.7238916143894308,
      "horizon_06_all_candidates_baseline_robust_mae": 0.837740935448321,
      "horizon_06_all_candidates_improvement_pct": 13.5900391447343,
      "horizon_06_affected_candidates_model_robust_mae": 1.1762852615686252,
      "horizon_06_affected_candidates_baseline_robust_mae": 1.346644229576236,
      "horizon_06_affected_candidates_improvement_pct": 12.650629191142752,
      "horizon_07_all_candidates_model_robust_mae": 0.7434694698119803,
      "horizon_07_all_candidates_baseline_robust_mae": 0.8643465291235348,
      "horizon_07_all_candidates_improvement_pct": 13.984791427823097,
      "horizon_07_affected_candidates_model_robust_mae": 1.2160391574692468,
      "horizon_07_affected_candidates_baseline_robust_mae": 1.401758678996387,
      "horizon_07_affected_candidates_improvement_pct": 13.24903667870344,
      "horizon_08_all_candidates_model_robust_mae": 0.7644240060358258,
      "horizon_08_all_candidates_baseline_robust_mae": 0.8908410379620302,
      "horizon_08_all_candidates_improvement_pct": 14.190750822998407,
      "horizon_08_affected_candidates_model_robust_mae": 1.2636846390415009,
      "horizon_08_affected_candidates_baseline_robust_mae": 1.459318947694711,
      "horizon_08_affected_candidates_improvement_pct": 13.405863671012705,
      "horizon_09_all_candidates_model_robust_mae": 0.7809440578623316,
      "horizon_09_all_candidates_baseline_robust_mae": 0.911975627290561,
      "horizon_09_all_candidates_improvement_pct": 14.36788062171337,
      "horizon_09_affected_candidates_model_robust_mae": 1.299814221086176,
      "horizon_09_affected_candidates_baseline_robust_mae": 1.5058868829427,
      "horizon_09_affected_candidates_improvement_pct": 13.684471535725905,
      "horizon_10_all_candidates_model_robust_mae": 0.7931487180523545,
      "horizon_10_all_candidates_baseline_robust_mae": 0.9289248027645703,
      "horizon_10_all_candidates_improvement_pct": 14.616477491841428,
      "horizon_10_affected_candidates_model_robust_mae": 1.3268199990099707,
      "horizon_10_affected_candidates_baseline_robust_mae": 1.5406091656416363,
      "horizon_10_affected_candidates_improvement_pct": 13.876924232280949,
      "horizon_11_all_candidates_model_robust_mae": 0.8074281605848899,
      "horizon_11_all_candidates_baseline_robust_mae": 0.9471625830397096,
      "horizon_11_all_candidates_improvement_pct": 14.752950016920314,
      "horizon_11_affected_candidates_model_robust_mae": 1.3581958677441408,
      "horizon_11_affected_candidates_baseline_robust_mae": 1.579863786064337,
      "horizon_11_affected_candidates_improvement_pct": 14.03082469991936,
      "horizon_12_all_candidates_model_robust_mae": 0.8198411172865208,
      "horizon_12_all_candidates_baseline_robust_mae": 0.962095373567048,
      "horizon_12_all_candidates_improvement_pct": 14.785878842043262,
      "horizon_12_affected_candidates_model_robust_mae": 1.3886663681725393,
      "horizon_12_affected_candidates_baseline_robust_mae": 1.6147309201281246,
      "horizon_12_affected_candidates_improvement_pct": 14.00013767852093,
      "affected_node_rate": 0.23427743925374256
    },
    "test": {
      "all_candidates_model_robust_mae": 0.7086055450315183,
      "all_candidates_baseline_robust_mae": 0.8328134175155775,
      "all_candidates_improvement_pct": 14.914249683271454,
      "affected_candidates_model_robust_mae": 1.105192992733606,
      "affected_candidates_baseline_robust_mae": 1.293837023264936,
      "affected_candidates_improvement_pct": 14.580200376033138,
      "unaffected_candidates_model_robust_mae": 0.5225348582608017,
      "unaffected_candidates_baseline_robust_mae": 0.6165106205771105,
      "unaffected_candidates_improvement_pct": 15.243170057368815,
      "horizon_01_all_candidates_model_robust_mae": 0.5237236662125745,
      "horizon_01_all_candidates_baseline_robust_mae": 0.591224841429918,
      "horizon_01_all_candidates_improvement_pct": 11.417175072361186,
      "horizon_01_affected_candidates_model_robust_mae": 0.7344450231085092,
      "horizon_01_affected_candidates_baseline_robust_mae": 0.8144241979669616,
      "horizon_01_affected_candidates_improvement_pct": 9.82033380861025,
      "horizon_02_all_candidates_model_robust_mae": 0.5850018455637893,
      "horizon_02_all_candidates_baseline_robust_mae": 0.6647113468303868,
      "horizon_02_all_candidates_improvement_pct": 11.991596299158228,
      "horizon_02_affected_candidates_model_robust_mae": 0.854840372028233,
      "horizon_02_affected_candidates_baseline_robust_mae": 0.9614806884368053,
      "horizon_02_affected_candidates_improvement_pct": 11.091259314001435,
      "horizon_03_all_candidates_model_robust_mae": 0.6313061358533969,
      "horizon_03_all_candidates_baseline_robust_mae": 0.7255605875606053,
      "horizon_03_all_candidates_improvement_pct": 12.990569405664608,
      "horizon_03_affected_candidates_model_robust_mae": 0.9474943157396873,
      "horizon_03_affected_candidates_baseline_robust_mae": 1.0792830611036868,