{
  "metrics": {
    "val": {
      "all_candidates_model_robust_mae": 0.698330389481006,
      "all_candidates_baseline_robust_mae": 0.812272253538368,
      "all_candidates_improvement_pct": 14.027546005790025,
      "affected_candidates_model_robust_mae": 1.1247502486798464,
      "affected_candidates_baseline_robust_mae": 1.2999156952298925,
      "affected_candidates_improvement_pct": 13.475138979614194,
      "unaffected_candidates_model_robust_mae": 0.5238799854703916,
      "unaffected_candidates_baseline_robust_mae": 0.6127749966054564,
      "unaffected_candidates_improvement_pct": 14.50695795806125,
      "horizon_01_all_candidates_model_robust_mae": 0.5250836682601874,
      "horizon_01_all_candidates_baseline_robust_mae": 0.5925561872164117,
      "horizon_01_all_candidates_improvement_pct": 11.38668710442174,
      "horizon_01_affected_candidates_model_robust_mae": 0.7503508947586788,
      "horizon_01_affected_candidates_baseline_robust_mae": 0.8310821840812233,
      "horizon_01_affected_candidates_improvement_pct": 9.713995904243143,
      "horizon_02_all_candidates_model_robust_mae": 0.5835830702973986,
      "horizon_02_all_candidates_baseline_robust_mae": 0.6605090726494501,
      "horizon_02_all_candidates_improvement_pct": 11.646471719681916,
      "horizon_02_affected_candidates_model_robust_mae": 0.8674154003972367,
      "horizon_02_affected_candidates_baseline_robust_mae": 0.969432654323763,
      "horizon_02_affected_candidates_improvement_pct": 10.523397728714778,
      "horizon_03_all_candidates_model_robust_mae": 0.624338225568337,
      "horizon_03_all_candidates_baseline_robust_mae": 0.7156650011947023,
      "horizon_03_all_candidates_improvement_pct": 12.761106868983132,
      "horizon_03_affected_candidates_model_robust_mae": 0.9585023903901458,
      "horizon_03_affected_candidates_baseline_robust_mae": 1.0868382318468646,
      "horizon_03_affected_candidates_improvement_pct": 11.80818245955864,
      "horizon_04_all_candidates_model_robust_mae": 0.6597426060877359,
      "horizon_04_all_candidates_baseline_robust_mae": 0.7587719564434949,
      "horizon_04_all_candidates_improvement_pct": 13.051266525443026,
      "horizon_04_affected_candidates_model_robust_mae": 1.0238398622297764,
      "horizon_04_affected_candidates_baseline_robust_mae": 1.1706791141493218,
      "horizon_04_affected_candidates_improvement_pct": 12.54308291185725,
      "horizon_05_all_candidates_model_robust_mae": 0.681264080462761,
      "horizon_05_all_candidates_baseline_robust_mae": 0.78826782591811,
      "horizon_05_all_candidates_improvement_pct": 13.574541791138023,
      "horizon_05_affected_candidates_model_robust_mae": 1.0881159530891562,
      "horizon_05_affected_candidates_baseline_robust_mae": 1.250857173134531,
      "horizon_05_affected_candidates_improvement_pct": 13.010375887884988,
      "horizon_06_all_candidates_model_robust_mae": 0.704386662953132,
      "horizon_06_all_candidates_baseline_robust_mae": 0.8191494627034623,
      "horizon_06_all_candidates_improvement_pct": 14.009995120008426,
      "horizon_06_affected_candidates_model_robust_mae": 1.1382188723825128,
      "horizon_06_affected_candidates_baseline_robust_mae": 1.3189782477938825,
      "horizon_06_affected_candidates_improvement_pct": 13.7045001093617,
      "horizon_07_all_candidates_model_robust_mae": 0.7250257814931462,
      "horizon_07_all_candidates_baseline_robust_mae": 0.8484080569173638,
      "horizon_07_all_candidates_improvement_pct": 14.542798647212182,
      "horizon_07_affected_candidates_model_robust_mae": 1.1843284675516934,
      "horizon_07_affected_candidates_baseline_robust_mae": 1.373737024284366,
      "horizon_07_affected_candidates_improvement_pct": 13.78783226952357,
      "horizon_08_all_candidates_model_robust_mae": 0.7461406680226296,
      "horizon_08_all_candidates_baseline_robust_mae": 0.8730975337730842,
      "horizon_08_all_candidates_improvement_pct": 14.540971751668055,
      "horizon_08_affected_candidates_model_robust_mae": 1.2330942695208185,
      "horizon_08_affected_candidates_baseline_robust_mae": 1.436019830312394,
      "horizon_08_affected_candidates_improvement_pct": 14.131111319502523,
      "horizon_09_all_candidates_model_robust_mae": 0.7633933199784355,
      "horizon_09_all_candidates_baseline_robust_mae": 0.8976867136473045,
      "horizon_09_all_candidates_improvement_pct": 14.959939991005815,
      "horizon_09_affected_candidates_model_robust_mae": 1.2717838008929412,
      "horizon_09_affected_candidates_baseline_robust_mae": 1.4868423174878904,
      "horizon_09_affected_candidates_improvement_pct": 14.46411055600728,
      "horizon_10_all_candidates_model_robust_mae": 0.7724009643870701,
      "horizon_10_all_candidates_baseline_robust_mae": 0.9113789985417645,
      "horizon_10_all_candidates_improvement_pct": 15.249203062289535,
      "horizon_10_affected_candidates_model_robust_mae": 1.2867245246386543,
      "horizon_10_affected_candidates_baseline_robust_mae": 1.5105281051277468,
      "horizon_10_affected_candidates_improvement_pct": 14.816247359407143,
      "horizon_11_all_candidates_model_robust_mae": 0.7905300556828887,
      "horizon_11_all_candidates_baseline_robust_mae": 0.9332737739183414,
      "horizon_11_all_candidates_improvement_pct": 15.294945837398231,
      "horizon_11_affected_candidates_model_robust_mae": 1.3305769190211845,
      "horizon_11_affected_candidates_baseline_robust_mae": 1.564404800238793,
      "horizon_11_affected_candidates_improvement_pct": 14.946763215116487,
      "horizon_12_all_candidates_model_robust_mae": 0.8041241402008714,
      "horizon_12_all_candidates_baseline_robust_mae": 0.9485655322208022,
      "horizon_12_all_candidates_improvement_pct": 15.227349836522254,
      "horizon_12_affected_candidates_model_robust_mae": 1.3642639171639817,
      "horizon_12_affected_candidates_baseline_robust_mae": 1.5998585408337254,
      "horizon_12_affected_candidates_improvement_pct": 14.725965931148489,
      "affected_node_rate": 0.2311284046692607
    },
    "test": {
      "all_candidates_model_robust_mae": 0.7091743295556422,
      "all_candidates_baseline_robust_mae": 0.8330488830427023,
      "all_candidates_improvement_pct": 14.87002215699631,
      "affected_candidates_model_robust_mae": 1.1031659087499566,
      "affected_candidates_baseline_robust_mae": 1.2900944477339138,
      "affected_candidates_improvement_pct": 14.489523562581198,
      "unaffected_candidates_model_robust_mae": 0.5227925919730979,
      "unaffected_candidates_baseline_robust_mae": 0.6168388012401588,
      "unaffected_candidates_improvement_pct": 15.246480778767532,
      "horizon_01_all_candidates_model_robust_mae": 0.5246999080536353,
      "horizon_01_all_candidates_baseline_robust_mae": 0.5907186167402946,
      "horizon_01_all_candidates_improvement_pct": 11.175999336361519,
      "horizon_01_affected_candidates_model_robust_mae": 0.7330129325358781,
      "horizon_01_affected_candidates_baseline_robust_mae": 0.8083569085558622,
      "horizon_01_affected_candidates_improvement_pct": 9.320632411565194,
      "horizon_02_all_candidates_model_robust_mae": 0.5826876980060447,
      "horizon_02_all_candidates_baseline_robust_mae": 0.6613039375788015,
      "horizon_02_all_candidates_improvement_pct": 11.888064640986475,
      "horizon_02_affected_candidates_model_robust_mae": 0.8507438384251974,
      "horizon_02_affected_candidates_baseline_robust_mae": 0.9541223391609646,
      "horizon_02_affected_candidates_improvement_pct": 10.834931380673476,
      "horizon_03_all_candidates_model_robust_mae": 0.6266528033126701,
      "horizon_03_all_candidates_baseline_robust_mae": 0.7180480895724983,
      "horizon_03_all_candidates_improvement_pct": 12.728295999539789,
      "horizon_03_affected_candidates_model_robust_mae": 0.930937740990259,
      "horizon_03_affected_candidates_baseline_robust_mae": 1.0552724023797542,