group,label,samples,source_all_mae,source_affected_mae,source_unaffected_mae,adapter_all_mae,adapter_affected_mae,adapter_unaffected_mae,all_delta,affected_delta,unaffected_delta
overall,all test events,27499,0.7092160820874674,1.104708399427208,0.5236592162777701,0.7091265323950818,1.1046525881125075,0.5235538376265643,-8.954969238561539e-05,-5.581131470044909e-05,-0.00010537865120585632
severity_low,severity <= 1.557,9167,0.570843379915046,0.8361901647721611,0.5049210509372556,0.5707580435972672,0.8360931465752859,0.5048385956540308,-8.533631777873918e-05,-9.70181968752426e-05,-8.245528322481377e-05
severity_mid,1.557 < severity <= 2.578,9167,0.662649043449321,0.9590582385264724,0.5258343452371275,0.6625433677325497,0.9589643204143785,0.5257232379827889,-0.00010567571677122523,-9.391811209391587e-05,-0.00011110725433860491
severity_high,severity > 2.578,9165,0.8370994862822654,1.2894366546477123,0.5373135303284445,0.8370212210538187,1.2894199956007177,0.537194466936876,-7.826522844667227e-05,-1.6659046994549342e-05,-0.00011906339156853019
recovery_short_lt30,recovery < 30 min,12563,0.6068674064262438,0.9365050721920459,0.5056069426534099,0.6067872291101939,0.9364471052839405,0.5055199382986053,-8.017731604992306e-05,-5.796690810544458e-05,-8.700435480457624e-05
recovery_mid_30_90,30 <= recovery < 90 min,3380,0.6708425661359243,1.028702240997568,0.5214124696853645,0.6707163317610859,1.0285350322205198,0.5213033267478787,-0.0001262343748383854,-0.00016720877704812231,-0.0001091429374857622
recovery_long_ge90,recovery >= 90 min,11556,0.7936362799495754,1.1938049753216218,0.5407794661922936,0.7935490845868363,1.1937712979307695,0.5406584228428393,-8.71953627391564e-05,-3.367739085224919e-05,-0.00012104334945428619
severity_high_and_long,severity high and recovery >= 90 min,8029,0.8410956339689718,1.2770512322999363,0.5417665848777993,0.8410184910417344,1.2770376293967414,0.5416458783479804,-7.714292723737248e-05,-1.360290319496471e-05,-0.00012070652981888141
