{
  "metrics": {
    "val": {
      "all_candidates_model_robust_mae": 0.7077240978718388,
      "all_candidates_baseline_robust_mae": 0.8218168869426726,
      "all_candidates_improvement_pct": 13.882993995813647,
      "affected_candidates_model_robust_mae": 1.1448739032859905,
      "affected_candidates_baseline_robust_mae": 1.321900093170066,
      "affected_candidates_improvement_pct": 13.391797973139305,
      "unaffected_candidates_model_robust_mae": 0.5294234543819699,
      "unaffected_candidates_baseline_robust_mae": 0.6178475281539271,
      "unaffected_candidates_improvement_pct": 14.311633492515597,
      "horizon_01_all_candidates_model_robust_mae": 0.5279157790653768,
      "horizon_01_all_candidates_baseline_robust_mae": 0.5962882424202636,
      "horizon_01_all_candidates_improvement_pct": 11.466344376902525,
      "horizon_01_affected_candidates_model_robust_mae": 0.7549305826632464,
      "horizon_01_affected_candidates_baseline_robust_mae": 0.8344840254504524,
      "horizon_01_affected_candidates_improvement_pct": 9.533249332635606,
      "horizon_02_all_candidates_model_robust_mae": 0.5874749401903104,
      "horizon_02_all_candidates_baseline_robust_mae": 0.6658843623079687,
      "horizon_02_all_candidates_improvement_pct": 11.77523103949905,
      "horizon_02_affected_candidates_model_robust_mae": 0.8722514325049731,
      "horizon_02_affected_candidates_baseline_robust_mae": 0.9774392338256852,
      "horizon_02_affected_candidates_improvement_pct": 10.761569382580273,
      "horizon_03_all_candidates_model_robust_mae": 0.6281963869652545,
      "horizon_03_all_candidates_baseline_robust_mae": 0.7185090804896771,
      "horizon_03_all_candidates_improvement_pct": 12.569457502593128,
      "horizon_03_affected_candidates_model_robust_mae": 0.9591150936396672,
      "horizon_03_affected_candidates_baseline_robust_mae": 1.0872711996786735,
      "horizon_03_affected_candidates_improvement_pct": 11.786949390076817,
      "horizon_04_all_candidates_model_robust_mae": 0.6670769811842318,
      "horizon_04_all_candidates_baseline_robust_mae": 0.7657993273023962,
      "horizon_04_all_candidates_improvement_pct": 12.891411966359863,
      "horizon_04_affected_candidates_model_robust_mae": 1.0426923102756203,
      "horizon_04_affected_candidates_baseline_robust_mae": 1.187129695928143,
      "horizon_04_affected_candidates_improvement_pct": 12.166942344037322,
      "horizon_05_all_candidates_model_robust_mae": 0.6910430268842379,
      "horizon_05_all_candidates_baseline_robust_mae": 0.7988252447729507,
      "horizon_05_all_candidates_improvement_pct": 13.492590349889056,
      "horizon_05_affected_candidates_model_robust_mae": 1.113389732964074,
      "horizon_05_affected_candidates_baseline_robust_mae": 1.2785870019025969,
      "horizon_05_affected_candidates_improvement_pct": 12.920299415894391,
      "horizon_06_all_candidates_model_robust_mae": 0.7128324305916542,
      "horizon_06_all_candidates_baseline_robust_mae": 0.8271635636319291,
      "horizon_06_all_candidates_improvement_pct": 13.822070756872685,
      "horizon_06_affected_candidates_model_robust_mae": 1.1567423884546693,
      "horizon_06_affected_candidates_baseline_robust_mae": 1.3361698379661417,
      "horizon_06_affected_candidates_improvement_pct": 13.42849123017093,
      "horizon_07_all_candidates_model_robust_mae": 0.7350763610029156,
      "horizon_07_all_candidates_baseline_robust_mae": 0.8581669754201103,
      "horizon_07_all_candidates_improvement_pct": 14.343434080172623,
      "horizon_07_affected_candidates_model_robust_mae": 1.2061979302949313,
      "horizon_07_affected_candidates_baseline_robust_mae": 1.396760433062908,
      "horizon_07_affected_candidates_improvement_pct": 13.643177330710802,
      "horizon_08_all_candidates_model_robust_mae": 0.7556104778513303,
      "horizon_08_all_candidates_baseline_robust_mae": 0.8832959456348695,
      "horizon_08_all_candidates_improvement_pct": 14.455570459090602,
      "horizon_08_affected_candidates_model_robust_mae": 1.2561632826543039,
      "horizon_08_affected_candidates_baseline_robust_mae": 1.4631506402253955,
      "horizon_08_affected_candidates_improvement_pct": 14.14668810445968,
      "horizon_09_all_candidates_model_robust_mae": 0.7774102376473777,
      "horizon_09_all_candidates_baseline_robust_mae": 0.9114611392936798,
      "horizon_09_all_candidates_improvement_pct": 14.707253646620893,
      "horizon_09_affected_candidates_model_robust_mae": 1.3038042611064014,
      "horizon_09_affected_candidates_baseline_robust_mae": 1.5233428762195156,
      "horizon_09_affected_candidates_improvement_pct": 14.411634999596666,
      "horizon_10_all_candidates_model_robust_mae": 0.7852458873224536,
      "horizon_10_all_candidates_baseline_robust_mae": 0.9254125011244565,
      "horizon_10_all_candidates_improvement_pct": 15.14639294711151,
      "horizon_10_affected_candidates_model_robust_mae": 1.3158358544091093,
      "horizon_10_affected_candidates_baseline_robust_mae": 1.546078384663797,
      "horizon_10_affected_candidates_improvement_pct": 14.892034746657119,
      "horizon_11_all_candidates_model_robust_mae": 0.8060245049816793,
      "horizon_11_all_candidates_baseline_robust_mae": 0.9489043907745328,
      "horizon_11_all_candidates_improvement_pct": 15.057353215135757,
      "horizon_11_affected_candidates_model_robust_mae": 1.3630835811276427,
      "horizon_11_affected_candidates_baseline_robust_mae": 1.6002097212676636,
      "horizon_11_affected_candidates_improvement_pct": 14.818441419801703,
      "horizon_12_all_candidates_model_robust_mae": 0.8188672766149063,
      "horizon_12_all_candidates_baseline_robust_mae": 0.9622013237750741,
      "horizon_12_all_candidates_improvement_pct": 14.896471623819316,
      "horizon_12_affected_candidates_model_robust_mae": 1.3945589015932907,
      "horizon_12_affected_candidates_baseline_robust_mae": 1.6325334546965442,
      "horizon_12_affected_candidates_improvement_pct": 14.577009274672923,
      "affected_node_rate": 0.23040841625624014
    },
    "test": {
      "all_candidates_model_robust_mae": 0.7081859962344449,
      "all_candidates_baseline_robust_mae": 0.8305550675168533,
      "all_candidates_improvement_pct": 14.733408544271546,
      "affected_candidates_model_robust_mae": 1.10233491936506,
      "affected_candidates_baseline_robust_mae": 1.288427198736098,
      "affected_candidates_improvement_pct": 14.443367817257196,
      "unaffected_candidates_model_robust_mae": 0.5235399245507784,
      "unaffected_candidates_baseline_robust_mae": 0.6160567199198358,
      "unaffected_candidates_improvement_pct": 15.017577501807978,
      "horizon_01_all_candidates_model_robust_mae": 0.5236306929927999,
      "horizon_01_all_candidates_baseline_robust_mae": 0.5892743176977213,
      "horizon_01_all_candidates_improvement_pct": 11.139739631177092,
      "horizon_01_affected_candidates_model_robust_mae": 0.7309666740711376,
      "horizon_01_affected_candidates_baseline_robust_mae": 0.8069023430602876,
      "horizon_01_affected_candidates_improvement_pct": 9.410763228317522,
      "horizon_02_all_candidates_model_robust_mae": 0.5847136612042144,
      "horizon_02_all_candidates_baseline_robust_mae": 0.6626268678422095,
      "horizon_02_all_candidates_improvement_pct": 11.75823233544892,
      "horizon_02_affected_candidates_model_robust_mae": 0.8563600629364703,
      "horizon_02_affected_candidates_baseline_robust_mae": 0.9595131967832721,
      "horizon_02_affected_candidates_improvement_pct": 10.750569579722132,
      "horizon_03_all_candidates_model_robust_mae": 0.6261315037037439,
      "horizon_03_all_candidates_baseline_robust_mae": 0.7171255289241326,
      "horizon_03_all_candidates_improvement_pct": 12.68871648690327,
      "horizon_03_affected_candidates_model_robust_mae": 0.9312070558523217,
      "horizon_03_affected_candidates_baseline_robust_mae": 1.055717821613149,