epoch,train_loss,val_loss,val_final_loss,val_incident_loss,val_branch_loss,val_gate_loss,val_normal_better_gate_loss,val_convex_gate_loss,val_hard_rate,val_affected_rate,val_normal_better_rate,val_convex_target_rate,val_severity_high_rate,val_recovery_long_rate,val_high_long_rate,val_affected_tail_weight_mean,val_gate_mean
1,0.6073910124758457,0.7533301580746968,0.748203361829122,0.8925455679893494,1.1232660072644551,0.7041523642539979,0.5842387725512187,0.10253592586517334,0.5806025384267172,0.29008283440272015,0.3269339059193929,0.9287561195691426,0.30966666650772096,0.3470000000397364,0.24766666662693024,0.9058649244308472,0.439642213900884
2,0.6054263267111271,0.7534009008407593,0.7482957377433777,0.9026829347610473,1.13550221935908,0.7028095954259237,0.5802056528727213,0.10210331128040949,0.579714788277944,0.29008283440272015,0.3272646858692169,0.9283648583094279,0.30966666650772096,0.3470000000397364,0.24766666662693024,0.9058649244308472,0.43853615069389346
