{
  "metrics": {
    "val": {
      "all_candidates_model_robust_mae": 0.7162425442794054,
      "all_candidates_baseline_robust_mae": 0.8272501102632047,
      "all_candidates_improvement_pct": 13.418863848622548,
      "affected_candidates_model_robust_mae": 1.1591449628913602,
      "affected_candidates_baseline_robust_mae": 1.3240686546633906,
      "affected_candidates_improvement_pct": 12.455826304109433,
      "unaffected_candidates_model_robust_mae": 0.5316667759221072,
      "unaffected_candidates_baseline_robust_mae": 0.6202052552880885,
      "unaffected_candidates_improvement_pct": 14.275673837180674,
      "horizon_01_all_candidates_model_robust_mae": 0.5340794005930747,
      "horizon_01_all_candidates_baseline_robust_mae": 0.6003526860005128,
      "horizon_01_all_candidates_improvement_pct": 11.03905869880318,
      "horizon_01_affected_candidates_model_robust_mae": 0.7683315536102658,
      "horizon_01_affected_candidates_baseline_robust_mae": 0.8427632402965712,
      "horizon_01_affected_candidates_improvement_pct": 8.831862037564978,
      "horizon_02_all_candidates_model_robust_mae": 0.5972548410015962,
      "horizon_02_all_candidates_baseline_robust_mae": 0.6733494887504019,
      "horizon_02_all_candidates_improvement_pct": 11.300914164206421,
      "horizon_02_affected_candidates_model_robust_mae": 0.8999732782957827,
      "horizon_02_affected_candidates_baseline_robust_mae": 0.9973475126132015,
      "horizon_02_affected_candidates_improvement_pct": 9.763320516264551,
      "horizon_03_all_candidates_model_robust_mae": 0.6438684387857057,
      "horizon_03_all_candidates_baseline_robust_mae": 0.7308534904495786,
      "horizon_03_all_candidates_improvement_pct": 11.901845280969349,
      "horizon_03_affected_candidates_model_robust_mae": 0.9990731000141583,
      "horizon_03_affected_candidates_baseline_robust_mae": 1.1166547427176545,
      "horizon_03_affected_candidates_improvement_pct": 10.52981178563146,
      "horizon_04_all_candidates_model_robust_mae": 0.6752863223510909,
      "horizon_04_all_candidates_baseline_robust_mae": 0.7732848661126429,
      "horizon_04_all_candidates_improvement_pct": 12.673019744224087,
      "horizon_04_affected_candidates_model_robust_mae": 1.0653327177033216,
      "horizon_04_affected_candidates_baseline_robust_mae": 1.2040969552088483,
      "horizon_04_affected_candidates_improvement_pct": 11.524340868502428,
      "horizon_05_all_candidates_model_robust_mae": 0.701221997844786,
      "horizon_05_all_candidates_baseline_robust_mae": 0.80618805385504,
      "horizon_05_all_candidates_improvement_pct": 13.020046068448423,
      "horizon_05_affected_candidates_model_robust_mae": 1.1256868281321248,
      "horizon_05_affected_candidates_baseline_robust_mae": 1.2793815399100616,
      "horizon_05_affected_candidates_improvement_pct": 12.013203800700555,
      "horizon_06_all_candidates_model_robust_mae": 0.724740896456476,
      "horizon_06_all_candidates_baseline_robust_mae": 0.8377409271994909,
      "horizon_06_all_candidates_improvement_pct": 13.48866064366296,
      "horizon_06_affected_candidates_model_robust_mae": 1.178319782258275,
      "horizon_06_affected_candidates_baseline_robust_mae": 1.346644237542608,
      "horizon_06_affected_candidates_improvement_pct": 12.499548922549579,
      "horizon_07_all_candidates_model_robust_mae": 0.7443466655091955,
      "horizon_07_all_candidates_baseline_robust_mae": 0.8643465388721971,
      "horizon_07_all_candidates_improvement_pct": 13.883305823099375,
      "horizon_07_affected_candidates_model_robust_mae": 1.2192849829077026,
      "horizon_07_affected_candidates_baseline_robust_mae": 1.4017586805897237,
      "horizon_07_affected_candidates_improvement_pct": 13.017482981111554,
      "horizon_08_all_candidates_model_robust_mae": 0.765639710984304,
      "horizon_08_all_candidates_baseline_robust_mae": 0.8908410368372225,
      "horizon_08_all_candidates_improvement_pct": 14.054283612419143,
      "horizon_08_affected_candidates_model_robust_mae": 1.2658630193517755,
      "horizon_08_affected_candidates_baseline_robust_mae": 1.4593189470573813,
      "horizon_08_affected_candidates_improvement_pct": 13.25658986993191,
      "horizon_09_all_candidates_model_robust_mae": 0.7827576644656258,
      "horizon_09_all_candidates_baseline_robust_mae": 0.9119756261656342,
      "horizon_09_all_candidates_improvement_pct": 14.169014828093628,
      "horizon_09_affected_candidates_model_robust_mae": 1.3038608369513514,
      "horizon_09_affected_candidates_baseline_robust_mae": 1.5058868737007916,
      "horizon_09_affected_candidates_improvement_pct": 13.415751227909384,
      "horizon_10_all_candidates_model_robust_mae": 0.7949928440582147,
      "horizon_10_all_candidates_baseline_robust_mae": 0.9289248031395567,
      "horizon_10_all_candidates_improvement_pct": 14.417954890286293,
      "horizon_10_affected_candidates_model_robust_mae": 1.330727097413191,
      "horizon_10_affected_candidates_baseline_robust_mae": 1.5406091605425325,
      "horizon_10_affected_candidates_improvement_pct": 13.623316575336375,
      "horizon_11_all_candidates_model_robust_mae": 0.8092994745077334,
      "horizon_11_all_candidates_baseline_robust_mae": 0.9471625751648224,
      "horizon_11_all_candidates_improvement_pct": 14.555378798945728,
      "horizon_11_affected_candidates_model_robust_mae": 1.361955359825525,
      "horizon_11_affected_candidates_baseline_robust_mae": 1.5798637806463696,
      "horizon_11_affected_candidates_improvement_pct": 13.79286135236873,
      "horizon_12_all_candidates_model_robust_mae": 0.8215117770790468,
      "horizon_12_all_candidates_baseline_robust_mae": 0.962095373567048,
      "horizon_12_all_candidates_improvement_pct": 14.612230798572073,
      "horizon_12_affected_candidates_model_robust_mae": 1.391517536306238,
      "horizon_12_affected_candidates_baseline_robust_mae": 1.6147309258643616,
      "horizon_12_affected_candidates_improvement_pct": 13.82356564692895,
      "affected_node_rate": 0.23427743925374256
    },
    "test": {
      "all_candidates_model_robust_mae": 0.7103110990040292,
      "all_candidates_baseline_robust_mae": 0.8328134196658367,
      "all_candidates_improvement_pct": 14.709455655861193,
      "affected_candidates_model_robust_mae": 1.1096551017047775,
      "affected_candidates_baseline_robust_mae": 1.293837027683651,
      "affected_candidates_improvement_pct": 14.235326554891797,
      "unaffected_candidates_model_robust_mae": 0.5229470951326126,
      "unaffected_candidates_baseline_robust_mae": 0.6165106195898865,
      "unaffected_candidates_improvement_pct": 15.176303778759554,
      "horizon_01_all_candidates_model_robust_mae": 0.5245252876359995,
      "horizon_01_all_candidates_baseline_robust_mae": 0.5912248439472282,
      "horizon_01_all_candidates_improvement_pct": 11.281588890263583,
      "horizon_01_affected_candidates_model_robust_mae": 0.7358665542428213,
      "horizon_01_affected_candidates_baseline_robust_mae": 0.8144241910254835,
      "horizon_01_affected_candidates_improvement_pct": 9.645788723901505,
      "horizon_02_all_candidates_model_robust_mae": 0.5853361639698834,
      "horizon_02_all_candidates_baseline_robust_mae": 0.6647113446148724,
      "horizon_02_all_candidates_improvement_pct": 11.941300729714218,
      "horizon_02_affected_candidates_model_robust_mae": 0.8563799280347121,
      "horizon_02_affected_candidates_baseline_robust_mae": 0.9614806863858398,
      "horizon_02_affected_candidates_improvement_pct": 10.931135678470726,
      "horizon_03_all_candidates_model_robust_mae": 0.6316662131691971,
      "horizon_03_all_candidates_baseline_robust_mae": 0.7255605942083166,
      "horizon_03_all_candidates_improvement_pct": 12.940942739809458,
      "horizon_03_affected_candidates_model_robust_mae": 0.9488556283138306,
      "horizon_03_affected_candidates_baseline_robust_mae": 1.0792830623658292,