{
  "metrics": {
    "train": {
      "all_candidates_model_robust_mae": 0.869140391982328,
      "all_candidates_baseline_robust_mae": 0.8717599475244202,
      "all_candidates_improvement_pct": 0.30049046753422626,
      "affected_candidates_model_robust_mae": 1.1470785701976103,
      "affected_candidates_baseline_robust_mae": 1.1498455548178557,
      "affected_candidates_improvement_pct": 0.2406396762288388,
      "unaffected_candidates_model_robust_mae": 0.6663308344968014,
      "unaffected_candidates_baseline_robust_mae": 0.6688428372955736,
      "unaffected_candidates_improvement_pct": 0.37557444868951684,
      "affected_node_rate": 0.3353658536585366
    },
    "val": {
      "all_candidates_model_robust_mae": 0.9694527577713888,
      "all_candidates_baseline_robust_mae": 0.9703281880524597,
      "all_candidates_improvement_pct": 0.09022001956141405,
      "affected_candidates_model_robust_mae": 1.607074395322783,
      "affected_candidates_baseline_robust_mae": 1.6069825994625693,
      "affected_candidates_improvement_pct": -0.005712312021579726,
      "unaffected_candidates_model_robust_mae": 0.6389359387624562,
      "unaffected_candidates_baseline_robust_mae": 0.6403126955053753,
      "unaffected_candidates_improvement_pct": 0.2150131884910411,
      "affected_node_rate": 0.2838002436053593
    },
    "test": {
      "all_candidates_model_robust_mae": 0.8368207290199343,
      "all_candidates_baseline_robust_mae": 0.8369680172272733,
      "all_candidates_improvement_pct": 0.017597829822332066,
      "affected_candidates_model_robust_mae": 1.293378226057214,
      "affected_candidates_baseline_robust_mae": 1.2928766810478856,
      "affected_candidates_improvement_pct": -0.03879295037806029,
      "unaffected_candidates_model_robust_mae": 0.6539465805658516,
      "unaffected_candidates_baseline_robust_mae": 0.654353817306351,
      "unaffected_candidates_improvement_pct": 0.06223494533519381,
      "affected_node_rate": 0.24474414914716383
    }
  },
  "region_metrics": [
    {
      "region": "Alameda",
      "samples": 192,
      "all_candidates_model_robust_mae": 0.8368207290199343,
      "all_candidates_baseline_robust_mae": 0.8369680172272733,
      "all_candidates_improvement_pct": 0.017597829822332066,
      "affected_candidates_model_robust_mae": 1.293378226057214,
      "affected_candidates_baseline_robust_mae": 1.2928766810478856,
      "affected_candidates_improvement_pct": -0.03879295037806029,
      "unaffected_candidates_model_robust_mae": 0.6539465805658516,
      "unaffected_candidates_baseline_robust_mae": 0.654353817306351,
      "unaffected_candidates_improvement_pct": 0.06223494533519381,
      "affected_node_rate": 0.24474414914716383
    }
  ],
  "samples": {
    "train": 192,
    "val": 192,
    "test": 192
  },
  "residual_beta": 1.0,
  "cache_path": "/Users/xhlm/Desktop/Study/科研实习/outputs/impact_guided_next_stage/learned_normal_delta_smoke_alameda/full_candidate_samples.h5"
}