epoch,train_loss,val_loss,val_residual_loss,val_impact_loss,val_event_aux_loss,val_node_aux_loss
1,0.5524928867816925,0.6545760830243429,0.6281268994013468,0.2517527788877487,0.6110169490178426,0.7114401261011759
