{
  "metrics": {
    "val": {
      "all_candidates_model_robust_mae": 0.7151685859584868,
      "all_candidates_baseline_robust_mae": 0.827250102514385,
      "all_candidates_improvement_pct": 13.548685725783791,
      "affected_candidates_model_robust_mae": 1.1569028559106522,
      "affected_candidates_baseline_robust_mae": 1.3240686608241723,
      "affected_candidates_improvement_pct": 12.625161357528617,
      "unaffected_candidates_model_robust_mae": 0.531079628709229,
      "unaffected_candidates_baseline_robust_mae": 0.6202052519238401,
      "unaffected_candidates_improvement_pct": 14.370343194958236,
      "horizon_01_all_candidates_model_robust_mae": 0.5330411640538958,
      "horizon_01_all_candidates_baseline_robust_mae": 0.6003526910613428,
      "horizon_01_all_candidates_improvement_pct": 11.211997215911417,
      "horizon_01_affected_candidates_model_robust_mae": 0.7670538959785573,
      "horizon_01_affected_candidates_baseline_robust_mae": 0.8427632361549119,
      "horizon_01_affected_candidates_improvement_pct": 8.983464979058258,
      "horizon_02_all_candidates_model_robust_mae": 0.5968656858502829,
      "horizon_02_all_candidates_baseline_robust_mae": 0.6733494887504019,
      "horizon_02_all_candidates_improvement_pct": 11.358708097047378,
      "horizon_02_affected_candidates_model_robust_mae": 0.8993240239984249,
      "horizon_02_affected_candidates_baseline_robust_mae": 0.9973475087895826,
      "horizon_02_affected_candidates_improvement_pct": 9.828418272195067,
      "horizon_03_all_candidates_model_robust_mae": 0.6434387306105014,
      "horizon_03_all_candidates_baseline_robust_mae": 0.7308534943862844,
      "horizon_03_all_candidates_improvement_pct": 11.960641147264045,
      "horizon_03_affected_candidates_model_robust_mae": 0.9980084460723682,
      "horizon_03_affected_candidates_baseline_robust_mae": 1.116654747019574,
      "horizon_03_affected_candidates_improvement_pct": 10.625155292079377,
      "horizon_04_all_candidates_model_robust_mae": 0.6747453511532636,
      "horizon_04_all_candidates_baseline_robust_mae": 0.773284867237372,
      "horizon_04_all_candidates_improvement_pct": 12.742977427729764,
      "horizon_04_affected_candidates_model_robust_mae": 1.0646404739404378,
      "horizon_04_affected_candidates_baseline_robust_mae": 1.2040969431001207,
      "horizon_04_affected_candidates_improvement_pct": 11.581830678901332,
      "horizon_05_all_candidates_model_robust_mae": 0.7011054141986598,
      "horizon_05_all_candidates_baseline_robust_mae": 0.8061880555422644,
      "horizon_05_all_candidates_improvement_pct": 13.034507348651186,
      "horizon_05_affected_candidates_model_robust_mae": 1.1249309986796305,
      "horizon_05_affected_candidates_baseline_robust_mae": 1.2793815410253246,
      "horizon_05_affected_candidates_improvement_pct": 12.072281598022279,
      "horizon_06_all_candidates_model_robust_mae": 0.7238314510782823,
      "horizon_06_all_candidates_baseline_robust_mae": 0.837740935448321,
      "horizon_06_all_candidates_improvement_pct": 13.59722075764144,
      "horizon_06_affected_candidates_model_robust_mae": 1.1762752208329323,
      "horizon_06_affected_candidates_baseline_robust_mae": 1.346644229576236,
      "horizon_06_affected_candidates_improvement_pct": 12.651374802750658,
      "horizon_07_all_candidates_model_robust_mae": 0.7434709706841616,
      "horizon_07_all_candidates_baseline_robust_mae": 0.8643465291235348,
      "horizon_07_all_candidates_improvement_pct": 13.984617785408771,
      "horizon_07_affected_candidates_model_robust_mae": 1.2160622184303003,
      "horizon_07_affected_candidates_baseline_robust_mae": 1.401758678996387,
      "horizon_07_affected_candidates_improvement_pct": 13.247391533829434,
      "horizon_08_all_candidates_model_robust_mae": 0.7643997279063302,
      "horizon_08_all_candidates_baseline_robust_mae": 0.8908410379620302,
      "horizon_08_all_candidates_improvement_pct": 14.193476127341281,
      "horizon_08_affected_candidates_model_robust_mae": 1.2636649281856096,
      "horizon_08_affected_candidates_baseline_robust_mae": 1.459318947694711,
      "horizon_08_affected_candidates_improvement_pct": 13.407214359696793,
      "horizon_09_all_candidates_model_robust_mae": 0.7809099288002896,
      "horizon_09_all_candidates_baseline_robust_mae": 0.911975627290561,
      "horizon_09_all_candidates_improvement_pct": 14.371622943440029,
      "horizon_09_affected_candidates_model_robust_mae": 1.299755426774017,
      "horizon_09_affected_candidates_baseline_robust_mae": 1.5058868829427,
      "horizon_09_affected_candidates_improvement_pct": 13.68837583377279,
      "horizon_10_all_candidates_model_robust_mae": 0.7931093564464292,
      "horizon_10_all_candidates_baseline_robust_mae": 0.9289248027645703,
      "horizon_10_all_candidates_improvement_pct": 14.620714821473298,
      "horizon_10_affected_candidates_model_robust_mae": 1.326677054321239,
      "horizon_10_affected_candidates_baseline_robust_mae": 1.5406091656416363,
      "horizon_10_affected_candidates_improvement_pct": 13.886202684721692,
      "horizon_11_all_candidates_model_robust_mae": 0.8074041253044596,
      "horizon_11_all_candidates_baseline_robust_mae": 0.9471625830397096,
      "horizon_11_all_candidates_improvement_pct": 14.755487625654089,
      "horizon_11_affected_candidates_model_robust_mae": 1.3580724768020735,
      "horizon_11_affected_candidates_baseline_robust_mae": 1.579863786064337,
      "horizon_11_affected_candidates_improvement_pct": 14.038634926544951,
      "horizon_12_all_candidates_model_robust_mae": 0.819790116211977,
      "horizon_12_all_candidates_baseline_robust_mae": 0.962095373567048,
      "horizon_12_all_candidates_improvement_pct": 14.791179883493522,
      "horizon_12_affected_candidates_model_robust_mae": 1.3885545503083292,
      "horizon_12_affected_candidates_baseline_robust_mae": 1.6147309201281246,
      "horizon_12_affected_candidates_improvement_pct": 14.007062539054425,
      "affected_node_rate": 0.23427743925374256
    },
    "test": {
      "all_candidates_model_robust_mae": 0.7085865716823806,
      "all_candidates_baseline_robust_mae": 0.8328134175155775,
      "all_candidates_improvement_pct": 14.91652790654916,
      "affected_candidates_model_robust_mae": 1.1052310946807413,
      "affected_candidates_baseline_robust_mae": 1.293837023264936,
      "affected_candidates_improvement_pct": 14.577255496079152,
      "unaffected_candidates_model_robust_mae": 0.5224891110938469,
      "unaffected_candidates_baseline_robust_mae": 0.6165106205771105,
      "unaffected_candidates_improvement_pct": 15.250590394574363,
      "horizon_01_all_candidates_model_robust_mae": 0.5236398703933722,
      "horizon_01_all_candidates_baseline_robust_mae": 0.591224841429918,
      "horizon_01_all_candidates_improvement_pct": 11.431348329864981,
      "horizon_01_affected_candidates_model_robust_mae": 0.7344253282415563,
      "horizon_01_affected_candidates_baseline_robust_mae": 0.8144241979669616,
      "horizon_01_affected_candidates_improvement_pct": 9.82275206521438,
      "horizon_02_all_candidates_model_robust_mae": 0.5849286240208554,
      "horizon_02_all_candidates_baseline_robust_mae": 0.6647113468303868,
      "horizon_02_all_candidates_improvement_pct": 12.002611838953515,
      "horizon_02_affected_candidates_model_robust_mae": 0.8548643607520372,
      "horizon_02_affected_candidates_baseline_robust_mae": 0.9614806884368053,
      "horizon_02_affected_candidates_improvement_pct": 11.08876433681753,
      "horizon_03_all_candidates_model_robust_mae": 0.631243573234373,
      "horizon_03_all_candidates_baseline_robust_mae": 0.7255605875606053,
      "horizon_03_all_candidates_improvement_pct": 12.999192065177342,
      "horizon_03_affected_candidates_model_robust_mae": 0.9475096015464859,
      "horizon_03_affected_candidates_baseline_robust_mae": 1.0792830611036868,