{
  "metrics": {
    "val": {
      "all_candidates_model_robust_mae": 0.7147006649197194,
      "all_candidates_baseline_robust_mae": 0.827250102514385,
      "all_candidates_improvement_pct": 13.605249156521985,
      "affected_candidates_model_robust_mae": 1.156233514173095,
      "affected_candidates_baseline_robust_mae": 1.3240686608241723,
      "affected_candidates_improvement_pct": 12.675713247877004,
      "unaffected_candidates_model_robust_mae": 0.5306956557577999,
      "unaffected_candidates_baseline_robust_mae": 0.6202052519238401,
      "unaffected_candidates_improvement_pct": 14.432253820551626,
      "horizon_01_all_candidates_model_robust_mae": 0.532526019637061,
      "horizon_01_all_candidates_baseline_robust_mae": 0.6003526910613428,
      "horizon_01_all_candidates_improvement_pct": 11.297804179801933,
      "horizon_01_affected_candidates_model_robust_mae": 0.7664425595772475,
      "horizon_01_affected_candidates_baseline_robust_mae": 0.8427632361549119,
      "horizon_01_affected_candidates_improvement_pct": 9.056004498472875,
      "horizon_02_all_candidates_model_robust_mae": 0.5962023003757564,
      "horizon_02_all_candidates_baseline_robust_mae": 0.6733494887504019,
      "horizon_02_all_candidates_improvement_pct": 11.457228328459092,
      "horizon_02_affected_candidates_model_robust_mae": 0.8983276545145102,
      "horizon_02_affected_candidates_baseline_robust_mae": 0.9973475087895826,
      "horizon_02_affected_candidates_improvement_pct": 9.928320209597398,
      "horizon_03_all_candidates_model_robust_mae": 0.6428438910750413,
      "horizon_03_all_candidates_baseline_robust_mae": 0.7308534943862844,
      "horizon_03_all_candidates_improvement_pct": 12.042030856696801,
      "horizon_03_affected_candidates_model_robust_mae": 0.9964876794796517,
      "horizon_03_affected_candidates_baseline_robust_mae": 1.116654747019574,
      "horizon_03_affected_candidates_improvement_pct": 10.761344798887594,
      "horizon_04_all_candidates_model_robust_mae": 0.675051269161964,
      "horizon_04_all_candidates_baseline_robust_mae": 0.773284867237372,
      "horizon_04_all_candidates_improvement_pct": 12.703416585191448,
      "horizon_04_affected_candidates_model_robust_mae": 1.0644540829835696,
      "horizon_04_affected_candidates_baseline_robust_mae": 1.2040969431001207,
      "horizon_04_affected_candidates_improvement_pct": 11.59731040899585,
      "horizon_05_all_candidates_model_robust_mae": 0.7006475761483079,
      "horizon_05_all_candidates_baseline_robust_mae": 0.8061880555422644,
      "horizon_05_all_candidates_improvement_pct": 13.09129782665498,
      "horizon_05_affected_candidates_model_robust_mae": 1.124407803325528,
      "horizon_05_affected_candidates_baseline_robust_mae": 1.2793815410253246,
      "horizon_05_affected_candidates_improvement_pct": 12.113175994050783,
      "horizon_06_all_candidates_model_robust_mae": 0.7234681255909312,
      "horizon_06_all_candidates_baseline_robust_mae": 0.837740935448321,
      "horizon_06_all_candidates_improvement_pct": 13.640590428619335,
      "horizon_06_affected_candidates_model_robust_mae": 1.1757860986526965,
      "horizon_06_affected_candidates_baseline_robust_mae": 1.346644229576236,
      "horizon_06_affected_candidates_improvement_pct": 12.68769636188954,
      "horizon_07_all_candidates_model_robust_mae": 0.742977246399783,
      "horizon_07_all_candidates_baseline_robust_mae": 0.8643465291235348,
      "horizon_07_all_candidates_improvement_pct": 14.041738889936047,
      "horizon_07_affected_candidates_model_robust_mae": 1.2164720194378933,
      "horizon_07_affected_candidates_baseline_robust_mae": 1.401758678996387,
      "horizon_07_affected_candidates_improvement_pct": 13.218156757991526,
      "horizon_08_all_candidates_model_robust_mae": 0.7637481218205587,
      "horizon_08_all_candidates_baseline_robust_mae": 0.8908410379620302,
      "horizon_08_all_candidates_improvement_pct": 14.266621173202896,
      "horizon_08_affected_candidates_model_robust_mae": 1.262628209367224,
      "horizon_08_affected_candidates_baseline_robust_mae": 1.459318947694711,
      "horizon_08_affected_candidates_improvement_pct": 13.47825563686401,
      "horizon_09_all_candidates_model_robust_mae": 0.7803108685504584,
      "horizon_09_all_candidates_baseline_robust_mae": 0.911975627290561,
      "horizon_09_all_candidates_improvement_pct": 14.437311129824025,
      "horizon_09_affected_candidates_model_robust_mae": 1.2991273147334672,
      "horizon_09_affected_candidates_baseline_robust_mae": 1.5058868829427,
      "horizon_09_affected_candidates_improvement_pct": 13.730086273492033,
      "horizon_10_all_candidates_model_robust_mae": 0.7923602195114591,
      "horizon_10_all_candidates_baseline_robust_mae": 0.9289248027645703,
      "horizon_10_all_candidates_improvement_pct": 14.701360416546294,
      "horizon_10_affected_candidates_model_robust_mae": 1.3259036794328152,
      "horizon_10_affected_candidates_baseline_robust_mae": 1.5406091656416363,
      "horizon_10_affected_candidates_improvement_pct": 13.936401976383161,
      "horizon_11_all_candidates_model_robust_mae": 0.8069574021774324,
      "horizon_11_all_candidates_baseline_robust_mae": 0.9471625830397096,
      "horizon_11_all_candidates_improvement_pct": 14.802651981069559,
      "horizon_11_affected_candidates_model_robust_mae": 1.3570081470139157,
      "horizon_11_affected_candidates_baseline_robust_mae": 1.579863786064337,
      "horizon_11_affected_candidates_improvement_pct": 14.106003379290442,
      "horizon_12_all_candidates_model_robust_mae": 0.8194039055910919,
      "horizon_12_all_candidates_baseline_robust_mae": 0.962095373567048,
      "horizon_12_all_candidates_improvement_pct": 14.831322537901384,
      "horizon_12_affected_candidates_model_robust_mae": 1.387942273521249,
      "horizon_12_affected_candidates_baseline_robust_mae": 1.6147309201281246,
      "horizon_12_affected_candidates_improvement_pct": 14.044980732076432,
      "affected_node_rate": 0.23427743925374256
    },
    "test": {
      "all_candidates_model_robust_mae": 0.7073449002381249,
      "all_candidates_baseline_robust_mae": 0.8328134175155775,
      "all_candidates_improvement_pct": 15.065621499200416,
      "affected_candidates_model_robust_mae": 1.102535526265609,
      "affected_candidates_baseline_robust_mae": 1.293837023264936,
      "affected_candidates_improvement_pct": 14.785594596496162,
      "unaffected_candidates_model_robust_mae": 0.5219295813994906,
      "unaffected_candidates_baseline_robust_mae": 0.6165106205771105,
      "unaffected_candidates_improvement_pct": 15.341347905585685,
      "horizon_01_all_candidates_model_robust_mae": 0.522943035430607,
      "horizon_01_all_candidates_baseline_robust_mae": 0.591224841429918,
      "horizon_01_all_candidates_improvement_pct": 11.54921126692964,
      "horizon_01_affected_candidates_model_robust_mae": 0.7340420595677984,
      "horizon_01_affected_candidates_baseline_robust_mae": 0.8144241979669616,
      "horizon_01_affected_candidates_improvement_pct": 9.869812144558114,
      "horizon_02_all_candidates_model_robust_mae": 0.58411443778075,
      "horizon_02_all_candidates_baseline_robust_mae": 0.6647113468303868,
      "horizon_02_all_candidates_improvement_pct": 12.125099027413256,
      "horizon_02_affected_candidates_model_robust_mae": 0.8536004365262394,
      "horizon_02_affected_candidates_baseline_robust_mae": 0.9614806884368053,
      "horizon_02_affected_candidates_improvement_pct": 11.220220354707262,
      "horizon_03_all_candidates_model_robust_mae": 0.630124577273242,
      "horizon_03_all_candidates_baseline_robust_mae": 0.7255605875606053,
      "horizon_03_all_candidates_improvement_pct": 13.15341708515715,
      "horizon_03_affected_candidates_model_robust_mae": 0.9449856189978565,
      "horizon_03_affected_candidates_baseline_robust_mae": 1.0792830611036868,