{
  "metrics": {
    "val": {
      "all_candidates_model_robust_mae": 0.7066864300489165,
      "all_candidates_baseline_robust_mae": 0.8218168869426726,
      "all_candidates_improvement_pct": 14.009259084717161,
      "affected_candidates_model_robust_mae": 1.1452411684672186,
      "affected_candidates_baseline_robust_mae": 1.321900093170066,
      "affected_candidates_improvement_pct": 13.364014846174895,
      "unaffected_candidates_model_robust_mae": 0.5278127432920723,
      "unaffected_candidates_baseline_robust_mae": 0.6178475281539271,
      "unaffected_candidates_improvement_pct": 14.572330673697222,
      "horizon_01_all_candidates_model_robust_mae": 0.5279787324615125,
      "horizon_01_all_candidates_baseline_robust_mae": 0.5962882424202636,
      "horizon_01_all_candidates_improvement_pct": 11.455786832470624,
      "horizon_01_affected_candidates_model_robust_mae": 0.7548686547624924,
      "horizon_01_affected_candidates_baseline_robust_mae": 0.8344840254504524,
      "horizon_01_affected_candidates_improvement_pct": 9.540670433443445,
      "horizon_02_all_candidates_model_robust_mae": 0.5871611605772382,
      "horizon_02_all_candidates_baseline_robust_mae": 0.6658843623079687,
      "horizon_02_all_candidates_improvement_pct": 11.822353277357983,
      "horizon_02_affected_candidates_model_robust_mae": 0.8720335012715094,
      "horizon_02_affected_candidates_baseline_robust_mae": 0.9774392338256852,
      "horizon_02_affected_candidates_improvement_pct": 10.783865523958875,
      "horizon_03_all_candidates_model_robust_mae": 0.6278184219944994,
      "horizon_03_all_candidates_baseline_robust_mae": 0.7185090804896771,
      "horizon_03_all_candidates_improvement_pct": 12.622061565787076,
      "horizon_03_affected_candidates_model_robust_mae": 0.9587179754095929,
      "horizon_03_affected_candidates_baseline_robust_mae": 1.0872711996786735,
      "horizon_03_affected_candidates_improvement_pct": 11.82347369332256,
      "horizon_04_all_candidates_model_robust_mae": 0.6665034077936183,
      "horizon_04_all_candidates_baseline_robust_mae": 0.7657993273023962,
      "horizon_04_all_candidates_improvement_pct": 12.966310620637081,
      "horizon_04_affected_candidates_model_robust_mae": 1.0425818083447909,
      "horizon_04_affected_candidates_baseline_robust_mae": 1.187129695928143,
      "horizon_04_affected_candidates_improvement_pct": 12.17625067245404,
      "horizon_05_all_candidates_model_robust_mae": 0.6899434128449622,
      "horizon_05_all_candidates_baseline_robust_mae": 0.7988252447729507,
      "horizon_05_all_candidates_improvement_pct": 13.63024424183488,
      "horizon_05_affected_candidates_model_robust_mae": 1.113469651075115,
      "horizon_05_affected_candidates_baseline_robust_mae": 1.2785870019025969,
      "horizon_05_affected_candidates_improvement_pct": 12.914048913509962,
      "horizon_06_all_candidates_model_robust_mae": 0.7119356996371612,
      "horizon_06_all_candidates_baseline_robust_mae": 0.8271635636319291,
      "horizon_06_all_candidates_improvement_pct": 13.930481111719033,
      "horizon_06_affected_candidates_model_robust_mae": 1.1571338012508043,
      "horizon_06_affected_candidates_baseline_robust_mae": 1.3361698379661417,
      "horizon_06_affected_candidates_improvement_pct": 13.39919758912221,
      "horizon_07_all_candidates_model_robust_mae": 0.7338365287804041,
      "horizon_07_all_candidates_baseline_robust_mae": 0.8581669754201103,
      "horizon_07_all_candidates_improvement_pct": 14.487908554024823,
      "horizon_07_affected_candidates_model_robust_mae": 1.206354676499197,
      "horizon_07_affected_candidates_baseline_robust_mae": 1.396760433062908,
      "horizon_07_affected_candidates_improvement_pct": 13.631955205530609,
      "horizon_08_all_candidates_model_robust_mae": 0.7541472426009239,
      "horizon_08_all_candidates_baseline_robust_mae": 0.8832959456348695,
      "horizon_08_all_candidates_improvement_pct": 14.62122674423914,
      "horizon_08_affected_candidates_model_robust_mae": 1.256291280944456,
      "horizon_08_affected_candidates_baseline_robust_mae": 1.4631506402253955,
      "horizon_08_affected_candidates_improvement_pct": 14.137939976506678,
      "horizon_09_all_candidates_model_robust_mae": 0.7758627253755199,
      "horizon_09_all_candidates_baseline_robust_mae": 0.9114611392936798,
      "horizon_09_all_candidates_improvement_pct": 14.87703732747612,
      "horizon_09_affected_candidates_model_robust_mae": 1.3049936695651034,
      "horizon_09_affected_candidates_baseline_robust_mae": 1.5233428762195156,
      "horizon_09_affected_candidates_improvement_pct": 14.33355615882683,
      "horizon_10_all_candidates_model_robust_mae": 0.7838101006173678,
      "horizon_10_all_candidates_baseline_robust_mae": 0.9254125011244565,
      "horizon_10_all_candidates_improvement_pct": 15.301543942299192,
      "horizon_10_affected_candidates_model_robust_mae": 1.3174257346423746,
      "horizon_10_affected_candidates_baseline_robust_mae": 1.546078384663797,
      "horizon_10_affected_candidates_improvement_pct": 14.789201653003142,
      "horizon_11_all_candidates_model_robust_mae": 0.8043452744692174,
      "horizon_11_all_candidates_baseline_robust_mae": 0.9489043907745328,
      "horizon_11_all_candidates_improvement_pct": 15.234318410869674,
      "horizon_11_affected_candidates_model_robust_mae": 1.3634451720384886,
      "horizon_11_affected_candidates_baseline_robust_mae": 1.6002097212676636,
      "horizon_11_affected_candidates_improvement_pct": 14.795844949724057,
      "horizon_12_all_candidates_model_robust_mae": 0.8169789990825653,
      "horizon_12_all_candidates_baseline_robust_mae": 0.9622013237750741,
      "horizon_12_all_candidates_improvement_pct": 15.092717200049933,
      "horizon_12_affected_candidates_model_robust_mae": 1.395857454710771,
      "horizon_12_affected_candidates_baseline_robust_mae": 1.6325334546965442,
      "horizon_12_affected_candidates_improvement_pct": 14.497467069044944,
      "affected_node_rate": 0.23040841625624014
    },
    "test": {
      "all_candidates_model_robust_mae": 0.7068238695484836,
      "all_candidates_baseline_robust_mae": 0.8305550675168533,
      "all_candidates_improvement_pct": 14.897410515872737,
      "affected_candidates_model_robust_mae": 1.1018918847883916,
      "affected_candidates_baseline_robust_mae": 1.288427198736098,
      "affected_candidates_improvement_pct": 14.477753506809776,
      "unaffected_candidates_model_robust_mae": 0.5217472474525134,
      "unaffected_candidates_baseline_robust_mae": 0.6160567199198358,
      "unaffected_candidates_improvement_pct": 15.308569717345886,
      "horizon_01_all_candidates_model_robust_mae": 0.523477563651131,
      "horizon_01_all_candidates_baseline_robust_mae": 0.5892743176977213,
      "horizon_01_all_candidates_improvement_pct": 11.165725718992213,
      "horizon_01_affected_candidates_model_robust_mae": 0.7310407618868527,
      "horizon_01_affected_candidates_baseline_robust_mae": 0.8069023430602876,
      "horizon_01_affected_candidates_improvement_pct": 9.401581470902595,
      "horizon_02_all_candidates_model_robust_mae": 0.5840870964066484,
      "horizon_02_all_candidates_baseline_robust_mae": 0.6626268678422095,
      "horizon_02_all_candidates_improvement_pct": 11.852790046277402,
      "horizon_02_affected_candidates_model_robust_mae": 0.8560460707548635,
      "horizon_02_affected_candidates_baseline_robust_mae": 0.9595131967832721,
      "horizon_02_affected_candidates_improvement_pct": 10.783293692601392,
      "horizon_03_all_candidates_model_robust_mae": 0.6252637556063467,
      "horizon_03_all_candidates_baseline_robust_mae": 0.7171255289241326,
      "horizon_03_all_candidates_improvement_pct": 12.80972014140976,
      "horizon_03_affected_candidates_model_robust_mae": 0.930584183882991,
      "horizon_03_affected_candidates_baseline_robust_mae": 1.055717821613149,