epoch,train_loss,val_loss
1,0.3600330725312233,0.4185386598110199
