{
  "metrics": {
    "val": {
      "all_candidates_model_robust_mae": 0.7147237131590116,
      "all_candidates_baseline_robust_mae": 0.827250102514385,
      "all_candidates_improvement_pct": 13.60246302942183,
      "affected_candidates_model_robust_mae": 1.15614842294356,
      "affected_candidates_baseline_robust_mae": 1.3240686608241723,
      "affected_candidates_improvement_pct": 12.68213974463301,
      "unaffected_candidates_model_robust_mae": 0.530763771694019,
      "unaffected_candidates_baseline_robust_mae": 0.6202052519238401,
      "unaffected_candidates_improvement_pct": 14.42127101510007,
      "horizon_01_all_candidates_model_robust_mae": 0.5325128641500363,
      "horizon_01_all_candidates_baseline_robust_mae": 0.6003526910613428,
      "horizon_01_all_candidates_improvement_pct": 11.299995472890249,
      "horizon_01_affected_candidates_model_robust_mae": 0.7664430326821833,
      "horizon_01_affected_candidates_baseline_robust_mae": 0.8427632361549119,
      "horizon_01_affected_candidates_improvement_pct": 9.05594836112427,
      "horizon_02_all_candidates_model_robust_mae": 0.596190064195905,
      "horizon_02_all_candidates_baseline_robust_mae": 0.6733494887504019,
      "horizon_02_all_candidates_improvement_pct": 11.45904553929177,
      "horizon_02_affected_candidates_model_robust_mae": 0.8982869910429124,
      "horizon_02_affected_candidates_baseline_robust_mae": 0.9973475087895826,
      "horizon_02_affected_candidates_improvement_pct": 9.932397371393007,
      "horizon_03_all_candidates_model_robust_mae": 0.6428855036025043,
      "horizon_03_all_candidates_baseline_robust_mae": 0.7308534943862844,
      "horizon_03_all_candidates_improvement_pct": 12.03633716736198,
      "horizon_03_affected_candidates_model_robust_mae": 0.9965032374512842,
      "horizon_03_affected_candidates_baseline_robust_mae": 1.116654747019574,
      "horizon_03_affected_candidates_improvement_pct": 10.759951532824463,
      "horizon_04_all_candidates_model_robust_mae": 0.6750688810130895,
      "horizon_04_all_candidates_baseline_robust_mae": 0.773284867237372,
      "horizon_04_all_candidates_improvement_pct": 12.701139047912283,
      "horizon_04_affected_candidates_model_robust_mae": 1.0643861887509973,
      "horizon_04_affected_candidates_baseline_robust_mae": 1.2040969431001207,
      "horizon_04_affected_candidates_improvement_pct": 11.602949010851068,
      "horizon_05_all_candidates_model_robust_mae": 0.7006522753026794,
      "horizon_05_all_candidates_baseline_robust_mae": 0.8061880555422644,
      "horizon_05_all_candidates_improvement_pct": 13.090714941019401,
      "horizon_05_affected_candidates_model_robust_mae": 1.1243126745004182,
      "horizon_05_affected_candidates_baseline_robust_mae": 1.2793815410253246,
      "horizon_05_affected_candidates_improvement_pct": 12.12061152614652,
      "horizon_06_all_candidates_model_robust_mae": 0.7234938697679141,
      "horizon_06_all_candidates_baseline_robust_mae": 0.837740935448321,
      "horizon_06_all_candidates_improvement_pct": 13.637517381106251,
      "horizon_06_affected_candidates_model_robust_mae": 1.1756899431875307,
      "horizon_06_affected_candidates_baseline_robust_mae": 1.346644229576236,
      "horizon_06_affected_candidates_improvement_pct": 12.694836738171103,
      "horizon_07_all_candidates_model_robust_mae": 0.7430169855563099,
      "horizon_07_all_candidates_baseline_robust_mae": 0.8643465291235348,
      "horizon_07_all_candidates_improvement_pct": 14.037141294505522,
      "horizon_07_affected_candidates_model_robust_mae": 1.2163605374459514,
      "horizon_07_affected_candidates_baseline_robust_mae": 1.401758678996387,
      "horizon_07_affected_candidates_improvement_pct": 13.226109766851916,
      "horizon_08_all_candidates_model_robust_mae": 0.7637898526998695,
      "horizon_08_all_candidates_baseline_robust_mae": 0.8908410379620302,
      "horizon_08_all_candidates_improvement_pct": 14.261936737087753,
      "horizon_08_affected_candidates_model_robust_mae": 1.2624982265662934,
      "horizon_08_affected_candidates_baseline_robust_mae": 1.459318947694711,
      "horizon_08_affected_candidates_improvement_pct": 13.487162723360491,
      "horizon_09_all_candidates_model_robust_mae": 0.7803640306248977,
      "horizon_09_all_candidates_baseline_robust_mae": 0.911975627290561,
      "horizon_09_all_candidates_improvement_pct": 14.431481799209433,
      "horizon_09_affected_candidates_model_robust_mae": 1.2989994447251123,
      "horizon_09_affected_candidates_baseline_robust_mae": 1.5058868829427,
      "horizon_09_affected_candidates_improvement_pct": 13.73857761569066,
      "horizon_10_all_candidates_model_robust_mae": 0.7923615200575987,
      "horizon_10_all_candidates_baseline_robust_mae": 0.9289248027645703,
      "horizon_10_all_candidates_improvement_pct": 14.701220411011313,
      "horizon_10_affected_candidates_model_robust_mae": 1.3257706653681127,
      "horizon_10_affected_candidates_baseline_robust_mae": 1.5406091656416363,
      "horizon_10_affected_candidates_improvement_pct": 13.945035838083383,
      "horizon_11_all_candidates_model_robust_mae": 0.8069899577107162,
      "horizon_11_all_candidates_baseline_robust_mae": 0.9471625830397096,
      "horizon_11_all_candidates_improvement_pct": 14.799214816862822,
      "horizon_11_affected_candidates_model_robust_mae": 1.3568482560617037,
      "horizon_11_affected_candidates_baseline_robust_mae": 1.579863786064337,
      "horizon_11_affected_candidates_improvement_pct": 14.116123932316745,
      "horizon_12_all_candidates_model_robust_mae": 0.8194477595256432,
      "horizon_12_all_candidates_baseline_robust_mae": 0.962095373567048,
      "horizon_12_all_candidates_improvement_pct": 14.826764368747247,
      "horizon_12_affected_candidates_model_robust_mae": 1.3878672199177067,
      "horizon_12_affected_candidates_baseline_robust_mae": 1.6147309201281246,
      "horizon_12_affected_candidates_improvement_pct": 14.04962878845578,
      "affected_node_rate": 0.23427743925374256
    },
    "test": {
      "all_candidates_model_robust_mae": 0.7073902250130942,
      "all_candidates_baseline_robust_mae": 0.8328134175155775,
      "all_candidates_improvement_pct": 15.060179130715944,
      "affected_candidates_model_robust_mae": 1.1024923053424966,
      "affected_candidates_baseline_robust_mae": 1.293837023264936,
      "affected_candidates_improvement_pct": 14.7889351194782,
      "unaffected_candidates_model_robust_mae": 0.5220164405196226,
      "unaffected_candidates_baseline_robust_mae": 0.6165106205771105,
      "unaffected_candidates_improvement_pct": 15.327259077715917,
      "horizon_01_all_candidates_model_robust_mae": 0.5229217534860131,
      "horizon_01_all_candidates_baseline_robust_mae": 0.591224841429918,
      "horizon_01_all_candidates_improvement_pct": 11.552810903328961,
      "horizon_01_affected_candidates_model_robust_mae": 0.7340233806808453,
      "horizon_01_affected_candidates_baseline_robust_mae": 0.8144241979669616,
      "horizon_01_affected_candidates_improvement_pct": 9.87210565290423,
      "horizon_02_all_candidates_model_robust_mae": 0.5841183020407095,
      "horizon_02_all_candidates_baseline_robust_mae": 0.6647113468303868,
      "horizon_02_all_candidates_improvement_pct": 12.124517683348966,
      "horizon_02_affected_candidates_model_robust_mae": 0.8535965680897329,
      "horizon_02_affected_candidates_baseline_robust_mae": 0.9614806884368053,
      "horizon_02_affected_candidates_improvement_pct": 11.220622696278234,
      "horizon_03_all_candidates_model_robust_mae": 0.6301716535449923,
      "horizon_03_all_candidates_baseline_robust_mae": 0.7255605875606053,
      "horizon_03_all_candidates_improvement_pct": 13.146928823176363,
      "horizon_03_affected_candidates_model_robust_mae": 0.9450064304641518,
      "horizon_03_affected_candidates_baseline_robust_mae": 1.0792830611036868,