{
  "metrics": {
    "val": {
      "all_candidates_model_robust_mae": 0.7147411025727561,
      "all_candidates_baseline_robust_mae": 0.827250102514385,
      "all_candidates_improvement_pct": 13.600360954886975,
      "affected_candidates_model_robust_mae": 1.1562349274351693,
      "affected_candidates_baseline_robust_mae": 1.3240686608241723,
      "affected_candidates_improvement_pct": 12.675606511563693,
      "unaffected_candidates_model_robust_mae": 0.5307523494068951,
      "unaffected_candidates_baseline_robust_mae": 0.6202052519238401,
      "unaffected_candidates_improvement_pct": 14.42311270977913,
      "horizon_01_all_candidates_model_robust_mae": 0.5325400418380841,
      "horizon_01_all_candidates_baseline_robust_mae": 0.6003526910613428,
      "horizon_01_all_candidates_improvement_pct": 11.295468519242423,
      "horizon_01_affected_candidates_model_robust_mae": 0.7665681731988094,
      "horizon_01_affected_candidates_baseline_robust_mae": 0.8427632361549119,
      "horizon_01_affected_candidates_improvement_pct": 9.041099526806686,
      "horizon_02_all_candidates_model_robust_mae": 0.5962518664946068,
      "horizon_02_all_candidates_baseline_robust_mae": 0.6733494887504019,
      "horizon_02_all_candidates_improvement_pct": 11.449867200296298,
      "horizon_02_affected_candidates_model_robust_mae": 0.898474760848943,
      "horizon_02_affected_candidates_baseline_robust_mae": 0.9973475087895826,
      "horizon_02_affected_candidates_improvement_pct": 9.913570452553213,
      "horizon_03_all_candidates_model_robust_mae": 0.6429058700096547,
      "horizon_03_all_candidates_baseline_robust_mae": 0.7308534943862844,
      "horizon_03_all_candidates_improvement_pct": 12.033550506655441,
      "horizon_03_affected_candidates_model_robust_mae": 0.9966040608620712,
      "horizon_03_affected_candidates_baseline_robust_mae": 1.116654747019574,
      "horizon_03_affected_candidates_improvement_pct": 10.750922474285458,
      "horizon_04_all_candidates_model_robust_mae": 0.6750848681930918,
      "horizon_04_all_candidates_baseline_robust_mae": 0.773284867237372,
      "horizon_04_all_candidates_improvement_pct": 12.699071610583605,
      "horizon_04_affected_candidates_model_robust_mae": 1.0645109158139063,
      "horizon_04_affected_candidates_baseline_robust_mae": 1.2040969431001207,
      "horizon_04_affected_candidates_improvement_pct": 11.592590454289345,
      "horizon_05_all_candidates_model_robust_mae": 0.7006734724655891,
      "horizon_05_all_candidates_baseline_robust_mae": 0.8061880555422644,
      "horizon_05_all_candidates_improvement_pct": 13.088085633531652,
      "horizon_05_affected_candidates_model_robust_mae": 1.1244297883452647,
      "horizon_05_affected_candidates_baseline_robust_mae": 1.2793815410253246,
      "horizon_05_affected_candidates_improvement_pct": 12.111457584097872,
      "horizon_06_all_candidates_model_robust_mae": 0.7234923152383836,
      "horizon_06_all_candidates_baseline_robust_mae": 0.837740935448321,
      "horizon_06_all_candidates_improvement_pct": 13.637702943189309,
      "horizon_06_affected_candidates_model_robust_mae": 1.175776983609438,
      "horizon_06_affected_candidates_baseline_robust_mae": 1.346644229576236,
      "horizon_06_affected_candidates_improvement_pct": 12.688373232814929,
      "horizon_07_all_candidates_model_robust_mae": 0.7430201748218167,
      "horizon_07_all_candidates_baseline_robust_mae": 0.8643465291235348,
      "horizon_07_all_candidates_improvement_pct": 14.036772314542125,
      "horizon_07_affected_candidates_model_robust_mae": 1.2164610531380118,
      "horizon_07_affected_candidates_baseline_robust_mae": 1.401758678996387,
      "horizon_07_affected_candidates_improvement_pct": 13.218939082370595,
      "horizon_08_all_candidates_model_robust_mae": 0.7637907315495792,
      "horizon_08_all_candidates_baseline_robust_mae": 0.8908410379620302,
      "horizon_08_all_candidates_improvement_pct": 14.261838083155995,
      "horizon_08_affected_candidates_model_robust_mae": 1.2625947830560447,
      "horizon_08_affected_candidates_baseline_robust_mae": 1.459318947694711,
      "horizon_08_affected_candidates_improvement_pct": 13.4805461787111,
      "horizon_09_all_candidates_model_robust_mae": 0.7803715858211285,
      "horizon_09_all_candidates_baseline_robust_mae": 0.911975627290561,
      "horizon_09_all_candidates_improvement_pct": 14.430653356430396,
      "horizon_09_affected_candidates_model_robust_mae": 1.2990799720619914,
      "horizon_09_affected_candidates_baseline_robust_mae": 1.5058868829427,
      "horizon_09_affected_candidates_improvement_pct": 13.733230113312409,
      "horizon_10_all_candidates_model_robust_mae": 0.7924041908705056,
      "horizon_10_all_candidates_baseline_robust_mae": 0.9289248027645703,
      "horizon_10_all_candidates_improvement_pct": 14.696626840812748,
      "horizon_10_affected_candidates_model_robust_mae": 1.3258135047312238,
      "horizon_10_affected_candidates_baseline_robust_mae": 1.5406091656416363,
      "horizon_10_affected_candidates_improvement_pct": 13.942255161188392,
      "horizon_11_all_candidates_model_robust_mae": 0.8070006343701557,
      "horizon_11_all_candidates_baseline_robust_mae": 0.9471625830397096,
      "horizon_11_all_candidates_improvement_pct": 14.798087591228004,
      "horizon_11_affected_candidates_model_robust_mae": 1.3568793320091803,
      "horizon_11_affected_candidates_baseline_robust_mae": 1.579863786064337,
      "horizon_11_affected_candidates_improvement_pct": 14.114156930620094,
      "horizon_12_all_candidates_model_robust_mae": 0.8194463931123941,
      "horizon_12_all_candidates_baseline_robust_mae": 0.962095373567048,
      "horizon_12_all_candidates_improvement_pct": 14.82690639346607,
      "horizon_12_affected_candidates_model_robust_mae": 1.3878111628990637,
      "horizon_12_affected_candidates_baseline_robust_mae": 1.6147309201281246,
      "horizon_12_affected_candidates_improvement_pct": 14.053100389695603,
      "affected_node_rate": 0.23427743925374256
    },
    "test": {
      "all_candidates_model_robust_mae": 0.7074385778905057,
      "all_candidates_baseline_robust_mae": 0.8328134175155775,
      "all_candidates_improvement_pct": 15.05437316308928,
      "affected_candidates_model_robust_mae": 1.10261385450966,
      "affected_candidates_baseline_robust_mae": 1.293837023264936,
      "affected_candidates_improvement_pct": 14.779540646683117,
      "unaffected_candidates_model_robust_mae": 0.5220304484373544,
      "unaffected_candidates_baseline_robust_mae": 0.6165106205771105,
      "unaffected_candidates_improvement_pct": 15.32498694853205,
      "horizon_01_all_candidates_model_robust_mae": 0.5229461093684397,
      "horizon_01_all_candidates_baseline_robust_mae": 0.591224841429918,
      "horizon_01_all_candidates_improvement_pct": 11.548691339887133,
      "horizon_01_affected_candidates_model_robust_mae": 0.7340999849417881,
      "horizon_01_affected_candidates_baseline_robust_mae": 0.8144241979669616,
      "horizon_01_affected_candidates_improvement_pct": 9.862699711733274,
      "horizon_02_all_candidates_model_robust_mae": 0.5841736943320986,
      "horizon_02_all_candidates_baseline_robust_mae": 0.6647113468303868,
      "horizon_02_all_candidates_improvement_pct": 12.116184398284206,
      "horizon_02_affected_candidates_model_robust_mae": 0.8537199560686972,
      "horizon_02_affected_candidates_baseline_robust_mae": 0.9614806884368053,
      "horizon_02_affected_candidates_improvement_pct": 11.207789575400385,
      "horizon_03_all_candidates_model_robust_mae": 0.6302079806688872,
      "horizon_03_all_candidates_baseline_robust_mae": 0.7255605875606053,
      "horizon_03_all_candidates_improvement_pct": 13.14192205675083,
      "horizon_03_affected_candidates_model_robust_mae": 0.9451115410534742,
      "horizon_03_affected_candidates_baseline_robust_mae": 1.0792830611036868,