{
  "metrics": {
    "val": {
      "all_candidates_model_robust_mae": 0.7066834624317124,
      "all_candidates_baseline_robust_mae": 0.8218168869426726,
      "all_candidates_improvement_pct": 14.009620189149453,
      "affected_candidates_model_robust_mae": 1.1452380171118133,
      "affected_candidates_baseline_robust_mae": 1.321900093170066,
      "affected_candidates_improvement_pct": 13.364253242058334,
      "unaffected_candidates_model_robust_mae": 0.5278098359414501,
      "unaffected_candidates_baseline_robust_mae": 0.6178475281539271,
      "unaffected_candidates_improvement_pct": 14.572801234877716,
      "horizon_01_all_candidates_model_robust_mae": 0.5279772114793595,
      "horizon_01_all_candidates_baseline_robust_mae": 0.5962882424202636,
      "horizon_01_all_candidates_improvement_pct": 11.456041907456981,
      "horizon_01_affected_candidates_model_robust_mae": 0.7548674596751831,
      "horizon_01_affected_candidates_baseline_robust_mae": 0.8344840254504524,
      "horizon_01_affected_candidates_improvement_pct": 9.540813646168061,
      "horizon_02_all_candidates_model_robust_mae": 0.5871591190523723,
      "horizon_02_all_candidates_baseline_robust_mae": 0.6658843623079687,
      "horizon_02_all_candidates_improvement_pct": 11.822659865856153,
      "horizon_02_affected_candidates_model_robust_mae": 0.8720310491999385,
      "horizon_02_affected_candidates_baseline_robust_mae": 0.9774392338256852,
      "horizon_02_affected_candidates_improvement_pct": 10.78411639086559,
      "horizon_03_all_candidates_model_robust_mae": 0.6278163487813406,
      "horizon_03_all_candidates_baseline_robust_mae": 0.7185090804896771,
      "horizon_03_all_candidates_improvement_pct": 12.622350109552924,
      "horizon_03_affected_candidates_model_robust_mae": 0.9587164959233742,
      "horizon_03_affected_candidates_baseline_robust_mae": 1.0872711996786735,
      "horizon_03_affected_candidates_improvement_pct": 11.82360976666095,
      "horizon_04_all_candidates_model_robust_mae": 0.6665013477524834,
      "horizon_04_all_candidates_baseline_robust_mae": 0.7657993273023962,
      "horizon_04_all_candidates_improvement_pct": 12.96657962598371,
      "horizon_04_affected_candidates_model_robust_mae": 1.0425798371649262,
      "horizon_04_affected_candidates_baseline_robust_mae": 1.187129695928143,
      "horizon_04_affected_candidates_improvement_pct": 12.176416718326823,
      "horizon_05_all_candidates_model_robust_mae": 0.6899410310480089,
      "horizon_05_all_candidates_baseline_robust_mae": 0.7988252447729507,
      "horizon_05_all_candidates_improvement_pct": 13.630542404288924,
      "horizon_05_affected_candidates_model_robust_mae": 1.113466547027752,
      "horizon_05_affected_candidates_baseline_robust_mae": 1.2785870019025969,
      "horizon_05_affected_candidates_improvement_pct": 12.914291685207024,
      "horizon_06_all_candidates_model_robust_mae": 0.7119333196256441,
      "horizon_06_all_candidates_baseline_robust_mae": 0.8271635636319291,
      "horizon_06_all_candidates_improvement_pct": 13.930768843386833,
      "horizon_06_affected_candidates_model_robust_mae": 1.157131844456617,
      "horizon_06_affected_candidates_baseline_robust_mae": 1.3361698379661417,
      "horizon_06_affected_candidates_improvement_pct": 13.39934403713591,
      "horizon_07_all_candidates_model_robust_mae": 0.7338339132441867,
      "horizon_07_all_candidates_baseline_robust_mae": 0.8581669754201103,
      "horizon_07_all_candidates_improvement_pct": 14.488213335762213,
      "horizon_07_affected_candidates_model_robust_mae": 1.2063516450568101,
      "horizon_07_affected_candidates_baseline_robust_mae": 1.396760433062908,
      "horizon_07_affected_candidates_improvement_pct": 13.632172239340782,
      "horizon_08_all_candidates_model_robust_mae": 0.7541437046375524,
      "horizon_08_all_candidates_baseline_robust_mae": 0.8832959456348695,
      "horizon_08_all_candidates_improvement_pct": 14.621627285347584,
      "horizon_08_affected_candidates_model_robust_mae": 1.2562878114507083,
      "horizon_08_affected_candidates_baseline_robust_mae": 1.4631506402253955,
      "horizon_08_affected_candidates_improvement_pct": 14.138177101355769,
      "horizon_09_all_candidates_model_robust_mae": 0.7758593810337958,
      "horizon_09_all_candidates_baseline_robust_mae": 0.9114611392936798,
      "horizon_09_all_candidates_improvement_pct": 14.877404248409984,
      "horizon_09_affected_candidates_model_robust_mae": 1.3049895356782755,
      "horizon_09_affected_candidates_baseline_robust_mae": 1.5233428762195156,
      "horizon_09_affected_candidates_improvement_pct": 14.333827528253405,
      "horizon_10_all_candidates_model_robust_mae": 0.7838058682676258,
      "horizon_10_all_candidates_baseline_robust_mae": 0.9254125011244565,
      "horizon_10_all_candidates_improvement_pct": 15.302001289669892,
      "horizon_10_affected_candidates_model_robust_mae": 1.3174208630085908,
      "horizon_10_affected_candidates_baseline_robust_mae": 1.546078384663797,
      "horizon_10_affected_candidates_improvement_pct": 14.789516749173687,
      "horizon_11_all_candidates_model_robust_mae": 0.8043405261405703,
      "horizon_11_all_candidates_baseline_robust_mae": 0.9489043907745328,
      "horizon_11_all_candidates_improvement_pct": 15.234818812036886,
      "horizon_11_affected_candidates_model_robust_mae": 1.3634401789168986,
      "horizon_11_affected_candidates_baseline_robust_mae": 1.6002097212676636,
      "horizon_11_affected_candidates_improvement_pct": 14.796156978923955,
      "horizon_12_all_candidates_model_robust_mae": 0.8169741570009494,
      "horizon_12_all_candidates_baseline_robust_mae": 0.9622013237750741,
      "horizon_12_all_candidates_improvement_pct": 15.093220429623226,
      "horizon_12_affected_candidates_model_robust_mae": 1.395852459481802,
      "horizon_12_affected_candidates_baseline_robust_mae": 1.6325334546965442,
      "horizon_12_affected_candidates_improvement_pct": 14.497773049235093,
      "affected_node_rate": 0.23040841625624014
    },
    "test": {
      "all_candidates_model_robust_mae": 0.7068216912829862,
      "all_candidates_baseline_robust_mae": 0.8305550675168533,
      "all_candidates_improvement_pct": 14.897672782106804,
      "affected_candidates_model_robust_mae": 1.101890018433775,
      "affected_candidates_baseline_robust_mae": 1.288427198736098,
      "affected_candidates_improvement_pct": 14.4778983620735,
      "unaffected_candidates_model_robust_mae": 0.52174491621831,
      "unaffected_candidates_baseline_robust_mae": 0.6160567199198358,
      "unaffected_candidates_improvement_pct": 15.308948129613473,
      "horizon_01_all_candidates_model_robust_mae": 0.5234764118159211,
      "horizon_01_all_candidates_baseline_robust_mae": 0.5892743176977213,
      "horizon_01_all_candidates_improvement_pct": 11.165921185717181,
      "horizon_01_affected_candidates_model_robust_mae": 0.7310398478719079,
      "horizon_01_affected_candidates_baseline_robust_mae": 0.8069023430602876,
      "horizon_01_affected_candidates_improvement_pct": 9.401694745446001,
      "horizon_02_all_candidates_model_robust_mae": 0.5840860191895821,
      "horizon_02_all_candidates_baseline_robust_mae": 0.6626268678422095,
      "horizon_02_all_candidates_improvement_pct": 11.852952613948364,
      "horizon_02_affected_candidates_model_robust_mae": 0.8560455343458895,
      "horizon_02_affected_candidates_baseline_robust_mae": 0.9595131967832721,
      "horizon_02_affected_candidates_improvement_pct": 10.783349596884504,
      "horizon_03_all_candidates_model_robust_mae": 0.6252621730615247,
      "horizon_03_all_candidates_baseline_robust_mae": 0.7171255289241326,
      "horizon_03_all_candidates_improvement_pct": 12.80994082032276,
      "horizon_03_affected_candidates_model_robust_mae": 0.930582193129535,
      "horizon_03_affected_candidates_baseline_robust_mae": 1.055717821613149,