epoch,train_loss,val_loss
1,0.3573838784581139,0.41037328569744597
2,0.35748774948574247,0.4103200510853327
3,0.358081538052786,0.41025163499266676
