{
  "metrics": {
    "val": {
      "all_candidates_model_robust_mae": 0.7162218014077095,
      "all_candidates_baseline_robust_mae": 0.827250102514385,
      "all_candidates_improvement_pct": 13.421370486290733,
      "affected_candidates_model_robust_mae": 1.1586724962086126,
      "affected_candidates_baseline_robust_mae": 1.3240686608241723,
      "affected_candidates_improvement_pct": 12.491509655746112,
      "unaffected_candidates_model_robust_mae": 0.5318342816700848,
      "unaffected_candidates_baseline_robust_mae": 0.6202052519238401,
      "unaffected_candidates_improvement_pct": 14.248665257127984,
      "horizon_01_all_candidates_model_robust_mae": 0.534154400219398,
      "horizon_01_all_candidates_baseline_robust_mae": 0.6003526910613428,
      "horizon_01_all_candidates_improvement_pct": 11.026566854379409,
      "horizon_01_affected_candidates_model_robust_mae": 0.7679422956923766,
      "horizon_01_affected_candidates_baseline_robust_mae": 0.8427632361549119,
      "horizon_01_affected_candidates_improvement_pct": 8.878049878386262,
      "horizon_02_all_candidates_model_robust_mae": 0.597270884120007,
      "horizon_02_all_candidates_baseline_robust_mae": 0.6733494887504019,
      "horizon_02_all_candidates_improvement_pct": 11.298531580024095,
      "horizon_02_affected_candidates_model_robust_mae": 0.8995443267484513,
      "horizon_02_affected_candidates_baseline_robust_mae": 0.9973475087895826,
      "horizon_02_affected_candidates_improvement_pct": 9.806329406670779,
      "horizon_03_all_candidates_model_robust_mae": 0.6438407403576292,
      "horizon_03_all_candidates_baseline_robust_mae": 0.7308534943862844,
      "horizon_03_all_candidates_improvement_pct": 11.905635629712902,
      "horizon_03_affected_candidates_model_robust_mae": 0.9985694627835805,
      "horizon_03_affected_candidates_baseline_robust_mae": 1.116654747019574,
      "horizon_03_affected_candidates_improvement_pct": 10.57491445329642,
      "horizon_04_all_candidates_model_robust_mae": 0.6752528101115554,
      "horizon_04_all_candidates_baseline_robust_mae": 0.773284867237372,
      "horizon_04_all_candidates_improvement_pct": 12.677353622093339,
      "horizon_04_affected_candidates_model_robust_mae": 1.0648899281459188,
      "horizon_04_affected_candidates_baseline_robust_mae": 1.2040969431001207,
      "horizon_04_affected_candidates_improvement_pct": 11.561113559161896,
      "horizon_05_all_candidates_model_robust_mae": 0.7012800197588078,
      "horizon_05_all_candidates_baseline_robust_mae": 0.8061880555422644,
      "horizon_05_all_candidates_improvement_pct": 13.012849181062661,
      "horizon_05_affected_candidates_model_robust_mae": 1.1253370170968666,
      "horizon_05_affected_candidates_baseline_robust_mae": 1.2793815410253246,
      "horizon_05_affected_candidates_improvement_pct": 12.040546075489203,
      "horizon_06_all_candidates_model_robust_mae": 0.7247549555563082,
      "horizon_06_all_candidates_baseline_robust_mae": 0.837740935448321,
      "horizon_06_all_candidates_improvement_pct": 13.486983279806877,
      "horizon_06_affected_candidates_model_robust_mae": 1.1779499350702438,
      "horizon_06_affected_candidates_baseline_robust_mae": 1.346644229576236,
      "horizon_06_affected_candidates_improvement_pct": 12.52701276261193,
      "horizon_07_all_candidates_model_robust_mae": 0.7443512659404428,
      "horizon_07_all_candidates_baseline_robust_mae": 0.8643465291235348,
      "horizon_07_all_candidates_improvement_pct": 13.882772607968905,
      "horizon_07_affected_candidates_model_robust_mae": 1.2187450151661445,
      "horizon_07_affected_candidates_baseline_robust_mae": 1.401758678996387,
      "horizon_07_affected_candidates_improvement_pct": 13.056003616918867,
      "horizon_08_all_candidates_model_robust_mae": 0.7656112864388787,
      "horizon_08_all_candidates_baseline_robust_mae": 0.8908410379620302,
      "horizon_08_all_candidates_improvement_pct": 14.057474474866874,
      "horizon_08_affected_candidates_model_robust_mae": 1.2653337264514823,
      "horizon_08_affected_candidates_baseline_robust_mae": 1.459318947694711,
      "horizon_08_affected_candidates_improvement_pct": 13.292859765143701,
      "horizon_09_all_candidates_model_robust_mae": 0.7827395390348388,
      "horizon_09_all_candidates_baseline_robust_mae": 0.911975627290561,
      "horizon_09_all_candidates_improvement_pct": 14.171002424667517,
      "horizon_09_affected_candidates_model_robust_mae": 1.3033339084307334,
      "horizon_09_affected_candidates_baseline_robust_mae": 1.5058868829427,
      "horizon_09_affected_candidates_improvement_pct": 13.450743001104541,
      "horizon_10_all_candidates_model_robust_mae": 0.7950185418674693,
      "horizon_10_all_candidates_baseline_robust_mae": 0.9289248027645703,
      "horizon_10_all_candidates_improvement_pct": 14.415188452131213,
      "horizon_10_affected_candidates_model_robust_mae": 1.3303692629088375,
      "horizon_10_affected_candidates_baseline_robust_mae": 1.5406091656416363,
      "horizon_10_affected_candidates_improvement_pct": 13.646543680352414,
      "horizon_11_all_candidates_model_robust_mae": 0.8091512238518048,
      "horizon_11_all_candidates_baseline_robust_mae": 0.9471625830397096,
      "horizon_11_all_candidates_improvement_pct": 14.571031590478132,
      "horizon_11_affected_candidates_model_robust_mae": 1.361329854526758,
      "horizon_11_affected_candidates_baseline_robust_mae": 1.579863786064337,
      "horizon_11_affected_candidates_improvement_pct": 13.83245400427702,
      "horizon_12_all_candidates_model_robust_mae": 0.8213253922091244,
      "horizon_12_all_candidates_baseline_robust_mae": 0.962095373567048,
      "horizon_12_all_candidates_improvement_pct": 14.631603604537386,
      "horizon_12_affected_candidates_model_robust_mae": 1.3909117246567309,
      "horizon_12_affected_candidates_baseline_robust_mae": 1.6147309201281246,
      "horizon_12_affected_candidates_improvement_pct": 13.861083148988952,
      "affected_node_rate": 0.23427743925374256
    },
    "test": {
      "all_candidates_model_robust_mae": 0.709979209058309,
      "all_candidates_baseline_robust_mae": 0.8328134175155775,
      "all_candidates_improvement_pct": 14.749307092542235,
      "affected_candidates_model_robust_mae": 1.1085020731970538,
      "affected_candidates_baseline_robust_mae": 1.293837023264936,
      "affected_candidates_improvement_pct": 14.324443244033807,
      "unaffected_candidates_model_robust_mae": 0.5230004662350589,
      "unaffected_candidates_baseline_robust_mae": 0.6165106205771105,
      "unaffected_candidates_improvement_pct": 15.16764695059389,
      "horizon_01_all_candidates_model_robust_mae": 0.5246003519130384,
      "horizon_01_all_candidates_baseline_robust_mae": 0.591224841429918,
      "horizon_01_all_candidates_improvement_pct": 11.268892111458591,
      "horizon_01_affected_candidates_model_robust_mae": 0.7356529444478593,
      "horizon_01_affected_candidates_baseline_robust_mae": 0.8144241979669616,
      "horizon_01_affected_candidates_improvement_pct": 9.672017815253787,
      "horizon_02_all_candidates_model_robust_mae": 0.5853463773906287,
      "horizon_02_all_candidates_baseline_robust_mae": 0.6647113468303868,
      "horizon_02_all_candidates_improvement_pct": 11.9397645035251,
      "horizon_02_affected_candidates_model_robust_mae": 0.8560341974078421,
      "horizon_02_affected_candidates_baseline_robust_mae": 0.9614806884368053,
      "horizon_02_affected_candidates_improvement_pct": 10.96709401417102,
      "horizon_03_all_candidates_model_robust_mae": 0.631497146760375,
      "horizon_03_all_candidates_baseline_robust_mae": 0.7255605875606053,
      "horizon_03_all_candidates_improvement_pct": 12.96424342955001,
      "horizon_03_affected_candidates_model_robust_mae": 0.948187351829529,
      "horizon_03_affected_candidates_baseline_robust_mae": 1.0792830611036868,