{
  "metrics": {
    "val": {
      "all_candidates_model_robust_mae": 0.7073098099261292,
      "all_candidates_baseline_robust_mae": 0.8218168869426726,
      "all_candidates_improvement_pct": 13.93340521907906,
      "affected_candidates_model_robust_mae": 1.1435303147606795,
      "affected_candidates_baseline_robust_mae": 1.321900093170066,
      "affected_candidates_improvement_pct": 13.49343867444896,
      "unaffected_candidates_model_robust_mae": 0.5293881898072624,
      "unaffected_candidates_baseline_robust_mae": 0.6178475281539271,
      "unaffected_candidates_improvement_pct": 14.31734114255878,
      "horizon_01_all_candidates_model_robust_mae": 0.5283524673869058,
      "horizon_01_all_candidates_baseline_robust_mae": 0.5962882424202636,
      "horizon_01_all_candidates_improvement_pct": 11.393109942536265,
      "horizon_01_affected_candidates_model_robust_mae": 0.7542645071791323,
      "horizon_01_affected_candidates_baseline_robust_mae": 0.8344840254504524,
      "horizon_01_affected_candidates_improvement_pct": 9.613068174434835,
      "horizon_02_all_candidates_model_robust_mae": 0.5878298059511119,
      "horizon_02_all_candidates_baseline_robust_mae": 0.6658843623079687,
      "horizon_02_all_candidates_improvement_pct": 11.72193863906311,
      "horizon_02_affected_candidates_model_robust_mae": 0.8717633544039447,
      "horizon_02_affected_candidates_baseline_robust_mae": 0.9774392338256852,
      "horizon_02_affected_candidates_improvement_pct": 10.811503750276772,
      "horizon_03_all_candidates_model_robust_mae": 0.6285155532561552,
      "horizon_03_all_candidates_baseline_robust_mae": 0.7185090804896771,
      "horizon_03_all_candidates_improvement_pct": 12.525036868314832,
      "horizon_03_affected_candidates_model_robust_mae": 0.9580265568919217,
      "horizon_03_affected_candidates_baseline_robust_mae": 1.0872711996786735,
      "horizon_03_affected_candidates_improvement_pct": 11.887065786801678,
      "horizon_04_all_candidates_model_robust_mae": 0.6672912282212451,
      "horizon_04_all_candidates_baseline_robust_mae": 0.7657993273023962,
      "horizon_04_all_candidates_improvement_pct": 12.863435050035315,
      "horizon_04_affected_candidates_model_robust_mae": 1.041779895237599,
      "horizon_04_affected_candidates_baseline_robust_mae": 1.187129695928143,
      "horizon_04_affected_candidates_improvement_pct": 12.243801261908798,
      "horizon_05_all_candidates_model_robust_mae": 0.691084313817062,
      "horizon_05_all_candidates_baseline_robust_mae": 0.7988252447729507,
      "horizon_05_all_candidates_improvement_pct": 13.487421893697382,
      "horizon_05_affected_candidates_model_robust_mae": 1.1123024023117574,
      "horizon_05_affected_candidates_baseline_robust_mae": 1.2785870019025969,
      "horizon_05_affected_candidates_improvement_pct": 13.005341000917442,
      "horizon_06_all_candidates_model_robust_mae": 0.712948607892639,
      "horizon_06_all_candidates_baseline_robust_mae": 0.8271635636319291,
      "horizon_06_all_candidates_improvement_pct": 13.80802549350607,
      "horizon_06_affected_candidates_model_robust_mae": 1.155851763023,
      "horizon_06_affected_candidates_baseline_robust_mae": 1.3361698379661417,
      "horizon_06_affected_candidates_improvement_pct": 13.495146336906826,
      "horizon_07_all_candidates_model_robust_mae": 0.7349943964987512,
      "horizon_07_all_candidates_baseline_robust_mae": 0.8581669754201103,
      "horizon_07_all_candidates_improvement_pct": 14.35298519394326,
      "horizon_07_affected_candidates_model_robust_mae": 1.20491177817008,
      "horizon_07_affected_candidates_baseline_robust_mae": 1.396760433062908,
      "horizon_07_affected_candidates_improvement_pct": 13.735258413078732,
      "horizon_08_all_candidates_model_robust_mae": 0.7550663065285432,
      "horizon_08_all_candidates_baseline_robust_mae": 0.8832959456348695,
      "horizon_08_all_candidates_improvement_pct": 14.51717736733877,
      "horizon_08_affected_candidates_model_robust_mae": 1.2543692544167766,
      "horizon_08_affected_candidates_baseline_robust_mae": 1.4631506402253955,
      "horizon_08_affected_candidates_improvement_pct": 14.269302153089074,
      "horizon_09_all_candidates_model_robust_mae": 0.7764293411159685,
      "horizon_09_all_candidates_baseline_robust_mae": 0.9114611392936798,
      "horizon_09_all_candidates_improvement_pct": 14.814871677617731,
      "horizon_09_affected_candidates_model_robust_mae": 1.302276034266734,
      "horizon_09_affected_candidates_baseline_robust_mae": 1.5233428762195156,
      "horizon_09_affected_candidates_improvement_pct": 14.511955607880198,
      "horizon_10_all_candidates_model_robust_mae": 0.7839724247061577,
      "horizon_10_all_candidates_baseline_robust_mae": 0.9254125011244565,
      "horizon_10_all_candidates_improvement_pct": 15.284003214397561,
      "horizon_10_affected_candidates_model_robust_mae": 1.3143971901330957,
      "horizon_10_affected_candidates_baseline_robust_mae": 1.546078384663797,
      "horizon_10_affected_candidates_improvement_pct": 14.985087226420388,
      "horizon_11_all_candidates_model_robust_mae": 0.8043744745747146,
      "horizon_11_all_candidates_baseline_robust_mae": 0.9489043907745328,
      "horizon_11_all_candidates_improvement_pct": 15.23124116665192,
      "horizon_11_affected_candidates_model_robust_mae": 1.3603787523888238,
      "horizon_11_affected_candidates_baseline_robust_mae": 1.6002097212676636,
      "horizon_11_affected_candidates_improvement_pct": 14.987471060283841,
      "horizon_12_all_candidates_model_robust_mae": 0.8169428821576857,
      "horizon_12_all_candidates_baseline_robust_mae": 0.9622013237750741,
      "horizon_12_all_candidates_improvement_pct": 15.096470772611845,
      "horizon_12_affected_candidates_model_robust_mae": 1.3923197195507608,
      "horizon_12_affected_candidates_baseline_robust_mae": 1.6325334546965442,
      "horizon_12_affected_candidates_improvement_pct": 14.714169222978304,
      "affected_node_rate": 0.23040841625624014
    },
    "test": {
      "all_candidates_model_robust_mae": 0.7081057921630417,
      "all_candidates_baseline_robust_mae": 0.8305550675168533,
      "all_candidates_improvement_pct": 14.743065227439223,
      "affected_candidates_model_robust_mae": 1.101527472958266,
      "affected_candidates_baseline_robust_mae": 1.288427198736098,
      "affected_candidates_improvement_pct": 14.506036969816694,
      "unaffected_candidates_model_robust_mae": 0.5238004036758938,
      "unaffected_candidates_baseline_robust_mae": 0.6160567199198358,
      "unaffected_candidates_improvement_pct": 14.97529582275263,
      "horizon_01_all_candidates_model_robust_mae": 0.5241415931563852,
      "horizon_01_all_candidates_baseline_robust_mae": 0.5892743176977213,
      "horizon_01_all_candidates_improvement_pct": 11.05303974485226,
      "horizon_01_affected_candidates_model_robust_mae": 0.7307844541228617,
      "horizon_01_affected_candidates_baseline_robust_mae": 0.8069023430602876,
      "horizon_01_affected_candidates_improvement_pct": 9.433345880337683,
      "horizon_02_all_candidates_model_robust_mae": 0.5852066790410206,
      "horizon_02_all_candidates_baseline_robust_mae": 0.6626268678422095,
      "horizon_02_all_candidates_improvement_pct": 11.683828796936863,
      "horizon_02_affected_candidates_model_robust_mae": 0.8560696493640405,
      "horizon_02_affected_candidates_baseline_robust_mae": 0.9595131967832721,
      "horizon_02_affected_candidates_improvement_pct": 10.78083634138871,
      "horizon_03_all_candidates_model_robust_mae": 0.626379637971007,
      "horizon_03_all_candidates_baseline_robust_mae": 0.7171255289241326,
      "horizon_03_all_candidates_improvement_pct": 12.654115255005225,
      "horizon_03_affected_candidates_model_robust_mae": 0.9305274722573743,
      "horizon_03_affected_candidates_baseline_robust_mae": 1.055717821613149,