{
  "metrics": {
    "train": {
      "all_candidates_model_robust_mae": 0.657495140465868,
      "all_candidates_baseline_robust_mae": 0.7568154080799632,
      "all_candidates_improvement_pct": 13.123446821209704,
      "affected_candidates_model_robust_mae": 1.0084430138896376,
      "affected_candidates_baseline_robust_mae": 1.1386817390426889,
      "affected_candidates_improvement_pct": 11.43767575148306,
      "unaffected_candidates_model_robust_mae": 0.5136828947226502,
      "unaffected_candidates_baseline_robust_mae": 0.600333329916572,
      "unaffected_candidates_improvement_pct": 14.43372054754374,
      "horizon_01_all_candidates_model_robust_mae": 0.5011938508217609,
      "horizon_01_all_candidates_baseline_robust_mae": 0.5654217571776118,
      "horizon_01_all_candidates_improvement_pct": 11.359291633285242,
      "horizon_01_affected_candidates_model_robust_mae": 0.688585347155869,
      "horizon_01_affected_candidates_baseline_robust_mae": 0.7520198276756079,
      "horizon_01_affected_candidates_improvement_pct": 8.435213831503129,
      "horizon_02_all_candidates_model_robust_mae": 0.5582665319951614,
      "horizon_02_all_candidates_baseline_robust_mae": 0.6292246027903531,
      "horizon_02_all_candidates_improvement_pct": 11.277065531214406,
      "horizon_02_affected_candidates_model_robust_mae": 0.8019181813750802,
      "horizon_02_affected_candidates_baseline_robust_mae": 0.8813356330455946,
      "horizon_02_affected_candidates_improvement_pct": 9.01103378698928,
      "horizon_03_all_candidates_model_robust_mae": 0.5991326465894119,
      "horizon_03_all_candidates_baseline_robust_mae": 0.6793470804364538,
      "horizon_03_all_candidates_improvement_pct": 11.807577622252712,
      "horizon_03_affected_candidates_model_robust_mae": 0.882054857196947,
      "horizon_03_affected_candidates_baseline_robust_mae": 0.9767396385572247,
      "horizon_03_affected_candidates_improvement_pct": 9.693963224441244,
      "horizon_04_all_candidates_model_robust_mae": 0.6270830574009014,
      "horizon_04_all_candidates_baseline_robust_mae": 0.7151619962365351,
      "horizon_04_all_candidates_improvement_pct": 12.315942303861199,
      "horizon_04_affected_candidates_model_robust_mae": 0.9407194639966542,
      "horizon_04_affected_candidates_baseline_robust_mae": 1.0490735586229556,
      "horizon_04_affected_candidates_improvement_pct": 10.328550723223845,
      "horizon_05_all_candidates_model_robust_mae": 0.6478559730234443,
      "horizon_05_all_candidates_baseline_robust_mae": 0.7417047614855818,
      "horizon_05_all_candidates_improvement_pct": 12.653119318550022,
      "horizon_05_affected_candidates_model_robust_mae": 0.9862213446305813,
      "horizon_05_affected_candidates_baseline_robust_mae": 1.10694149508833,
      "horizon_05_affected_candidates_improvement_pct": 10.905739010905513,
      "horizon_06_all_candidates_model_robust_mae": 0.6662019410979451,
      "horizon_06_all_candidates_baseline_robust_mae": 0.7669953051349603,
      "horizon_06_all_candidates_improvement_pct": 13.141327380000018,
      "horizon_06_affected_candidates_model_robust_mae": 1.026599962877779,
      "horizon_06_affected_candidates_baseline_robust_mae": 1.1594224100931767,
      "horizon_06_affected_candidates_improvement_pct": 11.455915122834599,
      "horizon_07_all_candidates_model_robust_mae": 0.6834218410709094,
      "horizon_07_all_candidates_baseline_robust_mae": 0.7887614821847814,
      "horizon_07_all_candidates_improvement_pct": 13.355069116977276,
      "horizon_07_affected_candidates_model_robust_mae": 1.0610087354373792,
      "horizon_07_affected_candidates_baseline_robust_mae": 1.2043536314544485,
      "horizon_07_affected_candidates_improvement_pct": 11.902226412018004,
      "horizon_08_all_candidates_model_robust_mae": 0.6987807051316121,
      "horizon_08_all_candidates_baseline_robust_mae": 0.8087404391557581,
      "horizon_08_all_candidates_improvement_pct": 13.596418418118516,
      "horizon_08_affected_candidates_model_robust_mae": 1.0946975391746017,
      "horizon_08_affected_candidates_baseline_robust_mae": 1.2461668502217418,
      "horizon_08_affected_candidates_improvement_pct": 12.154817873721148,
      "horizon_09_all_candidates_model_robust_mae": 0.7117042598315079,
      "horizon_09_all_candidates_baseline_robust_mae": 0.825927379240041,
      "horizon_09_all_candidates_improvement_pct": 13.829680705540122,
      "horizon_09_affected_candidates_model_robust_mae": 1.121394636427119,
      "horizon_09_affected_candidates_baseline_robust_mae": 1.2794429848108118,
      "horizon_09_affected_candidates_improvement_pct": 12.352902806924451,
      "horizon_10_all_candidates_model_robust_mae": 0.7218478997002281,
      "horizon_10_all_candidates_baseline_robust_mae": 0.8405281223304173,
      "horizon_10_all_candidates_improvement_pct": 14.119720622927021,
      "horizon_10_affected_candidates_model_robust_mae": 1.1431308855473574,
      "horizon_10_affected_candidates_baseline_robust_mae": 1.308324388339257,
      "horizon_10_affected_candidates_improvement_pct": 12.626341315978268,
      "horizon_11_all_candidates_model_robust_mae": 0.7316967707050047,
      "horizon_11_all_candidates_baseline_robust_mae": 0.8542083073163349,
      "horizon_11_all_candidates_improvement_pct": 14.342114863788263,
      "horizon_11_affected_candidates_model_robust_mae": 1.1647405870097003,
      "horizon_11_affected_candidates_baseline_robust_mae": 1.3354327533939512,
      "horizon_11_affected_candidates_improvement_pct": 12.781786724224286,
      "horizon_12_all_candidates_model_robust_mae": 0.7429307582580108,
      "horizon_12_all_candidates_baseline_robust_mae": 0.8659857962008455,
      "horizon_12_all_candidates_improvement_pct": 14.209821741036372,
      "horizon_12_affected_candidates_model_robust_mae": 1.190454863372351,
      "horizon_12_affected_candidates_baseline_robust_mae": 1.3651884539030759,
      "horizon_12_affected_candidates_improvement_pct": 12.799228562998843,
      "affected_node_rate": 0.22748324205772144
    },
    "val": {
      "all_candidates_model_robust_mae": 0.7166025399761108,
      "all_candidates_baseline_robust_mae": 0.8272501030143089,
      "all_candidates_improvement_pct": 13.375345936497785,
      "affected_candidates_model_robust_mae": 1.1661215821066664,
      "affected_candidates_baseline_robust_mae": 1.3240686561504758,
      "affected_candidates_improvement_pct": 11.928918739230335,
      "unaffected_candidates_model_robust_mae": 0.5292693508448385,
      "unaffected_candidates_baseline_robust_mae": 0.6202052568816798,
      "unaffected_candidates_improvement_pct": 14.66222754932077,
      "horizon_01_all_candidates_model_robust_mae": 0.5332732942515197,
      "horizon_01_all_candidates_baseline_robust_mae": 0.6003526906864666,
      "horizon_01_all_candidates_improvement_pct": 11.1733315225498,
      "horizon_01_affected_candidates_model_robust_mae": 0.7704034479406008,
      "horizon_01_affected_candidates_baseline_robust_mae": 0.8427632380664469,
      "horizon_01_affected_candidates_improvement_pct": 8.586016434682335,
      "horizon_02_all_candidates_model_robust_mae": 0.597392039813128,
      "horizon_02_all_candidates_baseline_robust_mae": 0.6733494921245166,
      "horizon_02_all_candidates_improvement_pct": 11.280539036530879,
      "horizon_02_affected_candidates_model_robust_mae": 0.903823856402511,
      "horizon_02_affected_candidates_baseline_robust_mae": 0.9973475097454872,
      "horizon_02_affected_candidates_improvement_pct": 9.37723836768215,
      "horizon_03_all_candidates_model_robust_mae": 0.6451177077263058,
      "horizon_03_all_candidates_baseline_robust_mae": 0.730853489887192,
      "horizon_03_all_candidates_improvement_pct": 11.730912330201717,
      "horizon_03_affected_candidates_model_robust_mae": 1.0048070813493264,
      "horizon_03_affected_candidates_baseline_robust_mae": 1.1166547482942168,