epoch,train_loss,val_loss
1,0.3606972424756913,0.41324559156309454
2,0.3593614203589303,0.41303791518857813
3,0.35905909595035373,0.4129283273803661
