{
  "metrics": {
    "val": {
      "all_candidates_model_robust_mae": 0.7162292321196135,
      "all_candidates_baseline_robust_mae": 0.827250102514385,
      "all_candidates_improvement_pct": 13.420472243802585,
      "affected_candidates_model_robust_mae": 1.1586667343375425,
      "affected_candidates_baseline_robust_mae": 1.3240686608241723,
      "affected_candidates_improvement_pct": 12.49194481981581,
      "unaffected_candidates_model_robust_mae": 0.5318472117159304,
      "unaffected_candidates_baseline_robust_mae": 0.6202052519238401,
      "unaffected_candidates_improvement_pct": 14.246580456039075,
      "horizon_01_all_candidates_model_robust_mae": 0.5341528818298172,
      "horizon_01_all_candidates_baseline_robust_mae": 0.6003526910613428,
      "horizon_01_all_candidates_improvement_pct": 11.02681977064069,
      "horizon_01_affected_candidates_model_robust_mae": 0.7679380864921,
      "horizon_01_affected_candidates_baseline_robust_mae": 0.8427632361549119,
      "horizon_01_affected_candidates_improvement_pct": 8.878549330675586,
      "horizon_02_all_candidates_model_robust_mae": 0.5972728183312199,
      "horizon_02_all_candidates_baseline_robust_mae": 0.6733494887504019,
      "horizon_02_all_candidates_improvement_pct": 11.298244327825158,
      "horizon_02_affected_candidates_model_robust_mae": 0.8995427785013737,
      "horizon_02_affected_candidates_baseline_robust_mae": 0.9973475087895826,
      "horizon_02_affected_candidates_improvement_pct": 9.80648464314192,
      "horizon_03_all_candidates_model_robust_mae": 0.6438489021799111,
      "horizon_03_all_candidates_baseline_robust_mae": 0.7308534943862844,
      "horizon_03_all_candidates_improvement_pct": 11.90451887753964,
      "horizon_03_affected_candidates_model_robust_mae": 0.9985729599653274,
      "horizon_03_affected_candidates_baseline_robust_mae": 1.116654747019574,
      "horizon_03_affected_candidates_improvement_pct": 10.574601269498457,
      "horizon_04_all_candidates_model_robust_mae": 0.675256755848543,
      "horizon_04_all_candidates_baseline_robust_mae": 0.773284867237372,
      "horizon_04_all_candidates_improvement_pct": 12.676843365504226,
      "horizon_04_affected_candidates_model_robust_mae": 1.0648774192727708,
      "horizon_04_affected_candidates_baseline_robust_mae": 1.2040969431001207,
      "horizon_04_affected_candidates_improvement_pct": 11.562152418468006,
      "horizon_05_all_candidates_model_robust_mae": 0.7012865044652987,
      "horizon_05_all_candidates_baseline_robust_mae": 0.8061880555422644,
      "horizon_05_all_candidates_improvement_pct": 13.012044814581873,
      "horizon_05_affected_candidates_model_robust_mae": 1.1253192460186259,
      "horizon_05_affected_candidates_baseline_robust_mae": 1.2793815410253246,
      "horizon_05_affected_candidates_improvement_pct": 12.041935112119083,
      "horizon_06_all_candidates_model_robust_mae": 0.7247690603527845,
      "horizon_06_all_candidates_baseline_robust_mae": 0.837740935448321,
      "horizon_06_all_candidates_improvement_pct": 13.485299609368974,
      "horizon_06_affected_candidates_model_robust_mae": 1.1779651872870494,
      "horizon_06_affected_candidates_baseline_robust_mae": 1.346644229576236,
      "horizon_06_affected_candidates_improvement_pct": 12.525880153384445,
      "horizon_07_all_candidates_model_robust_mae": 0.7443587167305751,
      "horizon_07_all_candidates_baseline_robust_mae": 0.8643465291235348,
      "horizon_07_all_candidates_improvement_pct": 13.881910593732568,
      "horizon_07_affected_candidates_model_robust_mae": 1.218734447758132,
      "horizon_07_affected_candidates_baseline_robust_mae": 1.401758678996387,
      "horizon_07_affected_candidates_improvement_pct": 13.05675748476866,
      "horizon_08_all_candidates_model_robust_mae": 0.765620809529104,
      "horizon_08_all_candidates_baseline_robust_mae": 0.8908410379620302,
      "horizon_08_all_candidates_improvement_pct": 14.05640547491968,
      "horizon_08_affected_candidates_model_robust_mae": 1.2653309208463448,
      "horizon_08_affected_candidates_baseline_robust_mae": 1.459318947694711,
      "horizon_08_affected_candidates_improvement_pct": 13.293052019560871,
      "horizon_09_all_candidates_model_robust_mae": 0.7827532579396558,
      "horizon_09_all_candidates_baseline_robust_mae": 0.911975627290561,
      "horizon_09_all_candidates_improvement_pct": 14.169498118586695,
      "horizon_09_affected_candidates_model_robust_mae": 1.303326061970863,
      "horizon_09_affected_candidates_baseline_robust_mae": 1.5058868829427,
      "horizon_09_affected_candidates_improvement_pct": 13.451264053512867,
      "horizon_10_all_candidates_model_robust_mae": 0.7950339482722216,
      "horizon_10_all_candidates_baseline_robust_mae": 0.9289248027645703,
      "horizon_10_all_candidates_improvement_pct": 14.413529932011349,
      "horizon_10_affected_candidates_model_robust_mae": 1.330372161669636,
      "horizon_10_affected_candidates_baseline_robust_mae": 1.5406091656416363,
      "horizon_10_affected_candidates_improvement_pct": 13.646355523559432,
      "horizon_11_all_candidates_model_robust_mae": 0.8091550822652407,
      "horizon_11_all_candidates_baseline_robust_mae": 0.9471625830397096,
      "horizon_11_all_candidates_improvement_pct": 14.570624224994638,
      "horizon_11_affected_candidates_model_robust_mae": 1.3613084626383747,
      "horizon_11_affected_candidates_baseline_robust_mae": 1.579863786064337,
      "horizon_11_affected_candidates_improvement_pct": 13.833808037996386,
      "horizon_12_all_candidates_model_robust_mae": 0.8213315104144419,
      "horizon_12_all_candidates_baseline_robust_mae": 0.962095373567048,
      "horizon_12_all_candidates_improvement_pct": 14.630967679504838,
      "horizon_12_affected_candidates_model_robust_mae": 1.390899519418055,
      "horizon_12_affected_candidates_baseline_robust_mae": 1.6147309201281246,
      "horizon_12_affected_candidates_improvement_pct": 13.861839017259252,
      "affected_node_rate": 0.23427743925374256
    },
    "test": {
      "all_candidates_model_robust_mae": 0.7099525367062998,
      "all_candidates_baseline_robust_mae": 0.8328134175155775,
      "all_candidates_improvement_pct": 14.75250977293238,
      "affected_candidates_model_robust_mae": 1.1084202890971393,
      "affected_candidates_baseline_robust_mae": 1.293837023264936,
      "affected_candidates_improvement_pct": 14.33076429517425,
      "unaffected_candidates_model_robust_mae": 0.5229996610552248,
      "unaffected_candidates_baseline_robust_mae": 0.6165106205771105,
      "unaffected_candidates_improvement_pct": 15.16777755334545,
      "horizon_01_all_candidates_model_robust_mae": 0.5245966669736738,
      "horizon_01_all_candidates_baseline_robust_mae": 0.591224841429918,
      "horizon_01_all_candidates_improvement_pct": 11.269515383538252,
      "horizon_01_affected_candidates_model_robust_mae": 0.7356560207848153,
      "horizon_01_affected_candidates_baseline_robust_mae": 0.8144241979669616,
      "horizon_01_affected_candidates_improvement_pct": 9.67164008372719,
      "horizon_02_all_candidates_model_robust_mae": 0.5853432651971077,
      "horizon_02_all_candidates_baseline_robust_mae": 0.6647113468303868,
      "horizon_02_all_candidates_improvement_pct": 11.940232705780986,
      "horizon_02_affected_candidates_model_robust_mae": 0.856036372062361,
      "horizon_02_affected_candidates_baseline_robust_mae": 0.9614806884368053,
      "horizon_02_affected_candidates_improvement_pct": 10.96686783651139,
      "horizon_03_all_candidates_model_robust_mae": 0.6314864572404765,
      "horizon_03_all_candidates_baseline_robust_mae": 0.7255605875606053,
      "horizon_03_all_candidates_improvement_pct": 12.965716706914002,
      "horizon_03_affected_candidates_model_robust_mae": 0.9481648938984522,
      "horizon_03_affected_candidates_baseline_robust_mae": 1.0792830611036868,