{
  "metrics": {
    "val": {
      "all_candidates_model_robust_mae": 0.7175237306603458,
      "all_candidates_baseline_robust_mae": 0.8272501102632047,
      "all_candidates_improvement_pct": 13.263990931103951,
      "affected_candidates_model_robust_mae": 1.1596534834776162,
      "affected_candidates_baseline_robust_mae": 1.3240686546633906,
      "affected_candidates_improvement_pct": 12.417420396344376,
      "unaffected_candidates_model_robust_mae": 0.5332699625218484,
      "unaffected_candidates_baseline_robust_mae": 0.6202052552880885,
      "unaffected_candidates_improvement_pct": 14.017180929216432,
      "horizon_01_all_candidates_model_robust_mae": 0.5346698428034673,
      "horizon_01_all_candidates_baseline_robust_mae": 0.6003526860005128,
      "horizon_01_all_candidates_improvement_pct": 10.940709474395428,
      "horizon_01_affected_candidates_model_robust_mae": 0.7676691783458317,
      "horizon_01_affected_candidates_baseline_robust_mae": 0.8427632402965712,
      "horizon_01_affected_candidates_improvement_pct": 8.910457689672569,
      "horizon_02_all_candidates_model_robust_mae": 0.5986424607339285,
      "horizon_02_all_candidates_baseline_robust_mae": 0.6733494887504019,
      "horizon_02_all_candidates_improvement_pct": 11.094836970191261,
      "horizon_02_affected_candidates_model_robust_mae": 0.9001850115189455,
      "horizon_02_affected_candidates_baseline_robust_mae": 0.9973475126132015,
      "horizon_02_affected_candidates_improvement_pct": 9.74209088261278,
      "horizon_03_all_candidates_model_robust_mae": 0.6454968415568965,
      "horizon_03_all_candidates_baseline_robust_mae": 0.7308534904495786,
      "horizon_03_all_candidates_improvement_pct": 11.679036907954792,
      "horizon_03_affected_candidates_model_robust_mae": 0.9991779054887884,
      "horizon_03_affected_candidates_baseline_robust_mae": 1.1166547427176545,
      "horizon_03_affected_candidates_improvement_pct": 10.520426120517548,
      "horizon_04_all_candidates_model_robust_mae": 0.6783018578893919,
      "horizon_04_all_candidates_baseline_robust_mae": 0.7732848661126429,
      "horizon_04_all_candidates_improvement_pct": 12.283055363638141,
      "horizon_04_affected_candidates_model_robust_mae": 1.0681961468837335,
      "horizon_04_affected_candidates_baseline_robust_mae": 1.2040969552088483,
      "horizon_04_affected_candidates_improvement_pct": 11.286533674652722,
      "horizon_05_all_candidates_model_robust_mae": 0.703618261186637,
      "horizon_05_all_candidates_baseline_robust_mae": 0.80618805385504,
      "horizon_05_all_candidates_improvement_pct": 12.722812274125564,
      "horizon_05_affected_candidates_model_robust_mae": 1.1278295881071263,
      "horizon_05_affected_candidates_baseline_robust_mae": 1.2793815399100616,
      "horizon_05_affected_candidates_improvement_pct": 11.845719754060951,
      "horizon_06_all_candidates_model_robust_mae": 0.7260427172645417,
      "horizon_06_all_candidates_baseline_robust_mae": 0.8377409271994909,
      "horizon_06_all_candidates_improvement_pct": 13.333264056747046,
      "horizon_06_affected_candidates_model_robust_mae": 1.1789140738536734,
      "horizon_06_affected_candidates_baseline_robust_mae": 1.346644237542608,
      "horizon_06_affected_candidates_improvement_pct": 12.45541762351525,
      "horizon_07_all_candidates_model_robust_mae": 0.7457309422361551,
      "horizon_07_all_candidates_baseline_robust_mae": 0.8643465388721971,
      "horizon_07_all_candidates_improvement_pct": 13.723152844553777,
      "horizon_07_affected_candidates_model_robust_mae": 1.2198212719532493,
      "horizon_07_affected_candidates_baseline_robust_mae": 1.4017586805897237,
      "horizon_07_affected_candidates_improvement_pct": 12.979224680808317,
      "horizon_08_all_candidates_model_robust_mae": 0.7665825212874496,
      "horizon_08_all_candidates_baseline_robust_mae": 0.8908410368372225,
      "horizon_08_all_candidates_improvement_pct": 13.948449881802851,
      "horizon_08_affected_candidates_model_robust_mae": 1.266460486536955,
      "horizon_08_affected_candidates_baseline_robust_mae": 1.4593189470573813,
      "horizon_08_affected_candidates_improvement_pct": 13.215648361813733,
      "horizon_09_all_candidates_model_robust_mae": 0.783247556610879,
      "horizon_09_all_candidates_baseline_robust_mae": 0.9119756261656342,
      "horizon_09_all_candidates_improvement_pct": 14.115297148454216,
      "horizon_09_affected_candidates_model_robust_mae": 1.3029613865445686,
      "horizon_09_affected_candidates_baseline_robust_mae": 1.5058868737007916,
      "horizon_09_affected_candidates_improvement_pct": 13.4754801771745,
      "horizon_10_all_candidates_model_robust_mae": 0.7955949413760111,
      "horizon_10_all_candidates_baseline_robust_mae": 0.9289248031395567,
      "horizon_10_all_candidates_improvement_pct": 14.353138307096629,
      "horizon_10_affected_candidates_model_robust_mae": 1.3305556738317454,
      "horizon_10_affected_candidates_baseline_robust_mae": 1.5406091605425325,
      "horizon_10_affected_candidates_improvement_pct": 13.634443575346246,
      "horizon_11_all_candidates_model_robust_mae": 0.8101432054745064,
      "horizon_11_all_candidates_baseline_robust_mae": 0.9471625751648224,
      "horizon_11_all_candidates_improvement_pct": 14.466298952581855,
      "horizon_11_affected_candidates_model_robust_mae": 1.3618499438669252,
      "horizon_11_affected_candidates_baseline_robust_mae": 1.5798637806463696,
      "horizon_11_affected_candidates_improvement_pct": 13.799533823748302,
      "horizon_12_all_candidates_model_robust_mae": 0.8223028136858397,
      "horizon_12_all_candidates_baseline_robust_mae": 0.962095373567048,
      "horizon_12_all_candidates_improvement_pct": 14.530010612452678,
      "horizon_12_affected_candidates_model_robust_mae": 1.39240768307137,
      "horizon_12_affected_candidates_baseline_robust_mae": 1.6147309258643616,
      "horizon_12_affected_candidates_improvement_pct": 13.768439015558114,
      "affected_node_rate": 0.23427743925374256
    },
    "test": {
      "all_candidates_model_robust_mae": 0.7104358415846804,
      "all_candidates_baseline_robust_mae": 0.8328134196658367,
      "all_candidates_improvement_pct": 14.694477201179083,
      "affected_candidates_model_robust_mae": 1.106084242263825,
      "affected_candidates_baseline_robust_mae": 1.293837027683651,
      "affected_candidates_improvement_pct": 14.511316448869817,
      "unaffected_candidates_model_robust_mae": 0.5248057421118313,
      "unaffected_candidates_baseline_robust_mae": 0.6165106195898865,
      "unaffected_candidates_improvement_pct": 14.874825276985316,
      "horizon_01_all_candidates_model_robust_mae": 0.5250094507678954,
      "horizon_01_all_candidates_baseline_robust_mae": 0.5912248439472282,
      "horizon_01_all_candidates_improvement_pct": 11.199697349870343,
      "horizon_01_affected_candidates_model_robust_mae": 0.7351283706253441,
      "horizon_01_affected_candidates_baseline_robust_mae": 0.8144241910254835,
      "horizon_01_affected_candidates_improvement_pct": 9.736427438420503,
      "horizon_02_all_candidates_model_robust_mae": 0.5864523727603486,
      "horizon_02_all_candidates_baseline_robust_mae": 0.6647113446148724,
      "horizon_02_all_candidates_improvement_pct": 11.77337689337412,
      "horizon_02_affected_candidates_model_robust_mae": 0.8551681057481861,
      "horizon_02_affected_candidates_baseline_robust_mae": 0.9614806863858398,
      "horizon_02_affected_candidates_improvement_pct": 11.05717276935407,
      "horizon_03_all_candidates_model_robust_mae": 0.6324467002133766,
      "horizon_03_all_candidates_baseline_robust_mae": 0.7255605942083166,
      "horizon_03_all_candidates_improvement_pct": 12.833372531282484,
      "horizon_03_affected_candidates_model_robust_mae": 0.9467261178068384,
      "horizon_03_affected_candidates_baseline_robust_mae": 1.0792830623658292,