{
  "metrics": {
    "val": {
      "all_candidates_model_robust_mae": 0.714733300886109,
      "all_candidates_baseline_robust_mae": 0.827250102514385,
      "all_candidates_improvement_pct": 13.601304041702369,
      "affected_candidates_model_robust_mae": 1.1562289468563494,
      "affected_candidates_baseline_robust_mae": 1.3240686608241723,
      "affected_candidates_improvement_pct": 12.676058193489027,
      "unaffected_candidates_model_robust_mae": 0.530743797399072,
      "unaffected_candidates_baseline_robust_mae": 0.6202052519238401,
      "unaffected_candidates_improvement_pct": 14.42449160939286,
      "horizon_01_all_candidates_model_robust_mae": 0.5325375707472545,
      "horizon_01_all_candidates_baseline_robust_mae": 0.6003526910613428,
      "horizon_01_all_candidates_improvement_pct": 11.295880125764125,
      "horizon_01_affected_candidates_model_robust_mae": 0.7665606459320229,
      "horizon_01_affected_candidates_baseline_robust_mae": 0.8427632361549119,
      "horizon_01_affected_candidates_improvement_pct": 9.041992691869378,
      "horizon_02_all_candidates_model_robust_mae": 0.5962464527276793,
      "horizon_02_all_candidates_baseline_robust_mae": 0.6733494887504019,
      "horizon_02_all_candidates_improvement_pct": 11.450671205796857,
      "horizon_02_affected_candidates_model_robust_mae": 0.8984634114315467,
      "horizon_02_affected_candidates_baseline_robust_mae": 0.9973475087895826,
      "horizon_02_affected_candidates_improvement_pct": 9.914708412722181,
      "horizon_03_all_candidates_model_robust_mae": 0.642900737388798,
      "horizon_03_all_candidates_baseline_robust_mae": 0.7308534943862844,
      "horizon_03_all_candidates_improvement_pct": 12.034252784320676,
      "horizon_03_affected_candidates_model_robust_mae": 0.9965981089572434,
      "horizon_03_affected_candidates_baseline_robust_mae": 1.116654747019574,
      "horizon_03_affected_candidates_improvement_pct": 10.75145548637748,
      "horizon_04_all_candidates_model_robust_mae": 0.6750784221834097,
      "horizon_04_all_candidates_baseline_robust_mae": 0.773284867237372,
      "horizon_04_all_candidates_improvement_pct": 12.699905198560707,
      "horizon_04_affected_candidates_model_robust_mae": 1.0645015332628402,
      "horizon_04_affected_candidates_baseline_robust_mae": 1.2040969431001207,
      "horizon_04_affected_candidates_improvement_pct": 11.593369673198573,
      "horizon_05_all_candidates_model_robust_mae": 0.7006673092222193,
      "horizon_05_all_candidates_baseline_robust_mae": 0.8061880555422644,
      "horizon_05_all_candidates_improvement_pct": 13.088850125554004,
      "horizon_05_affected_candidates_model_robust_mae": 1.1244232752493115,
      "horizon_05_affected_candidates_baseline_robust_mae": 1.2793815410253246,
      "horizon_05_affected_candidates_improvement_pct": 12.11196666569272,
      "horizon_06_all_candidates_model_robust_mae": 0.7234840347721275,
      "horizon_06_all_candidates_baseline_robust_mae": 0.837740935448321,
      "horizon_06_all_candidates_improvement_pct": 13.638691371223052,
      "horizon_06_affected_candidates_model_robust_mae": 1.1757670360006345,
      "horizon_06_affected_candidates_baseline_robust_mae": 1.346644229576236,
      "horizon_06_affected_candidates_improvement_pct": 12.689111928944543,
      "horizon_07_all_candidates_model_robust_mae": 0.74300806946724,
      "horizon_07_all_candidates_baseline_robust_mae": 0.8643465291235348,
      "horizon_07_all_candidates_improvement_pct": 14.038172835533286,
      "horizon_07_affected_candidates_model_robust_mae": 1.2164468243615256,
      "horizon_07_affected_candidates_baseline_robust_mae": 1.401758678996387,
      "horizon_07_affected_candidates_improvement_pct": 13.21995414842293,
      "horizon_08_all_candidates_model_robust_mae": 0.7637822599201706,
      "horizon_08_all_candidates_baseline_robust_mae": 0.8908410379620302,
      "horizon_08_all_candidates_improvement_pct": 14.26278905297526,
      "horizon_08_affected_candidates_model_robust_mae": 1.262591775855547,
      "horizon_08_affected_candidates_baseline_robust_mae": 1.459318947694711,
      "horizon_08_affected_candidates_improvement_pct": 13.480752247473687,
      "horizon_09_all_candidates_model_robust_mae": 0.7803615628634863,
      "horizon_09_all_candidates_baseline_robust_mae": 0.911975627290561,
      "horizon_09_all_candidates_improvement_pct": 14.431752394314989,
      "horizon_09_affected_candidates_model_robust_mae": 1.299074853996714,
      "horizon_09_affected_candidates_baseline_robust_mae": 1.5058868829427,
      "horizon_09_affected_candidates_improvement_pct": 13.733569983812336,
      "horizon_10_all_candidates_model_robust_mae": 0.792394732872994,
      "horizon_10_all_candidates_baseline_robust_mae": 0.9289248027645703,
      "horizon_10_all_candidates_improvement_pct": 14.697645006920864,
      "horizon_10_affected_candidates_model_robust_mae": 1.3258108453494435,
      "horizon_10_affected_candidates_baseline_robust_mae": 1.5406091656416363,
      "horizon_10_affected_candidates_improvement_pct": 13.942427780035512,
      "horizon_11_all_candidates_model_robust_mae": 0.8069911077723539,
      "horizon_11_all_candidates_baseline_robust_mae": 0.9471625830397096,
      "horizon_11_all_candidates_improvement_pct": 14.799093395086002,
      "horizon_11_affected_candidates_model_robust_mae": 1.3568806194138587,
      "horizon_11_affected_candidates_baseline_robust_mae": 1.579863786064337,
      "horizon_11_affected_candidates_improvement_pct": 14.114075442286117,
      "horizon_12_all_candidates_model_robust_mae": 0.819436334188515,
      "horizon_12_all_candidates_baseline_robust_mae": 0.962095373567048,
      "horizon_12_all_candidates_improvement_pct": 14.827951915994857,
      "horizon_12_affected_candidates_model_robust_mae": 1.387813766075167,
      "horizon_12_affected_candidates_baseline_robust_mae": 1.6147309201281246,
      "horizon_12_affected_candidates_improvement_pct": 14.052939175460407,
      "affected_node_rate": 0.23427743925374256
    },
    "test": {
      "all_candidates_model_robust_mae": 0.7074263826957603,
      "all_candidates_baseline_robust_mae": 0.8328134175155775,
      "all_candidates_improvement_pct": 15.05583750005707,
      "affected_candidates_model_robust_mae": 1.1026031553280389,
      "affected_candidates_baseline_robust_mae": 1.293837023264936,
      "affected_candidates_improvement_pct": 14.78036758094367,
      "unaffected_candidates_model_robust_mae": 0.5220175537133216,
      "unaffected_candidates_baseline_robust_mae": 0.6165106205771105,
      "unaffected_candidates_improvement_pct": 15.327078514127578,
      "horizon_01_all_candidates_model_robust_mae": 0.5229436673761598,
      "horizon_01_all_candidates_baseline_robust_mae": 0.591224841429918,
      "horizon_01_all_candidates_improvement_pct": 11.549104379412661,
      "horizon_01_affected_candidates_model_robust_mae": 0.7340959008283975,
      "horizon_01_affected_candidates_baseline_robust_mae": 0.8144241979669616,
      "horizon_01_affected_candidates_improvement_pct": 9.86320118423382,
      "horizon_02_all_candidates_model_robust_mae": 0.5841670759863116,
      "horizon_02_all_candidates_baseline_robust_mae": 0.6647113468303868,
      "horizon_02_all_candidates_improvement_pct": 12.11718007043854,
      "horizon_02_affected_candidates_model_robust_mae": 0.8537111747809342,
      "horizon_02_affected_candidates_baseline_robust_mae": 0.9614806884368053,
      "horizon_02_affected_candidates_improvement_pct": 11.20870288420301,
      "horizon_03_all_candidates_model_robust_mae": 0.6301987923230856,
      "horizon_03_all_candidates_baseline_robust_mae": 0.7255605875606053,
      "horizon_03_all_candidates_improvement_pct": 13.143188435597626,
      "horizon_03_affected_candidates_model_robust_mae": 0.945100089635335,
      "horizon_03_affected_candidates_baseline_robust_mae": 1.0792830611036868,