{
  "metrics": {
    "val": {
      "all_candidates_model_robust_mae": 0.7213496395861099,
      "all_candidates_baseline_robust_mae": 0.8342644371265286,
      "all_candidates_improvement_pct": 13.534653104635881,
      "affected_candidates_model_robust_mae": 1.1599269200165723,
      "affected_candidates_baseline_robust_mae": 1.3253566192646196,
      "affected_candidates_improvement_pct": 12.481900859244718,
      "unaffected_candidates_model_robust_mae": 0.5329042723912687,
      "unaffected_candidates_baseline_robust_mae": 0.6232547673964065,
      "unaffected_candidates_improvement_pct": 14.496558988641077,
      "horizon_01_all_candidates_model_robust_mae": 0.5376979806227353,
      "horizon_01_all_candidates_baseline_robust_mae": 0.6060511979248465,
      "horizon_01_all_candidates_improvement_pct": 11.278455935101928,
      "horizon_01_affected_candidates_model_robust_mae": 0.7799413729542302,
      "horizon_01_affected_candidates_baseline_robust_mae": 0.8545475629829588,
      "horizon_01_affected_candidates_improvement_pct": 8.730490058189584,
      "horizon_02_all_candidates_model_robust_mae": 0.602777200445265,
      "horizon_02_all_candidates_baseline_robust_mae": 0.6792279001471947,
      "horizon_02_all_candidates_improvement_pct": 11.2555299458933,
      "horizon_02_affected_candidates_model_robust_mae": 0.9070886554312643,
      "horizon_02_affected_candidates_baseline_robust_mae": 1.0048633651577705,
      "horizon_02_affected_candidates_improvement_pct": 9.730149701611916,
      "horizon_03_all_candidates_model_robust_mae": 0.6508090963513229,
      "horizon_03_all_candidates_baseline_robust_mae": 0.7388729911286108,
      "horizon_03_all_candidates_improvement_pct": 11.918678289048357,
      "horizon_03_affected_candidates_model_robust_mae": 1.0102350668320452,
      "horizon_03_affected_candidates_baseline_robust_mae": 1.1264019839049626,
      "horizon_03_affected_candidates_improvement_pct": 10.313095922487177,
      "horizon_04_all_candidates_model_robust_mae": 0.6787844815104537,
      "horizon_04_all_candidates_baseline_robust_mae": 0.7777049113828819,
      "horizon_04_all_candidates_improvement_pct": 12.719532617652124,
      "horizon_04_affected_candidates_model_robust_mae": 1.0660591647685378,
      "horizon_04_affected_candidates_baseline_robust_mae": 1.2044959379005613,
      "horizon_04_affected_candidates_improvement_pct": 11.49333665444477,
      "horizon_05_all_candidates_model_robust_mae": 0.7046082206821155,
      "horizon_05_all_candidates_baseline_robust_mae": 0.8121778471294635,
      "horizon_05_all_candidates_improvement_pct": 13.244590064545445,
      "horizon_05_affected_candidates_model_robust_mae": 1.1240370474601644,
      "horizon_05_affected_candidates_baseline_robust_mae": 1.2799844469058044,
      "horizon_05_affected_candidates_improvement_pct": 12.18353862209986,
      "horizon_06_all_candidates_model_robust_mae": 0.7314123653848401,
      "horizon_06_all_candidates_baseline_robust_mae": 0.8464704588017717,
      "horizon_06_all_candidates_improvement_pct": 13.592688583580703,
      "horizon_06_affected_candidates_model_robust_mae": 1.1791315563380953,
      "horizon_06_affected_candidates_baseline_robust_mae": 1.3513120374318337,
      "horizon_06_affected_candidates_improvement_pct": 12.741726287065948,
      "horizon_07_all_candidates_model_robust_mae": 0.753355711438831,
      "horizon_07_all_candidates_baseline_robust_mae": 0.8747980381006856,
      "horizon_07_all_candidates_improvement_pct": 13.882327276993403,
      "horizon_07_affected_candidates_model_robust_mae": 1.2197761997076875,
      "horizon_07_affected_candidates_baseline_robust_mae": 1.4029683934324289,
      "horizon_07_affected_candidates_improvement_pct": 13.057471186257658,
      "horizon_08_all_candidates_model_robust_mae": 0.7732662855760554,
      "horizon_08_all_candidates_baseline_robust_mae": 0.9004718298632542,
      "horizon_08_all_candidates_improvement_pct": 14.126543448507027,
      "horizon_08_affected_candidates_model_robust_mae": 1.271879890348267,
      "horizon_08_affected_candidates_baseline_robust_mae": 1.4661330620311295,
      "horizon_08_affected_candidates_improvement_pct": 13.249354830983133,
      "horizon_09_all_candidates_model_robust_mae": 0.7856382555921299,
      "horizon_09_all_candidates_baseline_robust_mae": 0.9181474510016505,
      "horizon_09_all_candidates_improvement_pct": 14.432234742356483,
      "horizon_09_affected_candidates_model_robust_mae": 1.294470342769475,
      "horizon_09_affected_candidates_baseline_robust_mae": 1.499009289704839,
      "horizon_09_affected_candidates_improvement_pct": 13.644941918648053,
      "horizon_10_all_candidates_model_robust_mae": 0.7966197207227225,
      "horizon_10_all_candidates_baseline_robust_mae": 0.9325457466778154,
      "horizon_10_all_candidates_improvement_pct": 14.575802467528055,
      "horizon_10_affected_candidates_model_robust_mae": 1.319600497634291,
      "horizon_10_affected_candidates_baseline_robust_mae": 1.5298621176509946,
      "horizon_10_affected_candidates_improvement_pct": 13.743828126128571,
      "horizon_11_all_candidates_model_robust_mae": 0.8139804814486662,
      "horizon_11_all_candidates_baseline_robust_mae": 0.9551026291148939,
      "horizon_11_all_candidates_improvement_pct": 14.775600376789605,
      "horizon_11_affected_candidates_model_robust_mae": 1.359885879325221,
      "horizon_11_affected_candidates_baseline_robust_mae": 1.5776494895939615,
      "horizon_11_affected_candidates_improvement_pct": 13.803041277868763,
      "horizon_12_all_candidates_model_robust_mae": 0.8273875059412313,
      "horizon_12_all_candidates_baseline_robust_mae": 0.9697845720630153,
      "horizon_12_all_candidates_improvement_pct": 14.68337094895867,
      "horizon_12_affected_candidates_model_robust_mae": 1.3870717751078854,
      "horizon_12_affected_candidates_baseline_robust_mae": 1.6071197841651788,
      "horizon_12_affected_candidates_improvement_pct": 13.69207268962828,
      "affected_node_rate": 0.24013498613385012
    },
    "test": {
      "all_candidates_model_robust_mae": 0.7029755554201145,
      "all_candidates_baseline_robust_mae": 0.8294129248937248,
      "all_candidates_improvement_pct": 15.244200527717974,
      "affected_candidates_model_robust_mae": 1.0902877883222237,
      "affected_candidates_baseline_robust_mae": 1.2852424294941056,
      "affected_candidates_improvement_pct": 15.168705661905319,
      "unaffected_candidates_model_robust_mae": 0.5214610220150473,
      "unaffected_candidates_baseline_robust_mae": 0.6157876679292987,
      "unaffected_candidates_improvement_pct": 15.318047246941862,
      "horizon_01_all_candidates_model_robust_mae": 0.5191308961684244,
      "horizon_01_all_candidates_baseline_robust_mae": 0.5881859476425729,
      "horizon_01_all_candidates_improvement_pct": 11.740343636382086,
      "horizon_01_affected_candidates_model_robust_mae": 0.7246228875999619,
      "horizon_01_affected_candidates_baseline_robust_mae": 0.8081600071993823,
      "horizon_01_affected_candidates_improvement_pct": 10.336705461200939,
      "horizon_02_all_candidates_model_robust_mae": 0.5837897883469468,
      "horizon_02_all_candidates_baseline_robust_mae": 0.6646552226633144,
      "horizon_02_all_candidates_improvement_pct": 12.166523568766198,
      "horizon_02_affected_candidates_model_robust_mae": 0.8516892803651358,
      "horizon_02_affected_candidates_baseline_robust_mae": 0.9598749413821493,
      "horizon_02_affected_candidates_improvement_pct": 11.270807930586681,
      "horizon_03_all_candidates_model_robust_mae": 0.629266168386585,
      "horizon_03_all_candidates_baseline_robust_mae": 0.7268808232295673,
      "horizon_03_all_candidates_improvement_pct": 13.429251635677433,
      "horizon_03_affected_candidates_model_robust_mae": 0.9414030371659255,
      "horizon_03_affected_candidates_baseline_robust_mae": 1.0790258103039858,