{
  "metrics": {
    "val": {
      "all_candidates_model_robust_mae": 0.7151697447194844,
      "all_candidates_baseline_robust_mae": 0.827250102514385,
      "all_candidates_improvement_pct": 13.548545651942268,
      "affected_candidates_model_robust_mae": 1.1569087010053851,
      "affected_candidates_baseline_robust_mae": 1.3240686608241723,
      "affected_candidates_improvement_pct": 12.624719908009734,
      "unaffected_candidates_model_robust_mae": 0.5310788401471237,
      "unaffected_candidates_baseline_robust_mae": 0.6202052519238401,
      "unaffected_candidates_improvement_pct": 14.370470340302917,
      "horizon_01_all_candidates_model_robust_mae": 0.5330474620694015,
      "horizon_01_all_candidates_baseline_robust_mae": 0.6003526910613428,
      "horizon_01_all_candidates_improvement_pct": 11.21094816331293,
      "horizon_01_affected_candidates_model_robust_mae": 0.7670496000423759,
      "horizon_01_affected_candidates_baseline_robust_mae": 0.8427632361549119,
      "horizon_01_affected_candidates_improvement_pct": 8.983974723194827,
      "horizon_02_all_candidates_model_robust_mae": 0.5968620482735331,
      "horizon_02_all_candidates_baseline_robust_mae": 0.6733494887504019,
      "horizon_02_all_candidates_improvement_pct": 11.359248318256512,
      "horizon_02_affected_candidates_model_robust_mae": 0.8993237600890522,
      "horizon_02_affected_candidates_baseline_robust_mae": 0.9973475087895826,
      "horizon_02_affected_candidates_improvement_pct": 9.828444733320238,
      "horizon_03_all_candidates_model_robust_mae": 0.6434358236344199,
      "horizon_03_all_candidates_baseline_robust_mae": 0.7308534943862844,
      "horizon_03_all_candidates_improvement_pct": 11.961038898127091,
      "horizon_03_affected_candidates_model_robust_mae": 0.9980187946186171,
      "horizon_03_affected_candidates_baseline_robust_mae": 1.116654747019574,
      "horizon_03_affected_candidates_improvement_pct": 10.624228546702032,
      "horizon_04_all_candidates_model_robust_mae": 0.6747365946220519,
      "horizon_04_all_candidates_baseline_robust_mae": 0.773284867237372,
      "horizon_04_all_candidates_improvement_pct": 12.744109808768458,
      "horizon_04_affected_candidates_model_robust_mae": 1.0646466402302555,
      "horizon_04_affected_candidates_baseline_robust_mae": 1.2040969431001207,
      "horizon_04_affected_candidates_improvement_pct": 11.58131856981801,
      "horizon_05_all_candidates_model_robust_mae": 0.7011032973412769,
      "horizon_05_all_candidates_baseline_robust_mae": 0.8061880555422644,
      "horizon_05_all_candidates_improvement_pct": 13.034769924779473,
      "horizon_05_affected_candidates_model_robust_mae": 1.124937543680071,
      "horizon_05_affected_candidates_baseline_robust_mae": 1.2793815410253246,
      "horizon_05_affected_candidates_improvement_pct": 12.071770022684458,
      "horizon_06_all_candidates_model_robust_mae": 0.7238238454694401,
      "horizon_06_all_candidates_baseline_robust_mae": 0.837740935448321,
      "horizon_06_all_candidates_improvement_pct": 13.598128628860374,
      "horizon_06_affected_candidates_model_robust_mae": 1.1762742948616747,
      "horizon_06_affected_candidates_baseline_robust_mae": 1.346644229576236,
      "horizon_06_affected_candidates_improvement_pct": 12.65144356413821,
      "horizon_07_all_candidates_model_robust_mae": 0.7434699401849376,
      "horizon_07_all_candidates_baseline_robust_mae": 0.8643465291235348,
      "horizon_07_all_candidates_improvement_pct": 13.984737008334905,
      "horizon_07_affected_candidates_model_robust_mae": 1.2160721701331387,
      "horizon_07_affected_candidates_baseline_robust_mae": 1.401758678996387,
      "horizon_07_affected_candidates_improvement_pct": 13.246681589743652,
      "horizon_08_all_candidates_model_robust_mae": 0.7643914935644686,
      "horizon_08_all_candidates_baseline_robust_mae": 0.8908410379620302,
      "horizon_08_all_candidates_improvement_pct": 14.194400460809396,
      "horizon_08_affected_candidates_model_robust_mae": 1.2636551499940607,
      "horizon_08_affected_candidates_baseline_robust_mae": 1.459318947694711,
      "horizon_08_affected_candidates_improvement_pct": 13.407884411405801,
      "horizon_09_all_candidates_model_robust_mae": 0.7809197730351781,
      "horizon_09_all_candidates_baseline_robust_mae": 0.911975627290561,
      "horizon_09_all_candidates_improvement_pct": 14.370543502872332,
      "horizon_09_affected_candidates_model_robust_mae": 1.299766708236112,
      "horizon_09_affected_candidates_baseline_robust_mae": 1.5058868829427,
      "horizon_09_affected_candidates_improvement_pct": 13.687626676434167,
      "horizon_10_all_candidates_model_robust_mae": 0.7931267214044828,
      "horizon_10_all_candidates_baseline_robust_mae": 0.9289248027645703,
      "horizon_10_all_candidates_improvement_pct": 14.61884546046561,
      "horizon_10_affected_candidates_model_robust_mae": 1.3267137678282768,
      "horizon_10_affected_candidates_baseline_robust_mae": 1.5406091656416363,
      "horizon_10_affected_candidates_improvement_pct": 13.883819633402993,
      "horizon_11_all_candidates_model_robust_mae": 0.807417082306208,
      "horizon_11_all_candidates_baseline_robust_mae": 0.9471625830397096,
      "horizon_11_all_candidates_improvement_pct": 14.754119644910292,
      "horizon_11_affected_candidates_model_robust_mae": 1.358080789637345,
      "horizon_11_affected_candidates_baseline_robust_mae": 1.579863786064337,
      "horizon_11_affected_candidates_improvement_pct": 14.038108752368114,
      "horizon_12_all_candidates_model_robust_mae": 0.8197918878807472,
      "horizon_12_all_candidates_baseline_robust_mae": 0.962095373567048,
      "horizon_12_all_candidates_improvement_pct": 14.790995736597184,
      "horizon_12_affected_candidates_model_robust_mae": 1.3885506254872615,
      "horizon_12_affected_candidates_baseline_robust_mae": 1.6147309201281246,
      "horizon_12_affected_candidates_improvement_pct": 14.007305602528271,
      "affected_node_rate": 0.23427743925374256
    },
    "test": {
      "all_candidates_model_robust_mae": 0.7085657684627099,
      "all_candidates_baseline_robust_mae": 0.8328134175155775,
      "all_candidates_improvement_pct": 14.919025851374872,
      "affected_candidates_model_robust_mae": 1.1051752244498425,
      "affected_candidates_baseline_robust_mae": 1.293837023264936,
      "affected_candidates_improvement_pct": 14.58157367757297,
      "unaffected_candidates_model_robust_mae": 0.5224847657290139,
      "unaffected_candidates_baseline_robust_mae": 0.6165106205771105,
      "unaffected_candidates_improvement_pct": 15.251295226687212,
      "horizon_01_all_candidates_model_robust_mae": 0.5236307307448792,
      "horizon_01_all_candidates_baseline_robust_mae": 0.591224841429918,
      "horizon_01_all_candidates_improvement_pct": 11.43289421357158,
      "horizon_01_affected_candidates_model_robust_mae": 0.7343956262871267,
      "horizon_01_affected_candidates_baseline_robust_mae": 0.8144241979669616,
      "horizon_01_affected_candidates_improvement_pct": 9.826399053418276,
      "horizon_02_all_candidates_model_robust_mae": 0.584919989959772,
      "horizon_02_all_candidates_baseline_robust_mae": 0.6647113468303868,
      "horizon_02_all_candidates_improvement_pct": 12.003910757818762,
      "horizon_02_affected_candidates_model_robust_mae": 0.8548606690140987,
      "horizon_02_affected_candidates_baseline_robust_mae": 0.9614806884368053,
      "horizon_02_affected_candidates_improvement_pct": 11.089148300633221,
      "horizon_03_all_candidates_model_robust_mae": 0.6312322576209298,
      "horizon_03_all_candidates_baseline_robust_mae": 0.7255605875606053,
      "horizon_03_all_candidates_improvement_pct": 13.00075163354932,
      "horizon_03_affected_candidates_model_robust_mae": 0.9475038947695525,
      "horizon_03_affected_candidates_baseline_robust_mae": 1.0792830611036868,