{
  "metrics": {
    "val": {
      "all_candidates_model_robust_mae": 0.706241603850631,
      "all_candidates_baseline_robust_mae": 0.8218168869426726,
      "all_candidates_improvement_pct": 14.063386251650952,
      "affected_candidates_model_robust_mae": 1.1444043492141667,
      "affected_candidates_baseline_robust_mae": 1.321900093170066,
      "affected_candidates_improvement_pct": 13.427319119877238,
      "unaffected_candidates_model_robust_mae": 0.5275278082562349,
      "unaffected_candidates_baseline_robust_mae": 0.6178475281539271,
      "unaffected_candidates_improvement_pct": 14.618448044545776,
      "horizon_01_all_candidates_model_robust_mae": 0.5275553541131889,
      "horizon_01_all_candidates_baseline_robust_mae": 0.5962882424202636,
      "horizon_01_all_candidates_improvement_pct": 11.526789129380788,
      "horizon_01_affected_candidates_model_robust_mae": 0.7543151134924742,
      "horizon_01_affected_candidates_baseline_robust_mae": 0.8344840254504524,
      "horizon_01_affected_candidates_improvement_pct": 9.607003790720052,
      "horizon_02_all_candidates_model_robust_mae": 0.586878185919102,
      "horizon_02_all_candidates_baseline_robust_mae": 0.6658843623079687,
      "horizon_02_all_candidates_improvement_pct": 11.864849343364911,
      "horizon_02_affected_candidates_model_robust_mae": 0.8716906254850182,
      "horizon_02_affected_candidates_baseline_robust_mae": 0.9774392338256852,
      "horizon_02_affected_candidates_improvement_pct": 10.818944511442236,
      "horizon_03_all_candidates_model_robust_mae": 0.6275156951618012,
      "horizon_03_all_candidates_baseline_robust_mae": 0.7185090804896771,
      "horizon_03_all_candidates_improvement_pct": 12.664194204179337,
      "horizon_03_affected_candidates_model_robust_mae": 0.9582694894815007,
      "horizon_03_affected_candidates_baseline_robust_mae": 1.0872711996786735,
      "horizon_03_affected_candidates_improvement_pct": 11.864722457037146,
      "horizon_04_all_candidates_model_robust_mae": 0.6662062946822922,
      "horizon_04_all_candidates_baseline_robust_mae": 0.7657993273023962,
      "horizon_04_all_candidates_improvement_pct": 13.005108397121514,
      "horizon_04_affected_candidates_model_robust_mae": 1.0421260341044463,
      "horizon_04_affected_candidates_baseline_robust_mae": 1.187129695928143,
      "horizon_04_affected_candidates_improvement_pct": 12.214643633383913,
      "horizon_05_all_candidates_model_robust_mae": 0.6897161084896999,
      "horizon_05_all_candidates_baseline_robust_mae": 0.7988252447729507,
      "horizon_05_all_candidates_improvement_pct": 13.65869907056615,
      "horizon_05_affected_candidates_model_robust_mae": 1.112847227688336,
      "horizon_05_affected_candidates_baseline_robust_mae": 1.2785870019025969,
      "horizon_05_affected_candidates_improvement_pct": 12.962729479310545,
      "horizon_06_all_candidates_model_robust_mae": 0.7116100243053987,
      "horizon_06_all_candidates_baseline_robust_mae": 0.8271635636319291,
      "horizon_06_all_candidates_improvement_pct": 13.96985365495976,
      "horizon_06_affected_candidates_model_robust_mae": 1.1564367968744922,
      "horizon_06_affected_candidates_baseline_robust_mae": 1.3361698379661417,
      "horizon_06_affected_candidates_improvement_pct": 13.45136194401987,
      "horizon_07_all_candidates_model_robust_mae": 0.7334525783639666,
      "horizon_07_all_candidates_baseline_robust_mae": 0.8581669754201103,
      "horizon_07_all_candidates_improvement_pct": 14.532649312808916,
      "horizon_07_affected_candidates_model_robust_mae": 1.2055627685191355,
      "horizon_07_affected_candidates_baseline_robust_mae": 1.396760433062908,
      "horizon_07_affected_candidates_improvement_pct": 13.68865125456781,
      "horizon_08_all_candidates_model_robust_mae": 0.7537372591381759,
      "horizon_08_all_candidates_baseline_robust_mae": 0.8832959456348695,
      "horizon_08_all_candidates_improvement_pct": 14.66764193099213,
      "horizon_08_affected_candidates_model_robust_mae": 1.255397526023044,
      "horizon_08_affected_candidates_baseline_robust_mae": 1.4631506402253955,
      "horizon_08_affected_candidates_improvement_pct": 14.199024248818798,
      "horizon_09_all_candidates_model_robust_mae": 0.7753433001731611,
      "horizon_09_all_candidates_baseline_robust_mae": 0.9114611392936798,
      "horizon_09_all_candidates_improvement_pct": 14.93402551709453,
      "horizon_09_affected_candidates_model_robust_mae": 1.3038541074629726,
      "horizon_09_affected_candidates_baseline_robust_mae": 1.5233428762195156,
      "horizon_09_affected_candidates_improvement_pct": 14.408362830385823,
      "horizon_10_all_candidates_model_robust_mae": 0.783116042173359,
      "horizon_10_all_candidates_baseline_robust_mae": 0.9254125011244565,
      "horizon_10_all_candidates_improvement_pct": 15.37654384160523,
      "horizon_10_affected_candidates_model_robust_mae": 1.3160731353672432,
      "horizon_10_affected_candidates_baseline_robust_mae": 1.546078384663797,
      "horizon_10_affected_candidates_improvement_pct": 14.876687467988223,
      "horizon_11_all_candidates_model_robust_mae": 0.8036088622320184,
      "horizon_11_all_candidates_baseline_robust_mae": 0.9489043907745328,
      "horizon_11_all_candidates_improvement_pct": 15.311924990031766,
      "horizon_11_affected_candidates_model_robust_mae": 1.3620887973060247,
      "horizon_11_affected_candidates_baseline_robust_mae": 1.6002097212676636,
      "horizon_11_affected_candidates_improvement_pct": 14.880607260216044,
      "horizon_12_all_candidates_model_robust_mae": 0.8162438562962014,
      "horizon_12_all_candidates_baseline_robust_mae": 0.9622013237750741,
      "horizon_12_all_candidates_improvement_pct": 15.169119379947132,
      "horizon_12_affected_candidates_model_robust_mae": 1.3944692637496139,
      "horizon_12_affected_candidates_baseline_robust_mae": 1.6325334546965442,
      "horizon_12_affected_candidates_improvement_pct": 14.582499994842788,
      "affected_node_rate": 0.23040841625624014
    },
    "test": {
      "all_candidates_model_robust_mae": 0.7065470401725934,
      "all_candidates_baseline_robust_mae": 0.8305550675168533,
      "all_candidates_improvement_pct": 14.930741162655487,
      "affected_candidates_model_robust_mae": 1.1013862079438477,
      "affected_candidates_baseline_robust_mae": 1.288427198736098,
      "affected_candidates_improvement_pct": 14.517001113895377,
      "unaffected_candidates_model_robust_mae": 0.5215775997134888,
      "unaffected_candidates_baseline_robust_mae": 0.6160567199198358,
      "unaffected_candidates_improvement_pct": 15.33610739911108,
      "horizon_01_all_candidates_model_robust_mae": 0.5231223265872176,
      "horizon_01_all_candidates_baseline_robust_mae": 0.5892743176977213,
      "horizon_01_all_candidates_improvement_pct": 11.2260095381312,
      "horizon_01_affected_candidates_model_robust_mae": 0.7306238037582822,
      "horizon_01_affected_candidates_baseline_robust_mae": 0.8069023430602876,
      "horizon_01_affected_candidates_improvement_pct": 9.453255398008718,
      "horizon_02_all_candidates_model_robust_mae": 0.5839018206623383,
      "horizon_02_all_candidates_baseline_robust_mae": 0.6626268678422095,
      "horizon_02_all_candidates_improvement_pct": 11.880750841907886,
      "horizon_02_affected_candidates_model_robust_mae": 0.8557226446448576,
      "horizon_02_affected_candidates_baseline_robust_mae": 0.9595131967832721,
      "horizon_02_affected_candidates_improvement_pct": 10.817001004922911,
      "horizon_03_all_candidates_model_robust_mae": 0.6250924213632173,
      "horizon_03_all_candidates_baseline_robust_mae": 0.7171255289241326,
      "horizon_03_all_candidates_improvement_pct": 12.833611947825643,
      "horizon_03_affected_candidates_model_robust_mae": 0.9303547356616172,
      "horizon_03_affected_candidates_baseline_robust_mae": 1.055717821613149,