epoch,train_loss,val_loss
1,0.3567313898177374,0.4110313166355034
2,0.3557314512275514,0.4109065865539843
3,0.3560375233491262,0.4108549880210115
