{
  "metrics": {
    "val": {
      "all_candidates_model_robust_mae": 0.7176521436060223,
      "all_candidates_baseline_robust_mae": 0.8243860967074997,
      "all_candidates_improvement_pct": 12.94708311163425,
      "affected_candidates_model_robust_mae": 1.1668034996733974,
      "affected_candidates_baseline_robust_mae": 1.3241227669562736,
      "affected_candidates_improvement_pct": 11.881018226467168,
      "unaffected_candidates_model_robust_mae": 0.5306116771141438,
      "unaffected_candidates_baseline_robust_mae": 0.6162803354377097,
      "unaffected_candidates_improvement_pct": 13.90092355660191,
      "horizon_01_all_candidates_model_robust_mae": 0.5367054958397671,
      "horizon_01_all_candidates_baseline_robust_mae": 0.6010695121455304,
      "horizon_01_all_candidates_improvement_pct": 10.708248381458336,
      "horizon_01_affected_candidates_model_robust_mae": 0.7691082998908012,
      "horizon_01_affected_candidates_baseline_robust_mae": 0.8412605027392817,
      "horizon_01_affected_candidates_improvement_pct": 8.576677808305643,
      "horizon_02_all_candidates_model_robust_mae": 0.595527475713013,
      "horizon_02_all_candidates_baseline_robust_mae": 0.6697839908482474,
      "horizon_02_all_candidates_improvement_pct": 11.086636311087736,
      "horizon_02_affected_candidates_model_robust_mae": 0.8943077935711438,
      "horizon_02_affected_candidates_baseline_robust_mae": 0.9909466067722453,
      "horizon_02_affected_candidates_improvement_pct": 9.752171564104522,
      "horizon_03_all_candidates_model_robust_mae": 0.6442710968000832,
      "horizon_03_all_candidates_baseline_robust_mae": 0.730396723283704,
      "horizon_03_all_candidates_improvement_pct": 11.791622790477314,
      "horizon_03_affected_candidates_model_robust_mae": 1.0012967915258557,
      "horizon_03_affected_candidates_baseline_robust_mae": 1.1176758212811302,
      "horizon_03_affected_candidates_improvement_pct": 10.412592590745643,
      "horizon_04_all_candidates_model_robust_mae": 0.6740836358861366,
      "horizon_04_all_candidates_baseline_robust_mae": 0.7692886943863247,
      "horizon_04_all_candidates_improvement_pct": 12.375725679438835,
      "horizon_04_affected_candidates_model_robust_mae": 1.061037333382538,
      "horizon_04_affected_candidates_baseline_robust_mae": 1.1962563316064412,
      "horizon_04_affected_candidates_improvement_pct": 11.303513691109902,
      "horizon_05_all_candidates_model_robust_mae": 0.705821514483239,
      "horizon_05_all_candidates_baseline_robust_mae": 0.8068954942559714,
      "horizon_05_all_candidates_improvement_pct": 12.526278866624661,
      "horizon_05_affected_candidates_model_robust_mae": 1.1412707738476262,
      "horizon_05_affected_candidates_baseline_robust_mae": 1.2913077010332776,
      "horizon_05_affected_candidates_improvement_pct": 11.618991125476521,
      "horizon_06_all_candidates_model_robust_mae": 0.7272542948356819,
      "horizon_06_all_candidates_baseline_robust_mae": 0.8349826106857253,
      "horizon_06_all_candidates_improvement_pct": 12.901863400672745,
      "horizon_06_affected_candidates_model_robust_mae": 1.1891199187712826,
      "horizon_06_affected_candidates_baseline_robust_mae": 1.3452307379851651,
      "horizon_06_affected_candidates_improvement_pct": 11.604761533155216,
      "horizon_07_all_candidates_model_robust_mae": 0.7464626322920683,
      "horizon_07_all_candidates_baseline_robust_mae": 0.8618791210736175,
      "horizon_07_all_candidates_improvement_pct": 13.391261716350463,
      "horizon_07_affected_candidates_model_robust_mae": 1.2338623896638072,
      "horizon_07_affected_candidates_baseline_robust_mae": 1.4056307551743428,
      "horizon_07_affected_candidates_improvement_pct": 12.22002043411684,
      "horizon_08_all_candidates_model_robust_mae": 0.7684209582477343,
      "horizon_08_all_candidates_baseline_robust_mae": 0.8878596421687964,
      "horizon_08_all_candidates_improvement_pct": 13.45242854256855,
      "horizon_08_affected_candidates_model_robust_mae": 1.2853505270821708,
      "horizon_08_affected_candidates_baseline_robust_mae": 1.4659460743556973,
      "horizon_08_affected_candidates_improvement_pct": 12.319385442121442,
      "horizon_09_all_candidates_model_robust_mae": 0.7792715302916883,
      "horizon_09_all_candidates_baseline_robust_mae": 0.9031918707038202,
      "horizon_09_all_candidates_improvement_pct": 13.720267468258537,
      "horizon_09_affected_candidates_model_robust_mae": 1.2976145540349804,
      "horizon_09_affected_candidates_baseline_robust_mae": 1.4902557483885537,
      "horizon_09_affected_candidates_improvement_pct": 12.926720434521421,
      "horizon_10_all_candidates_model_robust_mae": 0.7983113492091314,
      "horizon_10_all_candidates_baseline_robust_mae": 0.9263063850224589,
      "horizon_10_all_candidates_improvement_pct": 13.817786197190488,
      "horizon_10_affected_candidates_model_robust_mae": 1.3451135285313707,
      "horizon_10_affected_candidates_baseline_robust_mae": 1.545945163788775,
      "horizon_10_affected_candidates_improvement_pct": 12.990864098000062,
      "horizon_11_all_candidates_model_robust_mae": 0.811897893066533,
      "horizon_11_all_candidates_baseline_robust_mae": 0.9442007165288019,
      "horizon_11_all_candidates_improvement_pct": 14.012150292435527,
      "horizon_11_affected_candidates_model_robust_mae": 1.3788623837723586,
      "horizon_11_affected_candidates_baseline_robust_mae": 1.5863841569918702,
      "horizon_11_affected_candidates_improvement_pct": 13.081432533530721,
      "horizon_12_all_candidates_model_robust_mae": 0.8239198235088915,
      "horizon_12_all_candidates_baseline_robust_mae": 0.9569317231279437,
      "horizon_12_all_candidates_improvement_pct": 13.899831764827832,
      "horizon_12_affected_candidates_model_robust_mae": 1.4048030616615315,
      "horizon_12_affected_candidates_baseline_robust_mae": 1.612761953029406,
      "horizon_12_affected_candidates_improvement_pct": 12.894580689806409,
      "affected_node_rate": 0.2338696383238271
    },
    "test": {
      "all_candidates_model_robust_mae": 0.7142220255888214,
      "all_candidates_baseline_robust_mae": 0.8400260379889846,
      "all_candidates_improvement_pct": 14.976203916409176,
      "affected_candidates_model_robust_mae": 1.1037063017622564,
      "affected_candidates_baseline_robust_mae": 1.294312035248775,
      "affected_candidates_improvement_pct": 14.726412819755858,
      "unaffected_candidates_model_robust_mae": 0.5286060032231662,
      "unaffected_candidates_baseline_robust_mae": 0.6235275659780307,
      "unaffected_candidates_improvement_pct": 15.223314562841471,
      "horizon_01_all_candidates_model_robust_mae": 0.5288538246396755,
      "horizon_01_all_candidates_baseline_robust_mae": 0.5958953048448069,
      "horizon_01_all_candidates_improvement_pct": 11.250546809156605,
      "horizon_01_affected_candidates_model_robust_mae": 0.7369424728696445,
      "horizon_01_affected_candidates_baseline_robust_mae": 0.8166636259899338,
      "horizon_01_affected_candidates_improvement_pct": 9.76181019739355,
      "horizon_02_all_candidates_model_robust_mae": 0.588921299723284,
      "horizon_02_all_candidates_baseline_robust_mae": 0.6699001114370843,
      "horizon_02_all_candidates_improvement_pct": 12.088192005235344,
      "horizon_02_affected_candidates_model_robust_mae": 0.8508473288004018,
      "horizon_02_affected_candidates_baseline_robust_mae": 0.9595153244771741,
      "horizon_02_affected_candidates_improvement_pct": 11.325300691365603,
      "horizon_03_all_candidates_model_robust_mae": 0.6347245794074184,
      "horizon_03_all_candidates_baseline_robust_mae": 0.7295714467193155,
      "horizon_03_all_candidates_improvement_pct": 13.000353527868674,
      "horizon_03_affected_candidates_model_robust_mae": 0.9419866058166648,
      "horizon_03_affected_candidates_baseline_robust_mae": 1.0763457725849357,