{
  "metrics": {
    "val": {
      "all_candidates_model_robust_mae": 0.714741363845459,
      "all_candidates_baseline_robust_mae": 0.827250102514385,
      "all_candidates_improvement_pct": 13.600329371608577,
      "affected_candidates_model_robust_mae": 1.1561667687954318,
      "affected_candidates_baseline_robust_mae": 1.3240686608241723,
      "affected_candidates_improvement_pct": 12.680754178127684,
      "unaffected_candidates_model_robust_mae": 0.5307811312154737,
      "unaffected_candidates_baseline_robust_mae": 0.6202052519238401,
      "unaffected_candidates_improvement_pct": 14.418472018896669,
      "horizon_01_all_candidates_model_robust_mae": 0.5325189319914957,
      "horizon_01_all_candidates_baseline_robust_mae": 0.6003526910613428,
      "horizon_01_all_candidates_improvement_pct": 11.298984760095964,
      "horizon_01_affected_candidates_model_robust_mae": 0.7665567511394457,
      "horizon_01_affected_candidates_baseline_robust_mae": 0.8427632361549119,
      "horizon_01_affected_candidates_improvement_pct": 9.042454837393784,
      "horizon_02_all_candidates_model_robust_mae": 0.596222673326769,
      "horizon_02_all_candidates_baseline_robust_mae": 0.6733494887504019,
      "horizon_02_all_candidates_improvement_pct": 11.454202715259258,
      "horizon_02_affected_candidates_model_robust_mae": 0.898441787949781,
      "horizon_02_affected_candidates_baseline_robust_mae": 0.9973475087895826,
      "horizon_02_affected_candidates_improvement_pct": 9.916876511762398,
      "horizon_03_all_candidates_model_robust_mae": 0.6428913834476249,
      "horizon_03_all_candidates_baseline_robust_mae": 0.7308534943862844,
      "horizon_03_all_candidates_improvement_pct": 12.035532649744463,
      "horizon_03_affected_candidates_model_robust_mae": 0.996580857622621,
      "horizon_03_affected_candidates_baseline_robust_mae": 1.116654747019574,
      "horizon_03_affected_candidates_improvement_pct": 10.75300039850618,
      "horizon_04_all_candidates_model_robust_mae": 0.6750737863314179,
      "horizon_04_all_candidates_baseline_robust_mae": 0.773284867237372,
      "horizon_04_all_candidates_improvement_pct": 12.700504699752084,
      "horizon_04_affected_candidates_model_robust_mae": 1.0644531847868421,
      "horizon_04_affected_candidates_baseline_robust_mae": 1.2040969431001207,
      "horizon_04_affected_candidates_improvement_pct": 11.597385004046737,
      "horizon_05_all_candidates_model_robust_mae": 0.7006713855095725,
      "horizon_05_all_candidates_baseline_robust_mae": 0.8061880555422644,
      "horizon_05_all_candidates_improvement_pct": 13.088344500678367,
      "horizon_05_affected_candidates_model_robust_mae": 1.124359526060777,
      "horizon_05_affected_candidates_baseline_robust_mae": 1.2793815410253246,
      "horizon_05_affected_candidates_improvement_pct": 12.116949478598036,
      "horizon_06_all_candidates_model_robust_mae": 0.7234939686601387,
      "horizon_06_all_candidates_baseline_robust_mae": 0.837740935448321,
      "horizon_06_all_candidates_improvement_pct": 13.637505576475437,
      "horizon_06_affected_candidates_model_robust_mae": 1.1757080766419548,
      "horizon_06_affected_candidates_baseline_robust_mae": 1.346644229576236,
      "horizon_06_affected_candidates_improvement_pct": 12.693490172090343,
      "horizon_07_all_candidates_model_robust_mae": 0.7430223328382023,
      "horizon_07_all_candidates_baseline_robust_mae": 0.8643465291235348,
      "horizon_07_all_candidates_improvement_pct": 14.036522644263727,
      "horizon_07_affected_candidates_model_robust_mae": 1.2163727665449162,
      "horizon_07_affected_candidates_baseline_robust_mae": 1.401758678996387,
      "horizon_07_affected_candidates_improvement_pct": 13.225237355705259,
      "horizon_08_all_candidates_model_robust_mae": 0.7637996774260127,
      "horizon_08_all_candidates_baseline_robust_mae": 0.8908410379620302,
      "horizon_08_all_candidates_improvement_pct": 14.26083387746134,
      "horizon_08_affected_candidates_model_robust_mae": 1.2624900291118073,
      "horizon_08_affected_candidates_baseline_robust_mae": 1.459318947694711,
      "horizon_08_affected_candidates_improvement_pct": 13.48772445487909,
      "horizon_09_all_candidates_model_robust_mae": 0.78038669860406,
      "horizon_09_all_candidates_baseline_robust_mae": 0.911975627290561,
      "horizon_09_all_candidates_improvement_pct": 14.42899620875241,
      "horizon_09_affected_candidates_model_robust_mae": 1.2989805835437438,
      "horizon_09_affected_candidates_baseline_robust_mae": 1.5058868829427,
      "horizon_09_affected_candidates_improvement_pct": 13.739830112248148,
      "horizon_10_all_candidates_model_robust_mae": 0.7924129886578112,
      "horizon_10_all_candidates_baseline_robust_mae": 0.9289248027645703,
      "horizon_10_all_candidates_improvement_pct": 14.695679747218158,
      "horizon_10_affected_candidates_model_robust_mae": 1.3257056928672095,
      "horizon_10_affected_candidates_baseline_robust_mae": 1.5406091656416363,
      "horizon_10_affected_candidates_improvement_pct": 13.949253163434435,
      "horizon_11_all_candidates_model_robust_mae": 0.8070151996769724,
      "horizon_11_all_candidates_baseline_robust_mae": 0.9471625830397096,
      "horizon_11_all_candidates_improvement_pct": 14.796549808055655,
      "horizon_11_affected_candidates_model_robust_mae": 1.356794162158361,
      "horizon_11_affected_candidates_baseline_robust_mae": 1.579863786064337,
      "horizon_11_affected_candidates_improvement_pct": 14.119547892269484,
      "horizon_12_all_candidates_model_robust_mae": 0.8194763939264524,
      "horizon_12_all_candidates_baseline_robust_mae": 0.962095373567048,
      "horizon_12_all_candidates_improvement_pct": 14.82378811487513,
      "horizon_12_affected_candidates_model_robust_mae": 1.3877432806674532,
      "horizon_12_affected_candidates_baseline_robust_mae": 1.6147309201281246,
      "horizon_12_affected_candidates_improvement_pct": 14.057304324280883,
      "affected_node_rate": 0.23427743925374256
    },
    "test": {
      "all_candidates_model_robust_mae": 0.7074555703134052,
      "all_candidates_baseline_robust_mae": 0.8328134175155775,
      "all_candidates_improvement_pct": 15.052332799360485,
      "affected_candidates_model_robust_mae": 1.1025956494043687,
      "affected_candidates_baseline_robust_mae": 1.293837023264936,
      "affected_candidates_improvement_pct": 14.780947709934818,
      "unaffected_candidates_model_robust_mae": 0.5220639674538713,
      "unaffected_candidates_baseline_robust_mae": 0.6165106205771105,
      "unaffected_candidates_improvement_pct": 15.319550056547032,
      "horizon_01_all_candidates_model_robust_mae": 0.5229315270939071,
      "horizon_01_all_candidates_baseline_robust_mae": 0.591224841429918,
      "horizon_01_all_candidates_improvement_pct": 11.551157791482314,
      "horizon_01_affected_candidates_model_robust_mae": 0.734103528250918,
      "horizon_01_affected_candidates_baseline_robust_mae": 0.8144241979669616,
      "horizon_01_affected_candidates_improvement_pct": 9.862264642498014,
      "horizon_02_all_candidates_model_robust_mae": 0.5841490618400184,
      "horizon_02_all_candidates_baseline_robust_mae": 0.6647113468303868,
      "horizon_02_all_candidates_improvement_pct": 12.119890140964507,
      "horizon_02_affected_candidates_model_robust_mae": 0.853709559882236,
      "horizon_02_affected_candidates_baseline_robust_mae": 0.9614806884368053,
      "horizon_02_affected_candidates_improvement_pct": 11.208870843759312,
      "horizon_03_all_candidates_model_robust_mae": 0.6302050766262433,
      "horizon_03_all_candidates_baseline_robust_mae": 0.7255605875606053,
      "horizon_03_all_candidates_improvement_pct": 13.142322304875341,
      "horizon_03_affected_candidates_model_robust_mae": 0.9451180707472626,
      "horizon_03_affected_candidates_baseline_robust_mae": 1.0792830611036868,