{
  "metrics": {
    "val": {
      "all_candidates_model_robust_mae": 0.7162186053945263,
      "all_candidates_baseline_robust_mae": 0.8272501102632047,
      "all_candidates_improvement_pct": 13.421757639095595,
      "affected_candidates_model_robust_mae": 1.158697064396875,
      "affected_candidates_baseline_robust_mae": 1.3240686546633906,
      "affected_candidates_improvement_pct": 12.489653741448697,
      "unaffected_candidates_model_robust_mae": 0.5318195215174066,
      "unaffected_candidates_baseline_robust_mae": 0.6202052552880885,
      "unaffected_candidates_improvement_pct": 14.251045604188922,
      "horizon_01_all_candidates_model_robust_mae": 0.5341624042032114,
      "horizon_01_all_candidates_baseline_robust_mae": 0.6003526860005128,
      "horizon_01_all_candidates_improvement_pct": 11.025232890728654,
      "horizon_01_affected_candidates_model_robust_mae": 0.7680465350462271,
      "horizon_01_affected_candidates_baseline_robust_mae": 0.8427632402965712,
      "horizon_01_affected_candidates_improvement_pct": 8.865681567227714,
      "horizon_02_all_candidates_model_robust_mae": 0.5972746738130914,
      "horizon_02_all_candidates_baseline_robust_mae": 0.6733494887504019,
      "horizon_02_all_candidates_improvement_pct": 11.297968767822145,
      "horizon_02_affected_candidates_model_robust_mae": 0.8996216774863063,
      "horizon_02_affected_candidates_baseline_robust_mae": 0.9973475126132015,
      "horizon_02_affected_candidates_improvement_pct": 9.798574106916732,
      "horizon_03_all_candidates_model_robust_mae": 0.6438428148141532,
      "horizon_03_all_candidates_baseline_robust_mae": 0.7308534904495786,
      "horizon_03_all_candidates_improvement_pct": 11.905351314926538,
      "horizon_03_affected_candidates_model_robust_mae": 0.9986150178807405,
      "horizon_03_affected_candidates_baseline_robust_mae": 1.1166547427176545,
      "horizon_03_affected_candidates_improvement_pct": 10.570834504283328,
      "horizon_04_all_candidates_model_robust_mae": 0.6752505584039827,
      "horizon_04_all_candidates_baseline_robust_mae": 0.7732848661126429,
      "horizon_04_all_candidates_improvement_pct": 12.677644682416389,
      "horizon_04_affected_candidates_model_robust_mae": 1.064908995886576,
      "horizon_04_affected_candidates_baseline_robust_mae": 1.2040969552088483,
      "horizon_04_affected_candidates_improvement_pct": 11.559530876658545,
      "horizon_05_all_candidates_model_robust_mae": 0.7012713806073232,
      "horizon_05_all_candidates_baseline_robust_mae": 0.80618805385504,
      "horizon_05_all_candidates_improvement_pct": 13.013920604011057,
      "horizon_05_affected_candidates_model_robust_mae": 1.1253713094816906,
      "horizon_05_affected_candidates_baseline_robust_mae": 1.2793815399100616,
      "horizon_05_affected_candidates_improvement_pct": 12.037865611160662,
      "horizon_06_all_candidates_model_robust_mae": 0.724736222135032,
      "horizon_06_all_candidates_baseline_robust_mae": 0.8377409271994909,
      "horizon_06_all_candidates_improvement_pct": 13.489218611083706,
      "horizon_06_affected_candidates_model_robust_mae": 1.1779828236796879,
      "horizon_06_affected_candidates_baseline_robust_mae": 1.346644237542608,
      "horizon_06_affected_candidates_improvement_pct": 12.524571015927556,
      "horizon_07_all_candidates_model_robust_mae": 0.7443420283329902,
      "horizon_07_all_candidates_baseline_robust_mae": 0.8643465388721971,
      "horizon_07_all_candidates_improvement_pct": 13.883842318127321,
      "horizon_07_affected_candidates_model_robust_mae": 1.2187597991010062,
      "horizon_07_affected_candidates_baseline_robust_mae": 1.4017586805897237,
      "horizon_07_affected_candidates_improvement_pct": 13.054949045275714,
      "horizon_08_all_candidates_model_robust_mae": 0.7656114277897066,
      "horizon_08_all_candidates_baseline_robust_mae": 0.8908410368372225,
      "horizon_08_all_candidates_improvement_pct": 14.057458499231473,
      "horizon_08_affected_candidates_model_robust_mae": 1.2653523631677799,
      "horizon_08_affected_candidates_baseline_robust_mae": 1.4593189470573813,
      "horizon_08_affected_candidates_improvement_pct": 13.291582644131498,
      "horizon_09_all_candidates_model_robust_mae": 0.7827374438117036,
      "horizon_09_all_candidates_baseline_robust_mae": 0.9119756261656342,
      "horizon_09_all_candidates_improvement_pct": 14.171232064315957,
      "horizon_09_affected_candidates_model_robust_mae": 1.3033480552827783,
      "horizon_09_affected_candidates_baseline_robust_mae": 1.5058868737007916,
      "horizon_09_affected_candidates_improvement_pct": 13.449803033362265,
      "horizon_10_all_candidates_model_robust_mae": 0.7950109632542822,
      "horizon_10_all_candidates_baseline_robust_mae": 0.9289248031395567,
      "horizon_10_all_candidates_improvement_pct": 14.416004334546333,
      "horizon_10_affected_candidates_model_robust_mae": 1.3303613470681703,
      "horizon_10_affected_candidates_baseline_robust_mae": 1.5406091605425325,
      "horizon_10_affected_candidates_improvement_pct": 13.647057206924725,
      "horizon_11_all_candidates_model_robust_mae": 0.8091543290885382,
      "horizon_11_all_candidates_baseline_robust_mae": 0.9471625751648224,
      "horizon_11_all_candidates_improvement_pct": 14.57070303398214,
      "horizon_11_affected_candidates_model_robust_mae": 1.3613147170045552,
      "horizon_11_affected_candidates_baseline_robust_mae": 1.5798637806463696,
      "horizon_11_affected_candidates_improvement_pct": 13.833411862407493,
      "horizon_12_all_candidates_model_robust_mae": 0.821318483225887,
      "horizon_12_all_candidates_baseline_robust_mae": 0.962095373567048,
      "horizon_12_all_candidates_improvement_pct": 14.632321722868191,
      "horizon_12_affected_candidates_model_robust_mae": 1.3908685618227417,
      "horizon_12_affected_candidates_baseline_robust_mae": 1.6147309258643616,
      "horizon_12_affected_candidates_improvement_pct": 13.863756521650007,
      "affected_node_rate": 0.23427743925374256
    },
    "test": {
      "all_candidates_model_robust_mae": 0.7100000826989668,
      "all_candidates_baseline_robust_mae": 0.8328134196658367,
      "all_candidates_improvement_pct": 14.746800912039616,
      "affected_candidates_model_robust_mae": 1.108568270595864,
      "affected_candidates_baseline_robust_mae": 1.293837027683651,
      "affected_candidates_improvement_pct": 14.3193271736451,
      "unaffected_candidates_model_robust_mae": 0.5230000737148259,
      "unaffected_candidates_baseline_robust_mae": 0.6165106195898865,
      "unaffected_candidates_improvement_pct": 15.167710482791911,
      "horizon_01_all_candidates_model_robust_mae": 0.5246225187425143,
      "horizon_01_all_candidates_baseline_robust_mae": 0.5912248439472282,
      "horizon_01_all_candidates_improvement_pct": 11.265143183099845,
      "horizon_01_affected_candidates_model_robust_mae": 0.7357428104030173,
      "horizon_01_affected_candidates_baseline_robust_mae": 0.8144241910254835,
      "horizon_01_affected_candidates_improvement_pct": 9.660982751923715,
      "horizon_02_all_candidates_model_robust_mae": 0.5853653693844202,
      "horizon_02_all_candidates_baseline_robust_mae": 0.6647113446148724,
      "horizon_02_all_candidates_improvement_pct": 11.936907030889401,
      "horizon_02_affected_candidates_model_robust_mae": 0.8561045661926466,
      "horizon_02_affected_candidates_baseline_robust_mae": 0.9614806863858398,
      "horizon_02_affected_candidates_improvement_pct": 10.959775030874207,
      "horizon_03_all_candidates_model_robust_mae": 0.6315297713104773,
      "horizon_03_all_candidates_baseline_robust_mae": 0.7255605942083166,
      "horizon_03_all_candidates_improvement_pct": 12.959747765855385,
      "horizon_03_affected_candidates_model_robust_mae": 0.9482662939468397,
      "horizon_03_affected_candidates_baseline_robust_mae": 1.0792830623658292,