epoch,train_loss,val_loss,val_residual_loss,val_veto_loss,val_regret_loss,val_sparsity_loss,val_normal_advantage_mean,val_positive_rate,val_affected_positive_rate,val_normal_veto_mean,val_affected_normal_veto_mean,val_effective_gate_mean,val_base_gate_mean
1,0.6310034743539846,0.725133722181885,0.6237802064712633,0.5424340662585673,0.20729015251517663,0.17025946074665022,-0.06719656389860901,0.24181914047115838,0.27366397846687823,0.16620855405901197,0.17380200696293518,0.37197365105988756,0.4483203947503287
2,0.6130132462568344,0.7218742239928254,0.6245187196552815,0.5178084343600379,0.20516417777138352,0.16355523559399068,-0.06719656389860901,0.24181914047115838,0.27366397846687823,0.15612892362402955,0.1701863635682113,0.37553855396223085,0.4483203947503287
3,0.6102751440303341,0.7194198901340677,0.6244010844527756,0.5039252135819745,0.20329382922685296,0.1583257526883684,-0.06719656389860901,0.24181914047115838,0.27366397846687823,0.14675211780020653,0.16860649719788415,0.37972711321630936,0.4483203947503287
