{
  "metrics": {
    "train": {
      "all_candidates_model_robust_mae": 0.657043018876697,
      "all_candidates_baseline_robust_mae": 0.7667153791612423,
      "all_candidates_improvement_pct": 14.304181612285214,
      "affected_candidates_model_robust_mae": 0.993292660135043,
      "affected_candidates_baseline_robust_mae": 1.14544307792242,
      "affected_candidates_improvement_pct": 13.28310596309545,
      "unaffected_candidates_model_robust_mae": 0.5128773372067842,
      "unaffected_candidates_baseline_robust_mae": 0.6043373985137268,
      "unaffected_candidates_improvement_pct": 15.133940333971442,
      "horizon_01_all_candidates_model_robust_mae": 0.5087786376125234,
      "horizon_01_all_candidates_baseline_robust_mae": 0.5782493143321658,
      "horizon_01_all_candidates_improvement_pct": 12.013966121148927,
      "horizon_01_affected_candidates_model_robust_mae": 0.7014350176495595,
      "horizon_01_affected_candidates_baseline_robust_mae": 0.7790664187365262,
      "horizon_01_affected_candidates_improvement_pct": 9.964670433731138,
      "horizon_02_all_candidates_model_robust_mae": 0.5716936975331883,
      "horizon_02_all_candidates_baseline_robust_mae": 0.6500245447937584,
      "horizon_02_all_candidates_improvement_pct": 12.050444539047842,
      "horizon_02_affected_candidates_model_robust_mae": 0.8241917987044213,
      "horizon_02_affected_candidates_baseline_robust_mae": 0.9139155292312482,
      "horizon_02_affected_candidates_improvement_pct": 9.817508036251358,
      "horizon_03_all_candidates_model_robust_mae": 0.5909017907830354,
      "horizon_03_all_candidates_baseline_robust_mae": 0.6767323893577877,
      "horizon_03_all_candidates_improvement_pct": 12.683093040101813,
      "horizon_03_affected_candidates_model_robust_mae": 0.8602788030764478,
      "horizon_03_affected_candidates_baseline_robust_mae": 0.9644604608341232,
      "horizon_03_affected_candidates_improvement_pct": 10.802066231680755,
      "horizon_04_all_candidates_model_robust_mae": 0.6336596712370315,
      "horizon_04_all_candidates_baseline_robust_mae": 0.7327995358168786,
      "horizon_04_all_candidates_improvement_pct": 13.528920220907656,
      "horizon_04_affected_candidates_model_robust_mae": 0.9366211336778453,
      "horizon_04_affected_candidates_baseline_robust_mae": 1.0695378635031036,
      "horizon_04_affected_candidates_improvement_pct": 12.427491757038919,
      "horizon_05_all_candidates_model_robust_mae": 0.6533327014980641,
      "horizon_05_all_candidates_baseline_robust_mae": 0.7534636238967799,
      "horizon_05_all_candidates_improvement_pct": 13.289416930422794,
      "horizon_05_affected_candidates_model_robust_mae": 0.9846518814581475,
      "horizon_05_affected_candidates_baseline_robust_mae": 1.1317641581235598,
      "horizon_05_affected_candidates_improvement_pct": 12.998492275044406,
      "horizon_06_all_candidates_model_robust_mae": 0.6598034087200415,
      "horizon_06_all_candidates_baseline_robust_mae": 0.7737434548607237,
      "horizon_06_all_candidates_improvement_pct": 14.725817119989957,
      "horizon_06_affected_candidates_model_robust_mae": 1.013704471877557,
      "horizon_06_affected_candidates_baseline_robust_mae": 1.1717643885341509,
      "horizon_06_affected_candidates_improvement_pct": 13.48905276549009,
      "horizon_07_all_candidates_model_robust_mae": 0.679699935913086,
      "horizon_07_all_candidates_baseline_robust_mae": 0.7951820046561104,
      "horizon_07_all_candidates_improvement_pct": 14.522721599184907,
      "horizon_07_affected_candidates_model_robust_mae": 1.0316095624651227,
      "horizon_07_affected_candidates_baseline_robust_mae": 1.1991299038841612,
      "horizon_07_affected_candidates_improvement_pct": 13.97015793505066,
      "horizon_08_all_candidates_model_robust_mae": 0.7082358376209219,
      "horizon_08_all_candidates_baseline_robust_mae": 0.8305542024876149,
      "horizon_08_all_candidates_improvement_pct": 14.727318759008629,
      "horizon_08_affected_candidates_model_robust_mae": 1.1008243067364518,
      "horizon_08_affected_candidates_baseline_robust_mae": 1.267795459521586,
      "horizon_08_affected_candidates_improvement_pct": 13.17019646435255,
      "horizon_09_all_candidates_model_robust_mae": 0.7026399557931082,
      "horizon_09_all_candidates_baseline_robust_mae": 0.8313253130231585,
      "horizon_09_all_candidates_improvement_pct": 15.47954275108972,
      "horizon_09_affected_candidates_model_robust_mae": 1.0815934774743068,
      "horizon_09_affected_candidates_baseline_robust_mae": 1.2677459671424323,
      "horizon_09_affected_candidates_improvement_pct": 14.683737475239083,
      "horizon_10_all_candidates_model_robust_mae": 0.7178322597366718,
      "horizon_10_all_candidates_baseline_robust_mae": 0.8488574510898989,
      "horizon_10_all_candidates_improvement_pct": 15.435476378866207,
      "horizon_10_affected_candidates_model_robust_mae": 1.0939689561276607,
      "horizon_10_affected_candidates_baseline_robust_mae": 1.2869962628095695,
      "horizon_10_affected_candidates_improvement_pct": 14.998280279425344,
      "horizon_11_all_candidates_model_robust_mae": 0.7185112103725393,
      "horizon_11_all_candidates_baseline_robust_mae": 0.8583685983324592,
      "horizon_11_all_candidates_improvement_pct": 16.29339519544621,
      "horizon_11_affected_candidates_model_robust_mae": 1.1173265366327194,
      "horizon_11_affected_candidates_baseline_robust_mae": 1.322337631952195,
      "horizon_11_affected_candidates_improvement_pct": 15.503687588230646,
      "horizon_12_all_candidates_model_robust_mae": 0.7395662201633516,
      "horizon_12_all_candidates_baseline_robust_mae": 0.8714688663259554,
      "horizon_12_all_candidates_improvement_pct": 15.135669357724167,
      "horizon_12_affected_candidates_model_robust_mae": 1.1738511358718917,
      "horizon_12_affected_candidates_baseline_robust_mae": 1.371528484623939,
      "horizon_12_affected_candidates_improvement_pct": 14.412923316444916,
      "affected_node_rate": 0.23299822590183322
    },
    "val": {
      "all_candidates_model_robust_mae": 0.7126445849763783,
      "all_candidates_baseline_robust_mae": 0.8193069386501315,
      "all_candidates_improvement_pct": 13.018607391448105,
      "affected_candidates_model_robust_mae": 1.1478237794109925,
      "affected_candidates_baseline_robust_mae": 1.3051837181763872,
      "affected_candidates_improvement_pct": 12.05653553395987,
      "unaffected_candidates_model_robust_mae": 0.5347449477142688,
      "unaffected_candidates_baseline_robust_mae": 0.6206823743310808,
      "unaffected_candidates_improvement_pct": 13.845636700966102,
      "horizon_01_all_candidates_model_robust_mae": 0.5468081777488399,
      "horizon_01_all_candidates_baseline_robust_mae": 0.6110569630504538,
      "horizon_01_all_candidates_improvement_pct": 10.514369230141467,
      "horizon_01_affected_candidates_model_robust_mae": 0.8087051795680466,
      "horizon_01_affected_candidates_baseline_robust_mae": 0.8759459102289072,
      "horizon_01_affected_candidates_improvement_pct": 7.676356482250021,
      "horizon_02_all_candidates_model_robust_mae": 0.595292733896363,
      "horizon_02_all_candidates_baseline_robust_mae": 0.66884496391648,
      "horizon_02_all_candidates_improvement_pct": 10.996902718594983,
      "horizon_02_affected_candidates_model_robust_mae": 0.9019502733574539,
      "horizon_02_affected_candidates_baseline_robust_mae": 1.0102059170697706,
      "horizon_02_affected_candidates_improvement_pct": 10.716195765941045,
      "horizon_03_all_candidates_model_robust_mae": 0.6484196850568078,
      "horizon_03_all_candidates_baseline_robust_mae": 0.73141583301067,
      "horizon_03_all_candidates_improvement_pct": 11.347327225913562,
      "horizon_03_affected_candidates_model_robust_mae": 1.0106051855099307,
      "horizon_03_affected_candidates_baseline_robust_mae": 1.1262148536018286,