{
  "metrics": {
    "train": {
      "all_candidates_model_robust_mae": 0.6581657997655315,
      "all_candidates_baseline_robust_mae": 0.7568154095024562,
      "all_candidates_improvement_pct": 13.034831016691205,
      "affected_candidates_model_robust_mae": 1.00322826820058,
      "affected_candidates_baseline_robust_mae": 1.1386817385167165,
      "affected_candidates_improvement_pct": 11.895639117966585,
      "unaffected_candidates_model_robust_mae": 0.5167652922116704,
      "unaffected_candidates_baseline_robust_mae": 0.6003333293543087,
      "unaffected_candidates_improvement_pct": 13.92027279786719,
      "horizon_01_all_candidates_model_robust_mae": 0.5034789569020015,
      "horizon_01_all_candidates_baseline_robust_mae": 0.5654217572374136,
      "horizon_01_all_candidates_improvement_pct": 10.955149769626408,
      "horizon_01_affected_candidates_model_robust_mae": 0.6878555108835939,
      "horizon_01_affected_candidates_baseline_robust_mae": 0.7520198272297759,
      "horizon_01_affected_candidates_improvement_pct": 8.532263914176951,
      "horizon_02_all_candidates_model_robust_mae": 0.5596001686489384,
      "horizon_02_all_candidates_baseline_robust_mae": 0.6292246044649835,
      "horizon_02_all_candidates_improvement_pct": 11.065116545346372,
      "horizon_02_affected_candidates_model_robust_mae": 0.7996504991071894,
      "horizon_02_affected_candidates_baseline_robust_mae": 0.8813356343317446,
      "horizon_02_affected_candidates_improvement_pct": 9.268334564333289,
      "horizon_03_all_candidates_model_robust_mae": 0.5988070285642969,
      "horizon_03_all_candidates_baseline_robust_mae": 0.679347079728674,
      "horizon_03_all_candidates_improvement_pct": 11.855508556325024,
      "horizon_03_affected_candidates_model_robust_mae": 0.8774383717923552,
      "horizon_03_affected_candidates_baseline_robust_mae": 0.9767396365336127,
      "horizon_03_affected_candidates_improvement_pct": 10.166605411209835,
      "horizon_04_all_candidates_model_robust_mae": 0.626267116523528,
      "horizon_04_all_candidates_baseline_robust_mae": 0.7151619962165963,
      "horizon_04_all_candidates_improvement_pct": 12.430034057087301,
      "horizon_04_affected_candidates_model_robust_mae": 0.9349287464471973,
      "horizon_04_affected_candidates_baseline_robust_mae": 1.0490735628419376,
      "horizon_04_affected_candidates_improvement_pct": 10.880535020396698,
      "horizon_05_all_candidates_model_robust_mae": 0.6474516022593412,
      "horizon_05_all_candidates_baseline_robust_mae": 0.7417047606680339,
      "horizon_05_all_candidates_improvement_pct": 12.7076383228013,
      "horizon_05_affected_candidates_model_robust_mae": 0.9798348703188031,
      "horizon_05_affected_candidates_baseline_robust_mae": 1.1069414973693565,
      "horizon_05_affected_candidates_improvement_pct": 11.482686966982625,
      "horizon_06_all_candidates_model_robust_mae": 0.6663291005391347,
      "horizon_06_all_candidates_baseline_robust_mae": 0.7669953066504662,
      "horizon_06_all_candidates_improvement_pct": 13.124748644284328,
      "horizon_06_affected_candidates_model_robust_mae": 1.020300126355156,
      "horizon_06_affected_candidates_baseline_robust_mae": 1.1594224070231753,
      "horizon_06_affected_candidates_improvement_pct": 11.999274796251058,
      "horizon_07_all_candidates_model_robust_mae": 0.6838133862707363,
      "horizon_07_all_candidates_baseline_robust_mae": 0.788761482783057,
      "horizon_07_all_candidates_improvement_pct": 13.305428675602041,
      "horizon_07_affected_candidates_model_robust_mae": 1.0544783168409426,
      "horizon_07_affected_candidates_baseline_robust_mae": 1.2043536333754532,
      "horizon_07_affected_candidates_improvement_pct": 12.444460861088917,
      "horizon_08_all_candidates_model_robust_mae": 0.6993033387526603,
      "horizon_08_all_candidates_baseline_robust_mae": 0.8087404399535016,
      "horizon_08_all_candidates_improvement_pct": 13.531795344268112,
      "horizon_08_affected_candidates_model_robust_mae": 1.0879748346323679,
      "horizon_08_affected_candidates_baseline_robust_mae": 1.2461668478890353,
      "horizon_08_affected_candidates_improvement_pct": 12.69428837114704,
      "horizon_09_all_candidates_model_robust_mae": 0.7120992501234592,
      "horizon_09_all_candidates_baseline_robust_mae": 0.8259273767270113,
      "horizon_09_all_candidates_improvement_pct": 13.78185659066427,
      "horizon_09_affected_candidates_model_robust_mae": 1.114476948004849,
      "horizon_09_affected_candidates_baseline_robust_mae": 1.2794429852053282,
      "horizon_09_affected_candidates_improvement_pct": 12.893582528337902,
      "horizon_10_all_candidates_model_robust_mae": 0.7226337089308994,
      "horizon_10_all_candidates_baseline_robust_mae": 0.8405281192388496,
      "horizon_10_all_candidates_improvement_pct": 14.026230367487399,
      "horizon_10_affected_candidates_model_robust_mae": 1.1366191590437944,
      "horizon_10_affected_candidates_baseline_robust_mae": 1.3083243909294042,
      "horizon_10_affected_candidates_improvement_pct": 13.124056470707107,
      "horizon_11_all_candidates_model_robust_mae": 0.7330414728932843,
      "horizon_11_all_candidates_baseline_robust_mae": 0.8542083067179264,
      "horizon_11_all_candidates_improvement_pct": 14.184693929071493,
      "horizon_11_affected_candidates_model_robust_mae": 1.159083034465043,
      "horizon_11_affected_candidates_baseline_robust_mae": 1.33543275088949,
      "horizon_11_affected_candidates_improvement_pct": 13.205435938798576,
      "horizon_12_all_candidates_model_robust_mae": 0.7453393473247171,
      "horizon_12_all_candidates_baseline_robust_mae": 0.8659857967194721,
      "horizon_12_all_candidates_improvement_pct": 13.931689163007979,
      "horizon_12_affected_candidates_model_robust_mae": 1.1863072725309836,
      "horizon_12_affected_candidates_baseline_robust_mae": 1.3651884539716925,
      "horizon_12_affected_candidates_improvement_pct": 13.103039431684069,
      "affected_node_rate": 0.22748324205772144
    },
    "val": {
      "all_candidates_model_robust_mae": 0.7166751202956766,
      "all_candidates_baseline_robust_mae": 0.8272501102632047,
      "all_candidates_improvement_pct": 13.366573010470397,
      "affected_candidates_model_robust_mae": 1.159893907239294,
      "affected_candidates_baseline_robust_mae": 1.3240686546633906,
      "affected_candidates_improvement_pct": 12.399262443519875,
      "unaffected_candidates_model_robust_mae": 0.531967510508212,
      "unaffected_candidates_baseline_robust_mae": 0.6202052552880885,
      "unaffected_candidates_improvement_pct": 14.227184311569493,
      "horizon_01_all_candidates_model_robust_mae": 0.5346494064221462,
      "horizon_01_all_candidates_baseline_robust_mae": 0.6003526860005128,
      "horizon_01_all_candidates_improvement_pct": 10.944113537006897,
      "horizon_01_affected_candidates_model_robust_mae": 0.7684975356272931,
      "horizon_01_affected_candidates_baseline_robust_mae": 0.8427632402965712,
      "horizon_01_affected_candidates_improvement_pct": 8.81216706167011,
      "horizon_02_all_candidates_model_robust_mae": 0.5981561859574298,
      "horizon_02_all_candidates_baseline_robust_mae": 0.6733494887504019,
      "horizon_02_all_candidates_improvement_pct": 11.167054263680424,
      "horizon_02_affected_candidates_model_robust_mae": 0.9008248249025915,
      "horizon_02_affected_candidates_baseline_robust_mae": 0.9973475126132015,
      "horizon_02_affected_candidates_improvement_pct": 9.677939383205153,
      "horizon_03_all_candidates_model_robust_mae": 0.6445783918183002,
      "horizon_03_all_candidates_baseline_robust_mae": 0.7308534904495786,
      "horizon_03_all_candidates_improvement_pct": 11.804705013888205,
      "horizon_03_affected_candidates_model_robust_mae": 1.000121884214648,
      "horizon_03_affected_candidates_baseline_robust_mae": 1.1166547427176545,