{
  "metrics": {
    "val": {
      "all_candidates_model_robust_mae": 0.7107594273794879,
      "all_candidates_baseline_robust_mae": 0.8251209175914559,
      "all_candidates_improvement_pct": 13.85996740281308,
      "affected_candidates_model_robust_mae": 1.1524915117157448,
      "affected_candidates_baseline_robust_mae": 1.3266944118026271,
      "affected_candidates_improvement_pct": 13.130597260162318,
      "unaffected_candidates_model_robust_mae": 0.5283557020871598,
      "unaffected_candidates_baseline_robust_mae": 0.6180069509582966,
      "unaffected_candidates_improvement_pct": 14.506511412553118,
      "horizon_01_all_candidates_model_robust_mae": 0.5315343602439219,
      "horizon_01_all_candidates_baseline_robust_mae": 0.5998224242136384,
      "horizon_01_all_candidates_improvement_pct": 11.384713410680094,
      "horizon_01_affected_candidates_model_robust_mae": 0.7643046000868691,
      "horizon_01_affected_candidates_baseline_robust_mae": 0.8432460464706908,
      "horizon_01_affected_candidates_improvement_pct": 9.361614764068216,
      "horizon_02_all_candidates_model_robust_mae": 0.5921601185770253,
      "horizon_02_all_candidates_baseline_robust_mae": 0.6695346937686188,
      "horizon_02_all_candidates_improvement_pct": 11.556469875530157,
      "horizon_02_affected_candidates_model_robust_mae": 0.8844316716178298,
      "horizon_02_affected_candidates_baseline_robust_mae": 0.9876437123221473,
      "horizon_02_affected_candidates_improvement_pct": 10.45033137118298,
      "horizon_03_all_candidates_model_robust_mae": 0.6355534349754695,
      "horizon_03_all_candidates_baseline_robust_mae": 0.7246314043581412,
      "horizon_03_all_candidates_improvement_pct": 12.292866255441218,
      "horizon_03_affected_candidates_model_robust_mae": 0.9774465665128411,
      "horizon_03_affected_candidates_baseline_robust_mae": 1.1024392023224319,
      "horizon_03_affected_candidates_improvement_pct": 11.337825754588321,
      "horizon_04_all_candidates_model_robust_mae": 0.6691540886677196,
      "horizon_04_all_candidates_baseline_robust_mae": 0.7688836821190034,
      "horizon_04_all_candidates_improvement_pct": 12.970699700172355,
      "horizon_04_affected_candidates_model_robust_mae": 1.052298387654962,
      "horizon_04_affected_candidates_baseline_robust_mae": 1.1967916005944892,
      "horizon_04_affected_candidates_improvement_pct": 12.073381269366543,
      "horizon_05_all_candidates_model_robust_mae": 0.6942239145942577,
      "horizon_05_all_candidates_baseline_robust_mae": 0.8020017680797625,
      "horizon_05_all_candidates_improvement_pct": 13.438605471351762,
      "horizon_05_affected_candidates_model_robust_mae": 1.1167063960380668,
      "horizon_05_affected_candidates_baseline_robust_mae": 1.278794956902673,
      "horizon_05_affected_candidates_improvement_pct": 12.67510166424144,
      "horizon_06_all_candidates_model_robust_mae": 0.7157242200032011,
      "horizon_06_all_candidates_baseline_robust_mae": 0.8309331462252701,
      "horizon_06_all_candidates_improvement_pct": 13.865005475522972,
      "horizon_06_affected_candidates_model_robust_mae": 1.1625963664327297,
      "horizon_06_affected_candidates_baseline_robust_mae": 1.338801370773286,
      "horizon_06_affected_candidates_improvement_pct": 13.161400054347197,
      "horizon_07_all_candidates_model_robust_mae": 0.7370948037882732,
      "horizon_07_all_candidates_baseline_robust_mae": 0.8603359643595453,
      "horizon_07_all_candidates_improvement_pct": 14.324771447049267,
      "horizon_07_affected_candidates_model_robust_mae": 1.2100169974709603,
      "horizon_07_affected_candidates_baseline_robust_mae": 1.3996848053600315,
      "horizon_07_affected_candidates_improvement_pct": 13.550751366503851,
      "horizon_08_all_candidates_model_robust_mae": 0.7583515055114709,
      "horizon_08_all_candidates_baseline_robust_mae": 0.8861502709168423,
      "horizon_08_all_candidates_improvement_pct": 14.421793864955465,
      "horizon_08_affected_candidates_model_robust_mae": 1.2574960731267852,
      "horizon_08_affected_candidates_baseline_robust_mae": 1.4596601159438387,
      "horizon_08_affected_candidates_improvement_pct": 13.850076508141836,
      "horizon_09_all_candidates_model_robust_mae": 0.7781621258375834,
      "horizon_09_all_candidates_baseline_robust_mae": 0.9125706141112399,
      "horizon_09_all_candidates_improvement_pct": 14.728557570808702,
      "horizon_09_affected_candidates_model_robust_mae": 1.3024553851331369,
      "horizon_09_affected_candidates_baseline_robust_mae": 1.516497419177973,
      "horizon_09_affected_candidates_improvement_pct": 14.114236617749008,
      "horizon_10_all_candidates_model_robust_mae": 0.789392024515531,
      "horizon_10_all_candidates_baseline_robust_mae": 0.9300649010291959,
      "horizon_10_all_candidates_improvement_pct": 15.125060235903794,
      "horizon_10_affected_candidates_model_robust_mae": 1.3279154613536956,
      "horizon_10_affected_candidates_baseline_robust_mae": 1.5541937378693185,
      "horizon_10_affected_candidates_improvement_pct": 14.55920655206301,
      "horizon_11_all_candidates_model_robust_mae": 0.8074124918405396,
      "horizon_11_all_candidates_baseline_robust_mae": 0.9512812676206814,
      "horizon_11_all_candidates_improvement_pct": 15.123684306323241,
      "horizon_11_affected_candidates_model_robust_mae": 1.3694645971075872,
      "horizon_11_affected_candidates_baseline_robust_mae": 1.6033171811897264,
      "horizon_11_affected_candidates_improvement_pct": 14.585547190894017,
      "horizon_12_all_candidates_model_robust_mae": 0.8204398404706276,
      "horizon_12_all_candidates_baseline_robust_mae": 0.9653563223543601,
      "horizon_12_all_candidates_improvement_pct": 15.011708995731526,
      "horizon_12_affected_candidates_model_robust_mae": 1.404992612914169,
      "horizon_12_affected_candidates_baseline_robust_mae": 1.639548358123804,
      "horizon_12_affected_candidates_improvement_pct": 14.306119368021923,
      "affected_node_rate": 0.2325104082364818
    },
    "test": {
      "all_candidates_model_robust_mae": 0.704862362963705,
      "all_candidates_baseline_robust_mae": 0.8280836555638911,
      "all_candidates_improvement_pct": 14.880295218032947,
      "affected_candidates_model_robust_mae": 1.0969823178360834,
      "affected_candidates_baseline_robust_mae": 1.2841962408174767,
      "affected_candidates_improvement_pct": 14.57829551519472,
      "unaffected_candidates_model_robust_mae": 0.5215237971319281,
      "unaffected_candidates_baseline_robust_mae": 0.6148248699120327,
      "unaffected_candidates_improvement_pct": 15.175227507217432,
      "horizon_01_all_candidates_model_robust_mae": 0.5205057096474647,
      "horizon_01_all_candidates_baseline_robust_mae": 0.5881255439329283,
      "horizon_01_all_candidates_improvement_pct": 11.497516981370081,
      "horizon_01_affected_candidates_model_robust_mae": 0.7265461765514474,
      "horizon_01_affected_candidates_baseline_robust_mae": 0.806992459315604,
      "horizon_01_affected_candidates_improvement_pct": 9.968653589697942,
      "horizon_02_all_candidates_model_robust_mae": 0.5815961919773306,
      "horizon_02_all_candidates_baseline_robust_mae": 0.6610505935363826,
      "horizon_02_all_candidates_improvement_pct": 12.019413088187335,
      "horizon_02_affected_candidates_model_robust_mae": 0.8463689342393965,
      "horizon_02_affected_candidates_baseline_robust_mae": 0.9526375373027857,
      "horizon_02_affected_candidates_improvement_pct": 11.155197953281238,
      "horizon_03_all_candidates_model_robust_mae": 0.627048535705161,
      "horizon_03_all_candidates_baseline_robust_mae": 0.7207016778711037,
      "horizon_03_all_candidates_improvement_pct": 12.994716821332625,
      "horizon_03_affected_candidates_model_robust_mae": 0.9399733434950477,
      "horizon_03_affected_candidates_baseline_robust_mae": 1.0694187462035791,