{
  "metrics": {
    "val": {
      "all_candidates_model_robust_mae": 0.6984704432448139,
      "all_candidates_baseline_robust_mae": 0.812272253538368,
      "all_candidates_improvement_pct": 14.010303786423576,
      "affected_candidates_model_robust_mae": 1.1247717393796024,
      "affected_candidates_baseline_robust_mae": 1.2999156952298925,
      "affected_candidates_improvement_pct": 13.473485741651542,
      "unaffected_candidates_model_robust_mae": 0.5240685514652886,
      "unaffected_candidates_baseline_robust_mae": 0.6127749966054564,
      "unaffected_candidates_improvement_pct": 14.476185489220057,
      "horizon_01_all_candidates_model_robust_mae": 0.5251359559238563,
      "horizon_01_all_candidates_baseline_robust_mae": 0.5925561872164117,
      "horizon_01_all_candidates_improvement_pct": 11.377863019078111,
      "horizon_01_affected_candidates_model_robust_mae": 0.7503843506924529,
      "horizon_01_affected_candidates_baseline_robust_mae": 0.8310821840812233,
      "horizon_01_affected_candidates_improvement_pct": 9.70997031755449,
      "horizon_02_all_candidates_model_robust_mae": 0.583705435224223,
      "horizon_02_all_candidates_baseline_robust_mae": 0.6605090726494501,
      "horizon_02_all_candidates_improvement_pct": 11.62794586865408,
      "horizon_02_affected_candidates_model_robust_mae": 0.8675784914037816,
      "horizon_02_affected_candidates_baseline_robust_mae": 0.969432654323763,
      "horizon_02_affected_candidates_improvement_pct": 10.506574383037544,
      "horizon_03_all_candidates_model_robust_mae": 0.6244186733043761,
      "horizon_03_all_candidates_baseline_robust_mae": 0.7156650011947023,
      "horizon_03_all_candidates_improvement_pct": 12.74986589228247,
      "horizon_03_affected_candidates_model_robust_mae": 0.9585896982888864,
      "horizon_03_affected_candidates_baseline_robust_mae": 1.0868382318468646,
      "horizon_03_affected_candidates_improvement_pct": 11.800149258647757,
      "horizon_04_all_candidates_model_robust_mae": 0.6598761879896252,
      "horizon_04_all_candidates_baseline_robust_mae": 0.7587719564434949,
      "horizon_04_all_candidates_improvement_pct": 13.033661512401242,
      "horizon_04_affected_candidates_model_robust_mae": 1.0239683986270738,
      "horizon_04_affected_candidates_baseline_robust_mae": 1.1706791141493218,
      "horizon_04_affected_candidates_improvement_pct": 12.532103268012593,
      "horizon_05_all_candidates_model_robust_mae": 0.6814034427587252,
      "horizon_05_all_candidates_baseline_robust_mae": 0.78826782591811,
      "horizon_05_all_candidates_improvement_pct": 13.556862229524317,
      "horizon_05_affected_candidates_model_robust_mae": 1.0881491068553506,
      "horizon_05_affected_candidates_baseline_robust_mae": 1.250857173134531,
      "horizon_05_affected_candidates_improvement_pct": 13.007725404128216,
      "horizon_06_all_candidates_model_robust_mae": 0.7045392245156764,
      "horizon_06_all_candidates_baseline_robust_mae": 0.8191494627034623,
      "horizon_06_all_candidates_improvement_pct": 13.991370733435446,
      "horizon_06_affected_candidates_model_robust_mae": 1.1382911513403016,
      "horizon_06_affected_candidates_baseline_robust_mae": 1.3189782477938825,
      "horizon_06_affected_candidates_improvement_pct": 13.699020188983209,
      "horizon_07_all_candidates_model_robust_mae": 0.7252174484001153,
      "horizon_07_all_candidates_baseline_robust_mae": 0.8484080569173638,
      "horizon_07_all_candidates_improvement_pct": 14.520207288560373,
      "horizon_07_affected_candidates_model_robust_mae": 1.1845142337097312,
      "horizon_07_affected_candidates_baseline_robust_mae": 1.373737024284366,
      "horizon_07_affected_candidates_improvement_pct": 13.774309582520607,
      "horizon_08_all_candidates_model_robust_mae": 0.7463400182934695,
      "horizon_08_all_candidates_baseline_robust_mae": 0.8730975337730842,
      "horizon_08_all_candidates_improvement_pct": 14.518139220005931,
      "horizon_08_affected_candidates_model_robust_mae": 1.2331503437197338,
      "horizon_08_affected_candidates_baseline_robust_mae": 1.436019830312394,
      "horizon_08_affected_candidates_improvement_pct": 14.127206484922132,
      "horizon_09_all_candidates_model_robust_mae": 0.76356494398213,
      "horizon_09_all_candidates_baseline_robust_mae": 0.8976867136473045,
      "horizon_09_all_candidates_improvement_pct": 14.940821516700094,
      "horizon_09_affected_candidates_model_robust_mae": 1.2717476712033837,
      "horizon_09_affected_candidates_baseline_robust_mae": 1.4868423174878904,
      "horizon_09_affected_candidates_improvement_pct": 14.466540517082002,
      "horizon_10_all_candidates_model_robust_mae": 0.7725558560383305,
      "horizon_10_all_candidates_baseline_robust_mae": 0.9113789985417645,
      "horizon_10_all_candidates_improvement_pct": 15.232207756109744,
      "horizon_10_affected_candidates_model_robust_mae": 1.2866059589787897,
      "horizon_10_affected_candidates_baseline_robust_mae": 1.5105281051277468,
      "horizon_10_affected_candidates_improvement_pct": 14.824096644664536,
      "horizon_11_all_candidates_model_robust_mae": 0.7906689429125594,
      "horizon_11_all_candidates_baseline_robust_mae": 0.9332737739183414,
      "horizon_11_all_candidates_improvement_pct": 15.280064113133378,
      "horizon_11_affected_candidates_model_robust_mae": 1.33039576776132,
      "horizon_11_affected_candidates_baseline_robust_mae": 1.564404800238793,
      "horizon_11_affected_candidates_improvement_pct": 14.958342779423418,
      "horizon_12_all_candidates_model_robust_mae": 0.8042677556275123,
      "horizon_12_all_candidates_baseline_robust_mae": 0.9485655322208022,
      "horizon_12_all_candidates_improvement_pct": 15.21220956189045,
      "horizon_12_affected_candidates_model_robust_mae": 1.3640977958901694,
      "horizon_12_affected_candidates_baseline_robust_mae": 1.5998585408337254,
      "horizon_12_affected_candidates_improvement_pct": 14.736349428787324,
      "affected_node_rate": 0.2311284046692607
    },
    "test": {
      "all_candidates_model_robust_mae": 0.7093248800280126,
      "all_candidates_baseline_robust_mae": 0.8330488830427023,
      "all_candidates_improvement_pct": 14.851949931532113,
      "affected_candidates_model_robust_mae": 1.1032154168756305,
      "affected_candidates_baseline_robust_mae": 1.2900944477339138,
      "affected_candidates_improvement_pct": 14.485686004349636,
      "unaffected_candidates_model_robust_mae": 0.522990930848456,
      "unaffected_candidates_baseline_robust_mae": 0.6168388012401588,
      "unaffected_candidates_improvement_pct": 15.214326693298302,
      "horizon_01_all_candidates_model_robust_mae": 0.5247511412581634,
      "horizon_01_all_candidates_baseline_robust_mae": 0.5907186167402946,
      "horizon_01_all_candidates_improvement_pct": 11.167326306076683,
      "horizon_01_affected_candidates_model_robust_mae": 0.7330814451088019,
      "horizon_01_affected_candidates_baseline_robust_mae": 0.8083569085558622,
      "horizon_01_affected_candidates_improvement_pct": 9.312156876538687,
      "horizon_02_all_candidates_model_robust_mae": 0.5827792888771771,
      "horizon_02_all_candidates_baseline_robust_mae": 0.6613039375788015,
      "horizon_02_all_candidates_improvement_pct": 11.874214599284356,
      "horizon_02_affected_candidates_model_robust_mae": 0.8508613789671111,
      "horizon_02_affected_candidates_baseline_robust_mae": 0.9541223391609646,
      "horizon_02_affected_candidates_improvement_pct": 10.822612148947167,
      "horizon_03_all_candidates_model_robust_mae": 0.6267951101424564,
      "horizon_03_all_candidates_baseline_robust_mae": 0.7180480895724983,
      "horizon_03_all_candidates_improvement_pct": 12.70847743420234,
      "horizon_03_affected_candidates_model_robust_mae": 0.9311276290865427,
      "horizon_03_affected_candidates_baseline_robust_mae": 1.0552724023797542,