{
  "metrics": {
    "val": {
      "all_candidates_model_robust_mae": 0.7108758330275371,
      "all_candidates_baseline_robust_mae": 0.8251209175914559,
      "all_candidates_improvement_pct": 13.84585969501324,
      "affected_candidates_model_robust_mae": 1.152734039795361,
      "affected_candidates_baseline_robust_mae": 1.3266944118026271,
      "affected_candidates_improvement_pct": 13.112316631446426,
      "unaffected_candidates_model_robust_mae": 0.5284200221580815,
      "unaffected_candidates_baseline_robust_mae": 0.6180069509582966,
      "unaffected_candidates_improvement_pct": 14.496103751147047,
      "horizon_01_all_candidates_model_robust_mae": 0.5315475002464964,
      "horizon_01_all_candidates_baseline_robust_mae": 0.5998224242136384,
      "horizon_01_all_candidates_improvement_pct": 11.382522761907369,
      "horizon_01_affected_candidates_model_robust_mae": 0.7643779933324829,
      "horizon_01_affected_candidates_baseline_robust_mae": 0.8432460464706908,
      "horizon_01_affected_candidates_improvement_pct": 9.352911106823571,
      "horizon_02_all_candidates_model_robust_mae": 0.5921565058992317,
      "horizon_02_all_candidates_baseline_robust_mae": 0.6695346937686188,
      "horizon_02_all_candidates_improvement_pct": 11.557009455902497,
      "horizon_02_affected_candidates_model_robust_mae": 0.8844879182126305,
      "horizon_02_affected_candidates_baseline_robust_mae": 0.9876437123221473,
      "horizon_02_affected_candidates_improvement_pct": 10.444636342287541,
      "horizon_03_all_candidates_model_robust_mae": 0.6355900397155475,
      "horizon_03_all_candidates_baseline_robust_mae": 0.7246314043581412,
      "horizon_03_all_candidates_improvement_pct": 12.287814757554447,
      "horizon_03_affected_candidates_model_robust_mae": 0.977528105562801,
      "horizon_03_affected_candidates_baseline_robust_mae": 1.1024392023224319,
      "horizon_03_affected_candidates_improvement_pct": 11.330429514524642,
      "horizon_04_all_candidates_model_robust_mae": 0.6692277966832823,
      "horizon_04_all_candidates_baseline_robust_mae": 0.7688836821190034,
      "horizon_04_all_candidates_improvement_pct": 12.961113332653216,
      "horizon_04_affected_candidates_model_robust_mae": 1.052438811930629,
      "horizon_04_affected_candidates_baseline_robust_mae": 1.1967916005944892,
      "horizon_04_affected_candidates_improvement_pct": 12.061647875215288,
      "horizon_05_all_candidates_model_robust_mae": 0.6943097829129887,
      "horizon_05_all_candidates_baseline_robust_mae": 0.8020017680797625,
      "horizon_05_all_candidates_improvement_pct": 13.42789872204663,
      "horizon_05_affected_candidates_model_robust_mae": 1.1169404759230255,
      "horizon_05_affected_candidates_baseline_robust_mae": 1.278794956902673,
      "horizon_05_affected_candidates_improvement_pct": 12.656796940431324,
      "horizon_06_all_candidates_model_robust_mae": 0.7158386085040619,
      "horizon_06_all_candidates_baseline_robust_mae": 0.8309331462252701,
      "horizon_06_all_candidates_improvement_pct": 13.851239205470995,
      "horizon_06_affected_candidates_model_robust_mae": 1.162801202893303,
      "horizon_06_affected_candidates_baseline_robust_mae": 1.338801370773286,
      "horizon_06_affected_candidates_improvement_pct": 13.146100065488133,
      "horizon_07_all_candidates_model_robust_mae": 0.7372150854492645,
      "horizon_07_all_candidates_baseline_robust_mae": 0.8603359643595453,
      "horizon_07_all_candidates_improvement_pct": 14.310790669077157,
      "horizon_07_affected_candidates_model_robust_mae": 1.2102564489309307,
      "horizon_07_affected_candidates_baseline_robust_mae": 1.3996848053600315,
      "horizon_07_affected_candidates_improvement_pct": 13.533643839219605,
      "horizon_08_all_candidates_model_robust_mae": 0.7584823955427231,
      "horizon_08_all_candidates_baseline_robust_mae": 0.8861502709168423,
      "horizon_08_all_candidates_improvement_pct": 14.407023228919119,
      "horizon_08_affected_candidates_model_robust_mae": 1.2577697350374502,
      "horizon_08_affected_candidates_baseline_robust_mae": 1.4596601159438387,
      "horizon_08_affected_candidates_improvement_pct": 13.831328177097113,
      "horizon_09_all_candidates_model_robust_mae": 0.7783123533246854,
      "horizon_09_all_candidates_baseline_robust_mae": 0.9125706141112399,
      "horizon_09_all_candidates_improvement_pct": 14.71209555846916,
      "horizon_09_affected_candidates_model_robust_mae": 1.3027979133829515,
      "horizon_09_affected_candidates_baseline_robust_mae": 1.516497419177973,
      "horizon_09_affected_candidates_improvement_pct": 14.091649817040816,
      "horizon_10_all_candidates_model_robust_mae": 0.7896040883436601,
      "horizon_10_all_candidates_baseline_robust_mae": 0.9300649010291959,
      "horizon_10_all_candidates_improvement_pct": 15.10225926492914,
      "horizon_10_affected_candidates_model_robust_mae": 1.3283127013502483,
      "horizon_10_affected_candidates_baseline_robust_mae": 1.5541937378693185,
      "horizon_10_affected_candidates_improvement_pct": 14.533647319203327,
      "horizon_11_all_candidates_model_robust_mae": 0.8076345369812659,
      "horizon_11_all_candidates_baseline_robust_mae": 0.9512812676206814,
      "horizon_11_all_candidates_improvement_pct": 15.10034261461921,
      "horizon_11_affected_candidates_model_robust_mae": 1.3698893947098236,
      "horizon_11_affected_candidates_baseline_robust_mae": 1.6033171811897264,
      "horizon_11_affected_candidates_improvement_pct": 14.559052271035348,
      "horizon_12_all_candidates_model_robust_mae": 0.8206812021683674,
      "horizon_12_all_candidates_baseline_robust_mae": 0.9653563223543601,
      "horizon_12_all_candidates_improvement_pct": 14.986706652850387,
      "horizon_12_affected_candidates_model_robust_mae": 1.405434994923977,
      "horizon_12_affected_candidates_baseline_robust_mae": 1.639548358123804,
      "horizon_12_affected_candidates_improvement_pct": 14.279137424633909,
      "affected_node_rate": 0.2325104082364818
    },
    "test": {
      "all_candidates_model_robust_mae": 0.7049059718346536,
      "all_candidates_baseline_robust_mae": 0.8280836555638911,
      "all_candidates_improvement_pct": 14.875028978244773,
      "affected_candidates_model_robust_mae": 1.0970838036860167,
      "affected_candidates_baseline_robust_mae": 1.2841962408174767,
      "affected_candidates_improvement_pct": 14.570392840610598,
      "unaffected_candidates_model_robust_mae": 0.5215403515313134,
      "unaffected_candidates_baseline_robust_mae": 0.6148248699120327,
      "unaffected_candidates_improvement_pct": 15.172534968220488,
      "horizon_01_all_candidates_model_robust_mae": 0.5204819001088723,
      "horizon_01_all_candidates_baseline_robust_mae": 0.5881255439329283,
      "horizon_01_all_candidates_improvement_pct": 11.501565358257976,
      "horizon_01_affected_candidates_model_robust_mae": 0.726541783674601,
      "horizon_01_affected_candidates_baseline_robust_mae": 0.806992459315604,
      "horizon_01_affected_candidates_improvement_pct": 9.969197941357699,
      "horizon_02_all_candidates_model_robust_mae": 0.5815698917781317,
      "horizon_02_all_candidates_baseline_robust_mae": 0.6610505935363826,
      "horizon_02_all_candidates_improvement_pct": 12.023391633771602,
      "horizon_02_affected_candidates_model_robust_mae": 0.846393913161372,
      "horizon_02_affected_candidates_baseline_robust_mae": 0.9526375373027857,
      "horizon_02_affected_candidates_improvement_pct": 11.152575872899416,
      "horizon_03_all_candidates_model_robust_mae": 0.6270889638290964,
      "horizon_03_all_candidates_baseline_robust_mae": 0.7207016778711037,
      "horizon_03_all_candidates_improvement_pct": 12.989107270921297,
      "horizon_03_affected_candidates_model_robust_mae": 0.9400468788312504,
      "horizon_03_affected_candidates_baseline_robust_mae": 1.0694187462035791,