{
  "metrics": {
    "val": {
      "all_candidates_model_robust_mae": 0.714387407885031,
      "all_candidates_baseline_robust_mae": 0.8272501102632047,
      "all_candidates_improvement_pct": 13.643117236003077,
      "affected_candidates_model_robust_mae": 1.157032239549003,
      "affected_candidates_baseline_robust_mae": 1.3240686546633906,
      "affected_candidates_improvement_pct": 12.615389279557585,
      "unaffected_candidates_model_robust_mae": 0.5299189875984457,
      "unaffected_candidates_baseline_robust_mae": 0.6202052552880885,
      "unaffected_candidates_improvement_pct": 14.557481885203366,
      "horizon_01_all_candidates_model_robust_mae": 0.5324232143580333,
      "horizon_01_all_candidates_baseline_robust_mae": 0.6003526860005128,
      "horizon_01_all_candidates_improvement_pct": 11.314927579489751,
      "horizon_01_affected_candidates_model_robust_mae": 0.7667882338179965,
      "horizon_01_affected_candidates_baseline_robust_mae": 0.8427632402965712,
      "horizon_01_affected_candidates_improvement_pct": 9.014988177680701,
      "horizon_02_all_candidates_model_robust_mae": 0.5959987047523729,
      "horizon_02_all_candidates_baseline_robust_mae": 0.6733494887504019,
      "horizon_02_all_candidates_improvement_pct": 11.48746457676475,
      "horizon_02_affected_candidates_model_robust_mae": 0.8986866652188873,
      "horizon_02_affected_candidates_baseline_robust_mae": 0.9973475126132015,
      "horizon_02_affected_candidates_improvement_pct": 9.892324004078366,
      "horizon_03_all_candidates_model_robust_mae": 0.64258884324408,
      "horizon_03_all_candidates_baseline_robust_mae": 0.7308534904495786,
      "horizon_03_all_candidates_improvement_pct": 12.076927641298294,
      "horizon_03_affected_candidates_model_robust_mae": 0.9972436451228984,
      "horizon_03_affected_candidates_baseline_robust_mae": 1.1166547427176545,
      "horizon_03_affected_candidates_improvement_pct": 10.693645316379508,
      "horizon_04_all_candidates_model_robust_mae": 0.6746415889460392,
      "horizon_04_all_candidates_baseline_robust_mae": 0.7732848661126429,
      "horizon_04_all_candidates_improvement_pct": 12.756395668583345,
      "horizon_04_affected_candidates_model_robust_mae": 1.0650218179194586,
      "horizon_04_affected_candidates_baseline_robust_mae": 1.2040969552088483,
      "horizon_04_affected_candidates_improvement_pct": 11.550161030451852,
      "horizon_05_all_candidates_model_robust_mae": 0.7002169997078718,
      "horizon_05_all_candidates_baseline_robust_mae": 0.80618805385504,
      "horizon_05_all_candidates_improvement_pct": 13.144706578128334,
      "horizon_05_affected_candidates_model_robust_mae": 1.125123093167973,
      "horizon_05_affected_candidates_baseline_robust_mae": 1.2793815399100616,
      "horizon_05_affected_candidates_improvement_pct": 12.057266884820987,
      "horizon_06_all_candidates_model_robust_mae": 0.7230381784271328,
      "horizon_06_all_candidates_baseline_robust_mae": 0.8377409271994909,
      "horizon_06_all_candidates_improvement_pct": 13.691911788982464,
      "horizon_06_affected_candidates_model_robust_mae": 1.176610190606732,
      "horizon_06_affected_candidates_baseline_robust_mae": 1.346644237542608,
      "horizon_06_affected_candidates_improvement_pct": 12.626500912086366,
      "horizon_07_all_candidates_model_robust_mae": 0.7425993050562574,
      "horizon_07_all_candidates_baseline_robust_mae": 0.8643465388721971,
      "horizon_07_all_candidates_improvement_pct": 14.085465532701278,
      "horizon_07_affected_candidates_model_robust_mae": 1.2174373714989801,
      "horizon_07_affected_candidates_baseline_robust_mae": 1.4017586805897237,
      "horizon_07_affected_candidates_improvement_pct": 13.149289649000009,
      "horizon_08_all_candidates_model_robust_mae": 0.7634193925202739,
      "horizon_08_all_candidates_baseline_robust_mae": 0.8908410368372225,
      "horizon_08_all_candidates_improvement_pct": 14.303522070484894,
      "horizon_08_affected_candidates_model_robust_mae": 1.2635227992741844,
      "horizon_08_affected_candidates_baseline_robust_mae": 1.4593189470573813,
      "horizon_08_affected_candidates_improvement_pct": 13.416953722008932,
      "horizon_09_all_candidates_model_robust_mae": 0.780065916337606,
      "horizon_09_all_candidates_baseline_robust_mae": 0.9119756261656342,
      "horizon_09_all_candidates_improvement_pct": 14.46417053739006,
      "horizon_09_affected_candidates_model_robust_mae": 1.3001124756739586,
      "horizon_09_affected_candidates_baseline_robust_mae": 1.5058868737007916,
      "horizon_09_affected_candidates_improvement_pct": 13.664665096730152,
      "horizon_10_all_candidates_model_robust_mae": 0.7919683361231512,
      "horizon_10_all_candidates_baseline_robust_mae": 0.9289248031395567,
      "horizon_10_all_candidates_improvement_pct": 14.743547222931662,
      "horizon_10_affected_candidates_model_robust_mae": 1.3268498597597962,
      "horizon_10_affected_candidates_baseline_robust_mae": 1.5406091605425325,
      "horizon_10_affected_candidates_improvement_pct": 13.874985704191191,
      "horizon_11_all_candidates_model_robust_mae": 0.8065432036466326,
      "horizon_11_all_candidates_baseline_robust_mae": 0.9471625751648224,
      "horizon_11_all_candidates_improvement_pct": 14.846381730583015,
      "horizon_11_affected_candidates_model_robust_mae": 1.3581030681601671,
      "horizon_11_affected_candidates_baseline_robust_mae": 1.5798637806463696,
      "horizon_11_affected_candidates_improvement_pct": 14.03669830290517,
      "horizon_12_all_candidates_model_robust_mae": 0.8192341258388187,
      "horizon_12_all_candidates_baseline_robust_mae": 0.962095373567048,
      "horizon_12_all_candidates_improvement_pct": 14.848969411271506,
      "horizon_12_affected_candidates_model_robust_mae": 1.389073319937414,
      "horizon_12_affected_candidates_baseline_robust_mae": 1.6147309258643616,
      "horizon_12_affected_candidates_improvement_pct": 13.974935533370909,
      "affected_node_rate": 0.23427743925374256
    },
    "test": {
      "all_candidates_model_robust_mae": 0.707734627451175,
      "all_candidates_baseline_robust_mae": 0.8328134196658367,
      "all_candidates_improvement_pct": 15.018825256784297,
      "affected_candidates_model_robust_mae": 1.1048456224072833,
      "affected_candidates_baseline_robust_mae": 1.293837027683651,
      "affected_candidates_improvement_pct": 14.607048742044269,
      "unaffected_candidates_model_robust_mae": 0.5214183057298047,
      "unaffected_candidates_baseline_robust_mae": 0.6165106195898865,
      "unaffected_candidates_improvement_pct": 15.424278323597866,
      "horizon_01_all_candidates_model_robust_mae": 0.5229059318893223,
      "horizon_01_all_candidates_baseline_robust_mae": 0.5912248439472282,
      "horizon_01_all_candidates_improvement_pct": 11.555487350934781,
      "horizon_01_affected_candidates_model_robust_mae": 0.7344347740158589,
      "horizon_01_affected_candidates_baseline_robust_mae": 0.8144241910254835,
      "horizon_01_affected_candidates_improvement_pct": 9.821591486483939,
      "horizon_02_all_candidates_model_robust_mae": 0.584076653088759,
      "horizon_02_all_candidates_baseline_robust_mae": 0.6647113446148724,
      "horizon_02_all_candidates_improvement_pct": 12.130783110499245,
      "horizon_02_affected_candidates_model_robust_mae": 0.8541931488386563,
      "horizon_02_affected_candidates_baseline_robust_mae": 0.9614806863858398,
      "horizon_02_affected_candidates_improvement_pct": 11.158574380778497,
      "horizon_03_all_candidates_model_robust_mae": 0.630170374464889,
      "horizon_03_all_candidates_baseline_robust_mae": 0.7255605942083166,
      "horizon_03_all_candidates_improvement_pct": 13.147105907468845,
      "horizon_03_affected_candidates_model_robust_mae": 0.9460977564186707,
      "horizon_03_affected_candidates_baseline_robust_mae": 1.0792830623658292,