epoch,train_loss,val_loss,val_residual_loss,val_risk_loss,val_ranking_loss,val_convex_gate_loss,val_hard_rate,val_incident_worse_rate,val_gate_mean,val_base_gate_mean,val_risk_delta_mean
1,0.576562920383587,0.6786338373268764,0.6190268992051324,0.20003096044818575,0.6909905942895975,0.10108630035948729,0.7924489065377283,0.5467489973603352,0.4168807156544685,0.43813297333924667,-0.09911810725835528
2,0.5717770825525758,0.677279948320996,0.6193770660475809,0.18281396620284202,0.6916437592542323,0.10078592895135126,0.7924489065377283,0.5467489973603352,0.43564556337553767,0.43813297333924667,-0.016726908465328944
3,0.5710572797781343,0.675761337051323,0.6188116346777649,0.17360759415280855,0.6907757461050609,0.10100307720332308,0.7924489065377283,0.5467489973603352,0.43143741061776436,0.43813297333924667,-0.03775723797359396
