{
  "metrics": {
    "val": {
      "all_candidates_model_robust_mae": 0.7149492308706538,
      "all_candidates_baseline_robust_mae": 0.8272501102632047,
      "all_candidates_improvement_pct": 13.57520271067965,
      "affected_candidates_model_robust_mae": 1.1575009061447654,
      "affected_candidates_baseline_robust_mae": 1.3240686546633906,
      "affected_candidates_improvement_pct": 12.579993335841838,
      "unaffected_candidates_model_robust_mae": 0.5305196319543475,
      "unaffected_candidates_baseline_robust_mae": 0.6202052552880885,
      "unaffected_candidates_improvement_pct": 14.460635824841818,
      "horizon_01_all_candidates_model_robust_mae": 0.5328865140859109,
      "horizon_01_all_candidates_baseline_robust_mae": 0.6003526860005128,
      "horizon_01_all_candidates_improvement_pct": 11.237756320214794,
      "horizon_01_affected_candidates_model_robust_mae": 0.7671205719553982,
      "horizon_01_affected_candidates_baseline_robust_mae": 0.8427632402965712,
      "horizon_01_affected_candidates_improvement_pct": 8.975553835802586,
      "horizon_02_all_candidates_model_robust_mae": 0.5965995753339324,
      "horizon_02_all_candidates_baseline_robust_mae": 0.6733494887504019,
      "horizon_02_all_candidates_improvement_pct": 11.398228512640824,
      "horizon_02_affected_candidates_model_robust_mae": 0.899160798560645,
      "horizon_02_affected_candidates_baseline_robust_mae": 0.9973475126132015,
      "horizon_02_affected_candidates_improvement_pct": 9.844784572159053,
      "horizon_03_all_candidates_model_robust_mae": 0.6431983808457787,
      "horizon_03_all_candidates_baseline_robust_mae": 0.7308534904495786,
      "horizon_03_all_candidates_improvement_pct": 11.99352684898303,
      "horizon_03_affected_candidates_model_robust_mae": 0.9975142084164579,
      "horizon_03_affected_candidates_baseline_robust_mae": 1.1166547427176545,
      "horizon_03_affected_candidates_improvement_pct": 10.669415508972701,
      "horizon_04_all_candidates_model_robust_mae": 0.6753535769309816,
      "horizon_04_all_candidates_baseline_robust_mae": 0.7732848661126429,
      "horizon_04_all_candidates_improvement_pct": 12.664322486222796,
      "horizon_04_affected_candidates_model_robust_mae": 1.0653082101566655,
      "horizon_04_affected_candidates_baseline_robust_mae": 1.2040969552088483,
      "horizon_04_affected_candidates_improvement_pct": 11.526376215120493,
      "horizon_05_all_candidates_model_robust_mae": 0.700865699303939,
      "horizon_05_all_candidates_baseline_robust_mae": 0.80618805385504,
      "horizon_05_all_candidates_improvement_pct": 13.064241531174918,
      "horizon_05_affected_candidates_model_robust_mae": 1.1253814408890483,
      "horizon_05_affected_candidates_baseline_robust_mae": 1.2793815399100616,
      "horizon_05_affected_candidates_improvement_pct": 12.037073712337545,
      "horizon_06_all_candidates_model_robust_mae": 0.723389844568059,
      "horizon_06_all_candidates_baseline_robust_mae": 0.8377409271994909,
      "horizon_06_all_candidates_improvement_pct": 13.649933877971026,
      "horizon_06_affected_candidates_model_robust_mae": 1.1765024812731624,
      "horizon_06_affected_candidates_baseline_robust_mae": 1.346644237542608,
      "horizon_06_affected_candidates_improvement_pct": 12.634499263140558,
      "horizon_07_all_candidates_model_robust_mae": 0.7430810695129657,
      "horizon_07_all_candidates_baseline_robust_mae": 0.8643465388721971,
      "horizon_07_all_candidates_improvement_pct": 14.029728113154606,
      "horizon_07_affected_candidates_model_robust_mae": 1.2176848738654678,
      "horizon_07_affected_candidates_baseline_robust_mae": 1.4017586805897237,
      "horizon_07_affected_candidates_improvement_pct": 13.131633088715073,
      "horizon_08_all_candidates_model_robust_mae": 0.7639102435808157,
      "horizon_08_all_candidates_baseline_robust_mae": 0.8908410368372225,
      "horizon_08_all_candidates_improvement_pct": 14.248422334365364,
      "horizon_08_affected_candidates_model_robust_mae": 1.2641684951916863,
      "horizon_08_affected_candidates_baseline_robust_mae": 1.4593189470573813,
      "horizon_08_affected_candidates_improvement_pct": 13.372707334418072,
      "horizon_09_all_candidates_model_robust_mae": 0.7805685726528818,
      "horizon_09_all_candidates_baseline_robust_mae": 0.9119756261656342,
      "horizon_09_all_candidates_improvement_pct": 14.409053240298558,
      "horizon_09_affected_candidates_model_robust_mae": 1.3008065634276582,
      "horizon_09_affected_candidates_baseline_robust_mae": 1.5058868737007916,
      "horizon_09_affected_candidates_improvement_pct": 13.618573470206186,
      "horizon_10_all_candidates_model_robust_mae": 0.7925490817225913,
      "horizon_10_all_candidates_baseline_robust_mae": 0.9289248031395567,
      "horizon_10_all_candidates_improvement_pct": 14.681029180838554,
      "horizon_10_affected_candidates_model_robust_mae": 1.327568675911425,
      "horizon_10_affected_candidates_baseline_robust_mae": 1.5406091605425325,
      "horizon_10_affected_candidates_improvement_pct": 13.828327786658392,
      "horizon_11_all_candidates_model_robust_mae": 0.8073456422678724,
      "horizon_11_all_candidates_baseline_robust_mae": 0.9471625751648224,
      "horizon_11_all_candidates_improvement_pct": 14.76166146795015,
      "horizon_11_affected_candidates_model_robust_mae": 1.3589982683258146,
      "horizon_11_affected_candidates_baseline_robust_mae": 1.5798637806463696,
      "horizon_11_affected_candidates_improvement_pct": 13.980035179374278,
      "horizon_12_all_candidates_model_robust_mae": 0.8197314659511897,
      "horizon_12_all_candidates_baseline_robust_mae": 0.962095373567048,
      "horizon_12_all_candidates_improvement_pct": 14.797275979826443,
      "horizon_12_affected_candidates_model_robust_mae": 1.389982108238269,
      "horizon_12_affected_candidates_baseline_robust_mae": 1.6147309258643616,
      "horizon_12_affected_candidates_improvement_pct": 13.918654434997277,
      "affected_node_rate": 0.23427743925374256
    },
    "test": {
      "all_candidates_model_robust_mae": 0.7082271041255509,
      "all_candidates_baseline_robust_mae": 0.8328134196658367,
      "all_candidates_improvement_pct": 14.959691162310468,
      "affected_candidates_model_robust_mae": 1.1049801041008152,
      "affected_candidates_baseline_robust_mae": 1.293837027683651,
      "affected_candidates_improvement_pct": 14.59665472095395,
      "unaffected_candidates_model_robust_mae": 0.5220787472819909,
      "unaffected_candidates_baseline_robust_mae": 0.6165106195898865,
      "unaffected_candidates_improvement_pct": 15.3171525854191,
      "horizon_01_all_candidates_model_robust_mae": 0.5232961921008665,
      "horizon_01_all_candidates_baseline_robust_mae": 0.5912248439472282,
      "horizon_01_all_candidates_improvement_pct": 11.489478587003502,
      "horizon_01_affected_candidates_model_robust_mae": 0.734534671511428,
      "horizon_01_affected_candidates_baseline_robust_mae": 0.8144241910254835,
      "horizon_01_affected_candidates_improvement_pct": 9.80932545894326,
      "horizon_02_all_candidates_model_robust_mae": 0.5845546542511709,
      "horizon_02_all_candidates_baseline_robust_mae": 0.6647113446148724,
      "horizon_02_all_candidates_improvement_pct": 12.058872022132176,
      "horizon_02_affected_candidates_model_robust_mae": 0.8543131913773219,
      "horizon_02_affected_candidates_baseline_robust_mae": 0.9614806863858398,
      "horizon_02_affected_candidates_improvement_pct": 11.146089206571116,
      "horizon_03_all_candidates_model_robust_mae": 0.6305914408058513,
      "horizon_03_all_candidates_baseline_robust_mae": 0.7255605942083166,
      "horizon_03_all_candidates_improvement_pct": 13.089072664715118,
      "horizon_03_affected_candidates_model_robust_mae": 0.9458987637322609,
      "horizon_03_affected_candidates_baseline_robust_mae": 1.0792830623658292,