{
  "metrics": {
    "val": {
      "all_candidates_model_robust_mae": 0.7064196437148438,
      "all_candidates_baseline_robust_mae": 0.8218168869426726,
      "all_candidates_improvement_pct": 14.04172207474712,
      "affected_candidates_model_robust_mae": 1.1445656461236051,
      "affected_candidates_baseline_robust_mae": 1.321900093170066,
      "affected_candidates_improvement_pct": 13.415117221241188,
      "unaffected_candidates_model_robust_mae": 0.5277126684509282,
      "unaffected_candidates_baseline_robust_mae": 0.6178475281539271,
      "unaffected_candidates_improvement_pct": 14.588528009865753,
      "horizon_01_all_candidates_model_robust_mae": 0.5276684530218896,
      "horizon_01_all_candidates_baseline_robust_mae": 0.5962882424202636,
      "horizon_01_all_candidates_improvement_pct": 11.507821975468502,
      "horizon_01_affected_candidates_model_robust_mae": 0.7544260415600135,
      "horizon_01_affected_candidates_baseline_robust_mae": 0.8344840254504524,
      "horizon_01_affected_candidates_improvement_pct": 9.593710778013257,
      "horizon_02_all_candidates_model_robust_mae": 0.5870083423253614,
      "horizon_02_all_candidates_baseline_robust_mae": 0.6658843623079687,
      "horizon_02_all_candidates_improvement_pct": 11.84530294557773,
      "horizon_02_affected_candidates_model_robust_mae": 0.8718553078814081,
      "horizon_02_affected_candidates_baseline_robust_mae": 0.9774392338256852,
      "horizon_02_affected_candidates_improvement_pct": 10.802096160087919,
      "horizon_03_all_candidates_model_robust_mae": 0.6276665163602456,
      "horizon_03_all_candidates_baseline_robust_mae": 0.7185090804896771,
      "horizon_03_all_candidates_improvement_pct": 12.643203349291092,
      "horizon_03_affected_candidates_model_robust_mae": 0.9584557571139285,
      "horizon_03_affected_candidates_baseline_robust_mae": 1.0872711996786735,
      "horizon_03_affected_candidates_improvement_pct": 11.847590794533547,
      "horizon_04_all_candidates_model_robust_mae": 0.666361917914777,
      "horizon_04_all_candidates_baseline_robust_mae": 0.7657993273023962,
      "horizon_04_all_candidates_improvement_pct": 12.984786724467016,
      "horizon_04_affected_candidates_model_robust_mae": 1.0423301988208828,
      "horizon_04_affected_candidates_baseline_robust_mae": 1.187129695928143,
      "horizon_04_affected_candidates_improvement_pct": 12.197445452162698,
      "horizon_05_all_candidates_model_robust_mae": 0.6898590181461219,
      "horizon_05_all_candidates_baseline_robust_mae": 0.7988252447729507,
      "horizon_05_all_candidates_improvement_pct": 13.640809093082696,
      "horizon_05_affected_candidates_model_robust_mae": 1.1130489733106264,
      "horizon_05_affected_candidates_baseline_robust_mae": 1.2785870019025969,
      "horizon_05_affected_candidates_improvement_pct": 12.946950684282122,
      "horizon_06_all_candidates_model_robust_mae": 0.7118103351974379,
      "horizon_06_all_candidates_baseline_robust_mae": 0.8271635636319291,
      "horizon_06_all_candidates_improvement_pct": 13.945637054900677,
      "horizon_06_affected_candidates_model_robust_mae": 1.1566905627685489,
      "horizon_06_affected_candidates_baseline_robust_mae": 1.3361698379661417,
      "horizon_06_affected_candidates_improvement_pct": 13.432369905220153,
      "horizon_07_all_candidates_model_robust_mae": 0.7336742551747446,
      "horizon_07_all_candidates_baseline_robust_mae": 0.8581669754201103,
      "horizon_07_all_candidates_improvement_pct": 14.506817881732292,
      "horizon_07_affected_candidates_model_robust_mae": 1.2058572818763245,
      "horizon_07_affected_candidates_baseline_robust_mae": 1.396760433062908,
      "horizon_07_affected_candidates_improvement_pct": 13.667565794941554,
      "horizon_08_all_candidates_model_robust_mae": 0.7539499673451591,
      "horizon_08_all_candidates_baseline_robust_mae": 0.8832959456348695,
      "horizon_08_all_candidates_improvement_pct": 14.643560737363387,
      "horizon_08_affected_candidates_model_robust_mae": 1.2555690104335961,
      "horizon_08_affected_candidates_baseline_robust_mae": 1.4631506402253955,
      "horizon_08_affected_candidates_improvement_pct": 14.187304033152857,
      "horizon_09_all_candidates_model_robust_mae": 0.775522089086435,
      "horizon_09_all_candidates_baseline_robust_mae": 0.9114611392936798,
      "horizon_09_all_candidates_improvement_pct": 14.91440987956856,
      "horizon_09_affected_candidates_model_robust_mae": 1.3039804227882905,
      "horizon_09_affected_candidates_baseline_robust_mae": 1.5233428762195156,
      "horizon_09_affected_candidates_improvement_pct": 14.400070847845988,
      "horizon_10_all_candidates_model_robust_mae": 0.7833168603155402,
      "horizon_10_all_candidates_baseline_robust_mae": 0.9254125011244565,
      "horizon_10_all_candidates_improvement_pct": 15.354843449408541,
      "horizon_10_affected_candidates_model_robust_mae": 1.316143204006086,
      "horizon_10_affected_candidates_baseline_robust_mae": 1.546078384663797,
      "horizon_10_affected_candidates_improvement_pct": 14.872155444286328,
      "horizon_11_all_candidates_model_robust_mae": 0.8038323225151652,
      "horizon_11_all_candidates_baseline_robust_mae": 0.9489043907745328,
      "horizon_11_all_candidates_improvement_pct": 15.288375696202028,
      "horizon_11_affected_candidates_model_robust_mae": 1.3621822679071345,
      "horizon_11_affected_candidates_baseline_robust_mae": 1.6002097212676636,
      "horizon_11_affected_candidates_improvement_pct": 14.874766113279646,
      "horizon_12_all_candidates_model_robust_mae": 0.8164500614561708,
      "horizon_12_all_candidates_baseline_robust_mae": 0.9622013237750741,
      "horizon_12_all_candidates_improvement_pct": 15.14768881704161,
      "horizon_12_affected_candidates_model_robust_mae": 1.3945273741723099,
      "horizon_12_affected_candidates_baseline_robust_mae": 1.6325334546965442,
      "horizon_12_affected_candidates_improvement_pct": 14.578940470685483,
      "affected_node_rate": 0.23040841625624014
    },
    "test": {
      "all_candidates_model_robust_mae": 0.7067136243168044,
      "all_candidates_baseline_robust_mae": 0.8305550675168533,
      "all_candidates_improvement_pct": 14.91068419705186,
      "affected_candidates_model_robust_mae": 1.1014953892016195,
      "affected_candidates_baseline_robust_mae": 1.288427198736098,
      "affected_candidates_improvement_pct": 14.508527118788866,
      "unaffected_candidates_model_robust_mae": 0.5217710948917843,
      "unaffected_candidates_baseline_robust_mae": 0.6160567199198358,
      "unaffected_candidates_improvement_pct": 15.304698736233311,
      "horizon_01_all_candidates_model_robust_mae": 0.5232480494236624,
      "horizon_01_all_candidates_baseline_robust_mae": 0.5892743176977213,
      "horizon_01_all_candidates_improvement_pct": 11.204674341149248,
      "horizon_01_affected_candidates_model_robust_mae": 0.730733851596027,
      "horizon_01_affected_candidates_baseline_robust_mae": 0.8069023430602876,
      "horizon_01_affected_candidates_improvement_pct": 9.439617088653034,
      "horizon_02_all_candidates_model_robust_mae": 0.5840127050633646,
      "horizon_02_all_candidates_baseline_robust_mae": 0.6626268678422095,
      "horizon_02_all_candidates_improvement_pct": 11.86401677837869,
      "horizon_02_affected_candidates_model_robust_mae": 0.8558375859797813,
      "horizon_02_affected_candidates_baseline_robust_mae": 0.9595131967832721,
      "horizon_02_affected_candidates_improvement_pct": 10.805021874744288,
      "horizon_03_all_candidates_model_robust_mae": 0.6252324942880757,
      "horizon_03_all_candidates_baseline_robust_mae": 0.7171255289241326,
      "horizon_03_all_candidates_improvement_pct": 12.814079394707843,
      "horizon_03_affected_candidates_model_robust_mae": 0.9304899987352723,
      "horizon_03_affected_candidates_baseline_robust_mae": 1.055717821613149,