{
  "metrics": {
    "train": {
      "all_candidates_model_robust_mae": 0.657850392877069,
      "all_candidates_baseline_robust_mae": 0.7667153791612423,
      "all_candidates_improvement_pct": 14.19887865080618,
      "affected_candidates_model_robust_mae": 0.9894800985476214,
      "affected_candidates_baseline_robust_mae": 1.14544307792242,
      "affected_candidates_improvement_pct": 13.615951973596186,
      "unaffected_candidates_model_robust_mae": 0.5156654695405002,
      "unaffected_candidates_baseline_robust_mae": 0.6043373985137268,
      "unaffected_candidates_improvement_pct": 14.672586735704483,
      "horizon_01_all_candidates_model_robust_mae": 0.509602519628854,
      "horizon_01_all_candidates_baseline_robust_mae": 0.5782493143321658,
      "horizon_01_all_candidates_improvement_pct": 11.871487436624749,
      "horizon_01_affected_candidates_model_robust_mae": 0.6990243195424007,
      "horizon_01_affected_candidates_baseline_robust_mae": 0.7790664187365262,
      "horizon_01_affected_candidates_improvement_pct": 10.274104655150719,
      "horizon_02_all_candidates_model_robust_mae": 0.572413013599537,
      "horizon_02_all_candidates_baseline_robust_mae": 0.6500245447937584,
      "horizon_02_all_candidates_improvement_pct": 11.939784707490727,
      "horizon_02_affected_candidates_model_robust_mae": 0.8217306644690381,
      "horizon_02_affected_candidates_baseline_robust_mae": 0.9139155292312482,
      "horizon_02_affected_candidates_improvement_pct": 10.086803628312628,
      "horizon_03_all_candidates_model_robust_mae": 0.5921073468151613,
      "horizon_03_all_candidates_baseline_robust_mae": 0.6767323893577877,
      "horizon_03_all_candidates_improvement_pct": 12.504949352717503,
      "horizon_03_affected_candidates_model_robust_mae": 0.8569048275523621,
      "horizon_03_affected_candidates_baseline_robust_mae": 0.9644604608341232,
      "horizon_03_affected_candidates_improvement_pct": 11.151896593950626,
      "horizon_04_all_candidates_model_robust_mae": 0.635648638390367,
      "horizon_04_all_candidates_baseline_robust_mae": 0.7327995358168786,
      "horizon_04_all_candidates_improvement_pct": 13.257499858841197,
      "horizon_04_affected_candidates_model_robust_mae": 0.9353251484154308,
      "horizon_04_affected_candidates_baseline_robust_mae": 1.0695378635031036,
      "horizon_04_affected_candidates_improvement_pct": 12.548664209799936,
      "horizon_05_all_candidates_model_robust_mae": 0.6526100971140543,
      "horizon_05_all_candidates_baseline_robust_mae": 0.7534636238967799,
      "horizon_05_all_candidates_improvement_pct": 13.385321279497095,
      "horizon_05_affected_candidates_model_robust_mae": 0.9782365112123197,
      "horizon_05_affected_candidates_baseline_robust_mae": 1.1317641581235598,
      "horizon_05_affected_candidates_improvement_pct": 13.565339192733013,
      "horizon_06_all_candidates_model_robust_mae": 0.6591735093452925,
      "horizon_06_all_candidates_baseline_robust_mae": 0.7737434548607237,
      "horizon_06_all_candidates_improvement_pct": 14.807226451570328,
      "horizon_06_affected_candidates_model_robust_mae": 1.0074029052516458,
      "horizon_06_affected_candidates_baseline_robust_mae": 1.1717643885341509,
      "horizon_06_affected_candidates_improvement_pct": 14.026837211541936,
      "horizon_07_all_candidates_model_robust_mae": 0.6790696716308594,
      "horizon_07_all_candidates_baseline_robust_mae": 0.7951820046561104,
      "horizon_07_all_candidates_improvement_pct": 14.60198197964323,
      "horizon_07_affected_candidates_model_robust_mae": 1.02602657136463,
      "horizon_07_affected_candidates_baseline_robust_mae": 1.1991299038841612,
      "horizon_07_affected_candidates_improvement_pct": 14.435744781180393,
      "horizon_08_all_candidates_model_robust_mae": 0.7096937404810654,
      "horizon_08_all_candidates_baseline_robust_mae": 0.8305542024876149,
      "horizon_08_all_candidates_improvement_pct": 14.551785018311527,
      "horizon_08_affected_candidates_model_robust_mae": 1.0986420866495223,
      "horizon_08_affected_candidates_baseline_robust_mae": 1.267795459521586,
      "horizon_08_affected_candidates_improvement_pct": 13.342323606040923,
      "horizon_09_all_candidates_model_robust_mae": 0.7042367662702288,
      "horizon_09_all_candidates_baseline_robust_mae": 0.8313253130231585,
      "horizon_09_all_candidates_improvement_pct": 15.287462652949356,
      "horizon_09_affected_candidates_model_robust_mae": 1.0799012990923746,
      "horizon_09_affected_candidates_baseline_robust_mae": 1.2677459671424323,
      "horizon_09_affected_candidates_improvement_pct": 14.817216770444132,
      "horizon_10_all_candidates_model_robust_mae": 0.7178491128089279,
      "horizon_10_all_candidates_baseline_robust_mae": 0.8488574510898989,
      "horizon_10_all_candidates_improvement_pct": 15.433490995780442,
      "horizon_10_affected_candidates_model_robust_mae": 1.0905848210963085,
      "horizon_10_affected_candidates_baseline_robust_mae": 1.2869962628095695,
      "horizon_10_affected_candidates_improvement_pct": 15.261228597858253,
      "horizon_11_all_candidates_model_robust_mae": 0.7195941389336052,
      "horizon_11_all_candidates_baseline_robust_mae": 0.8583685983324592,
      "horizon_11_all_candidates_improvement_pct": 16.167233944537244,
      "horizon_11_affected_candidates_model_robust_mae": 1.1092091151646206,
      "horizon_11_affected_candidates_baseline_robust_mae": 1.322337631952195,
      "horizon_11_affected_candidates_improvement_pct": 16.117556638914387,
      "horizon_12_all_candidates_model_robust_mae": 0.7423452681670797,
      "horizon_12_all_candidates_baseline_robust_mae": 0.8714688663259554,
      "horizon_12_all_candidates_improvement_pct": 14.816776955354783,
      "horizon_12_affected_candidates_model_robust_mae": 1.1713134511160381,
      "horizon_12_affected_candidates_baseline_robust_mae": 1.371528484623939,
      "horizon_12_affected_candidates_improvement_pct": 14.597949350122182,
      "affected_node_rate": 0.23299822590183322
    },
    "val": {
      "all_candidates_model_robust_mae": 0.7125757824703776,
      "all_candidates_baseline_robust_mae": 0.8193069386501315,
      "all_candidates_improvement_pct": 13.027005038624642,
      "affected_candidates_model_robust_mae": 1.1448727045229248,
      "affected_candidates_baseline_robust_mae": 1.3051837181763872,
      "affected_candidates_improvement_pct": 12.282639709714601,
      "unaffected_candidates_model_robust_mae": 0.5358544176511476,
      "unaffected_candidates_baseline_robust_mae": 0.6206823743310808,
      "unaffected_candidates_improvement_pct": 13.666886669909644,
      "horizon_01_all_candidates_model_robust_mae": 0.5475390816973061,
      "horizon_01_all_candidates_baseline_robust_mae": 0.6110569630504538,
      "horizon_01_all_candidates_improvement_pct": 10.394756167421837,
      "horizon_01_affected_candidates_model_robust_mae": 0.8046270998248838,
      "horizon_01_affected_candidates_baseline_robust_mae": 0.8759459102289072,
      "horizon_01_affected_candidates_improvement_pct": 8.141919446303024,
      "horizon_02_all_candidates_model_robust_mae": 0.5943398576804819,
      "horizon_02_all_candidates_baseline_robust_mae": 0.66884496391648,
      "horizon_02_all_candidates_improvement_pct": 11.139368651253184,
      "horizon_02_affected_candidates_model_robust_mae": 0.8991928966469301,
      "horizon_02_affected_candidates_baseline_robust_mae": 1.0102059170697706,
      "horizon_02_affected_candidates_improvement_pct": 10.989147712067227,
      "horizon_03_all_candidates_model_robust_mae": 0.6482125361120954,
      "horizon_03_all_candidates_baseline_robust_mae": 0.73141583301067,
      "horizon_03_all_candidates_improvement_pct": 11.375648863942608,
      "horizon_03_affected_candidates_model_robust_mae": 1.0059963000226593,
      "horizon_03_affected_candidates_baseline_robust_mae": 1.1262148536018286,