epoch,train_loss,val_loss,val_residual_loss,val_gate_loss,val_hard_residual_loss,val_delta_l2,val_hard_rate,val_affected_rate,val_gate_mean,val_base_gate_mean,val_delta_abs_mean
1,0.6166979372501373,0.7092657089233398,0.5889985114336014,0.709679514169693,0.9859824925661087,9.393428626935929e-05,0.45680077373981476,0.2905643507838249,0.5687450021505356,0.5689052939414978,0.007895054295659065
