{
  "metrics": {
    "val": {
      "all_candidates_model_robust_mae": 0.7147384691613773,
      "all_candidates_baseline_robust_mae": 0.8272501102632047,
      "all_candidates_improvement_pct": 13.600680097344416,
      "affected_candidates_model_robust_mae": 1.1572563942264484,
      "affected_candidates_baseline_robust_mae": 1.3240686546633906,
      "affected_candidates_improvement_pct": 12.598460045816113,
      "unaffected_candidates_model_robust_mae": 0.530322938076271,
      "unaffected_candidates_baseline_robust_mae": 0.6202052552880885,
      "unaffected_candidates_improvement_pct": 14.492350144641504,
      "horizon_01_all_candidates_model_robust_mae": 0.5327242228269297,
      "horizon_01_all_candidates_baseline_robust_mae": 0.6003526860005128,
      "horizon_01_all_candidates_improvement_pct": 11.264788973314497,
      "horizon_01_affected_candidates_model_robust_mae": 0.76733999953788,
      "horizon_01_affected_candidates_baseline_robust_mae": 0.8427632402965712,
      "horizon_01_affected_candidates_improvement_pct": 8.949517154088202,
      "horizon_02_all_candidates_model_robust_mae": 0.596447544195653,
      "horizon_02_all_candidates_baseline_robust_mae": 0.6733494887504019,
      "horizon_02_all_candidates_improvement_pct": 11.420806852837009,
      "horizon_02_affected_candidates_model_robust_mae": 0.8996838329231066,
      "horizon_02_affected_candidates_baseline_robust_mae": 0.9973475126132015,
      "horizon_02_affected_candidates_improvement_pct": 9.79234203273855,
      "horizon_03_all_candidates_model_robust_mae": 0.6430190133261048,
      "horizon_03_all_candidates_baseline_robust_mae": 0.7308534904495786,
      "horizon_03_all_candidates_improvement_pct": 12.018069048208712,
      "horizon_03_affected_candidates_model_robust_mae": 0.9984567361207941,
      "horizon_03_affected_candidates_baseline_robust_mae": 1.1166547427176545,
      "horizon_03_affected_candidates_improvement_pct": 10.585009141607767,
      "horizon_04_all_candidates_model_robust_mae": 0.674456438579272,
      "horizon_04_all_candidates_baseline_robust_mae": 0.7732848661126429,
      "horizon_04_all_candidates_improvement_pct": 12.78033902696019,
      "horizon_04_affected_candidates_model_robust_mae": 1.0651002075907496,
      "horizon_04_affected_candidates_baseline_robust_mae": 1.2040969552088483,
      "horizon_04_affected_candidates_improvement_pct": 11.54365078466542,
      "horizon_05_all_candidates_model_robust_mae": 0.7006335974470461,
      "horizon_05_all_candidates_baseline_robust_mae": 0.80618805385504,
      "horizon_05_all_candidates_improvement_pct": 13.093031570395055,
      "horizon_05_affected_candidates_model_robust_mae": 1.1253067711251075,
      "horizon_05_affected_candidates_baseline_robust_mae": 1.2793815399100616,
      "horizon_05_affected_candidates_improvement_pct": 12.042910107627893,
      "horizon_06_all_candidates_model_robust_mae": 0.7232881954062247,
      "horizon_06_all_candidates_baseline_robust_mae": 0.8377409271994909,
      "horizon_06_all_candidates_improvement_pct": 13.662067600764551,
      "horizon_06_affected_candidates_model_robust_mae": 1.1765696078759837,
      "horizon_06_affected_candidates_baseline_robust_mae": 1.346644237542608,
      "horizon_06_affected_candidates_improvement_pct": 12.629514531394046,
      "horizon_07_all_candidates_model_robust_mae": 0.7428709649364252,
      "horizon_07_all_candidates_baseline_robust_mae": 0.8643465388721971,
      "horizon_07_all_candidates_improvement_pct": 14.054036022898146,
      "horizon_07_affected_candidates_model_robust_mae": 1.2163927560704475,
      "horizon_07_affected_candidates_baseline_robust_mae": 1.4017586805897237,
      "horizon_07_affected_candidates_improvement_pct": 13.223811422469115,
      "horizon_08_all_candidates_model_robust_mae": 0.7639759966021481,
      "horizon_08_all_candidates_baseline_robust_mae": 0.8908410368372225,
      "horizon_08_all_candidates_improvement_pct": 14.241041329380923,
      "horizon_08_affected_candidates_model_robust_mae": 1.2640957853099433,
      "horizon_08_affected_candidates_baseline_robust_mae": 1.4593189470573813,
      "horizon_08_affected_candidates_improvement_pct": 13.377689787492477,
      "horizon_09_all_candidates_model_robust_mae": 0.7805445364345629,
      "horizon_09_all_candidates_baseline_robust_mae": 0.9119756261656342,
      "horizon_09_all_candidates_improvement_pct": 14.411688860991624,
      "horizon_09_affected_candidates_model_robust_mae": 1.3001485015888103,
      "horizon_09_affected_candidates_baseline_robust_mae": 1.5058868737007916,
      "horizon_09_affected_candidates_improvement_pct": 13.662272758003992,
      "horizon_10_all_candidates_model_robust_mae": 0.792620674007991,
      "horizon_10_all_candidates_baseline_robust_mae": 0.9289248031395567,
      "horizon_10_all_candidates_improvement_pct": 14.673322175367531,
      "horizon_10_affected_candidates_model_robust_mae": 1.3267654850098436,
      "horizon_10_affected_candidates_baseline_robust_mae": 1.5406091605425325,
      "horizon_10_affected_candidates_improvement_pct": 13.880462417696055,
      "horizon_11_all_candidates_model_robust_mae": 0.8069670748356401,
      "horizon_11_all_candidates_baseline_robust_mae": 0.9471625751648224,
      "horizon_11_all_candidates_improvement_pct": 14.801630048018511,
      "horizon_11_affected_candidates_model_robust_mae": 1.3584102595049863,
      "horizon_11_affected_candidates_baseline_robust_mae": 1.5798637806463696,
      "horizon_11_affected_candidates_improvement_pct": 14.017254136352186,
      "horizon_12_all_candidates_model_robust_mae": 0.8194023426434452,
      "horizon_12_all_candidates_baseline_robust_mae": 0.962095373567048,
      "horizon_12_all_candidates_improvement_pct": 14.831484990366034,
      "horizon_12_affected_candidates_model_robust_mae": 1.3889922385445432,
      "horizon_12_affected_candidates_baseline_robust_mae": 1.6147309258643616,
      "horizon_12_affected_candidates_improvement_pct": 13.97995688965832,
      "affected_node_rate": 0.23427743925374256
    },
    "test": {
      "all_candidates_model_robust_mae": 0.7085589337296238,
      "all_candidates_baseline_robust_mae": 0.8328134196658367,
      "all_candidates_improvement_pct": 14.919846751036932,
      "affected_candidates_model_robust_mae": 1.1066005916115507,
      "affected_candidates_baseline_robust_mae": 1.293837027683651,
      "affected_candidates_improvement_pct": 14.471408072723712,
      "unaffected_candidates_model_robust_mae": 0.5218059635888059,
      "unaffected_candidates_baseline_robust_mae": 0.6165106195898865,
      "unaffected_candidates_improvement_pct": 15.36139897542718,
      "horizon_01_all_candidates_model_robust_mae": 0.523330058481925,
      "horizon_01_all_candidates_baseline_robust_mae": 0.5912248439472282,
      "horizon_01_all_candidates_improvement_pct": 11.483750414142497,
      "horizon_01_affected_candidates_model_robust_mae": 0.7346259577876945,
      "horizon_01_affected_candidates_baseline_robust_mae": 0.8144241910254835,
      "horizon_01_affected_candidates_improvement_pct": 9.798116769752497,
      "horizon_02_all_candidates_model_robust_mae": 0.5845951809443654,
      "horizon_02_all_candidates_baseline_robust_mae": 0.6647113446148724,
      "horizon_02_all_candidates_improvement_pct": 12.05277513608942,
      "horizon_02_affected_candidates_model_robust_mae": 0.85538144434192,
      "horizon_02_affected_candidates_baseline_robust_mae": 0.9614806863858398,
      "horizon_02_affected_candidates_improvement_pct": 11.034984222381196,
      "horizon_03_all_candidates_model_robust_mae": 0.6311051832940502,
      "horizon_03_all_candidates_baseline_robust_mae": 0.7255605942083166,
      "horizon_03_all_candidates_improvement_pct": 13.018266381642448,
      "horizon_03_affected_candidates_model_robust_mae": 0.9484649944472802,
      "horizon_03_affected_candidates_baseline_robust_mae": 1.0792830623658292,