{
  "metrics": {
    "val": {
      "all_candidates_model_robust_mae": 0.7149728199650629,
      "all_candidates_baseline_robust_mae": 0.8272501102632047,
      "all_candidates_improvement_pct": 13.572351203727099,
      "affected_candidates_model_robust_mae": 1.1587865393412393,
      "affected_candidates_baseline_robust_mae": 1.3240686546633906,
      "affected_candidates_improvement_pct": 12.48289616554437,
      "unaffected_candidates_model_robust_mae": 0.5300172772124628,
      "unaffected_candidates_baseline_robust_mae": 0.6202052552880885,
      "unaffected_candidates_improvement_pct": 14.541633968214741,
      "horizon_01_all_candidates_model_robust_mae": 0.532666003272826,
      "horizon_01_all_candidates_baseline_robust_mae": 0.6003526860005128,
      "horizon_01_all_candidates_improvement_pct": 11.274486532009792,
      "horizon_01_affected_candidates_model_robust_mae": 0.7676839015466551,
      "horizon_01_affected_candidates_baseline_robust_mae": 0.8427632402965712,
      "horizon_01_affected_candidates_improvement_pct": 8.908710674601263,
      "horizon_02_all_candidates_model_robust_mae": 0.596377749134877,
      "horizon_02_all_candidates_baseline_robust_mae": 0.6733494887504019,
      "horizon_02_all_candidates_improvement_pct": 11.431172207224611,
      "horizon_02_affected_candidates_model_robust_mae": 0.9004481602702856,
      "horizon_02_affected_candidates_baseline_robust_mae": 0.9973475126132015,
      "horizon_02_affected_candidates_improvement_pct": 9.715706021968705,
      "horizon_03_all_candidates_model_robust_mae": 0.6429304209945336,
      "horizon_03_all_candidates_baseline_robust_mae": 0.7308534904495786,
      "horizon_03_all_candidates_improvement_pct": 12.03019081169878,
      "horizon_03_affected_candidates_model_robust_mae": 0.9994970476907765,
      "horizon_03_affected_candidates_baseline_robust_mae": 1.1166547427176545,
      "horizon_03_affected_candidates_improvement_pct": 10.491845916647959,
      "horizon_04_all_candidates_model_robust_mae": 0.6745808023080472,
      "horizon_04_all_candidates_baseline_robust_mae": 0.7732848661126429,
      "horizon_04_all_candidates_improvement_pct": 12.764256502366065,
      "horizon_04_affected_candidates_model_robust_mae": 1.0662888270489803,
      "horizon_04_affected_candidates_baseline_robust_mae": 1.2040969552088483,
      "horizon_04_affected_candidates_improvement_pct": 11.44493618754857,
      "horizon_05_all_candidates_model_robust_mae": 0.7007679187898599,
      "horizon_05_all_candidates_baseline_robust_mae": 0.80618805385504,
      "horizon_05_all_candidates_improvement_pct": 13.076370278755782,
      "horizon_05_affected_candidates_model_robust_mae": 1.1267659602129996,
      "horizon_05_affected_candidates_baseline_robust_mae": 1.2793815399100616,
      "horizon_05_affected_candidates_improvement_pct": 11.928855852319916,
      "horizon_06_all_candidates_model_robust_mae": 0.7237047789496802,
      "horizon_06_all_candidates_baseline_robust_mae": 0.8377409271994909,
      "horizon_06_all_candidates_improvement_pct": 13.61234058732519,
      "horizon_06_affected_candidates_model_robust_mae": 1.1785388430710613,
      "horizon_06_affected_candidates_baseline_robust_mae": 1.346644237542608,
      "horizon_06_affected_candidates_improvement_pct": 12.48328175957667,
      "horizon_07_all_candidates_model_robust_mae": 0.7433268950630171,
      "horizon_07_all_candidates_baseline_robust_mae": 0.8643465388721971,
      "horizon_07_all_candidates_improvement_pct": 14.00128748905352,
      "horizon_07_affected_candidates_model_robust_mae": 1.218450551467889,
      "horizon_07_affected_candidates_baseline_robust_mae": 1.4017586805897237,
      "horizon_07_affected_candidates_improvement_pct": 13.077010448383069,
      "horizon_08_all_candidates_model_robust_mae": 0.7644110311921279,
      "horizon_08_all_candidates_baseline_robust_mae": 0.8908410368372225,
      "horizon_08_all_candidates_improvement_pct": 14.192207185915288,
      "horizon_08_affected_candidates_model_robust_mae": 1.26608419603061,
      "horizon_08_affected_candidates_baseline_robust_mae": 1.4593189470573813,
      "horizon_08_affected_candidates_improvement_pct": 13.2414337123777,
      "horizon_09_all_candidates_model_robust_mae": 0.7807965748897644,
      "horizon_09_all_candidates_baseline_robust_mae": 0.9119756261656342,
      "horizon_09_all_candidates_improvement_pct": 14.384052326859544,
      "horizon_09_affected_candidates_model_robust_mae": 1.3021750914345973,
      "horizon_09_affected_candidates_baseline_robust_mae": 1.5058868737007916,
      "horizon_09_affected_candidates_improvement_pct": 13.527694930068847,
      "horizon_10_all_candidates_model_robust_mae": 0.7929074617280161,
      "horizon_10_all_candidates_baseline_robust_mae": 0.9289248031395567,
      "horizon_10_all_candidates_improvement_pct": 14.64244909295485,
      "horizon_10_affected_candidates_model_robust_mae": 1.32863524978235,
      "horizon_10_affected_candidates_baseline_robust_mae": 1.5406091605425325,
      "horizon_10_affected_candidates_improvement_pct": 13.759097127887712,
      "horizon_11_all_candidates_model_robust_mae": 0.8073673802843613,
      "horizon_11_all_candidates_baseline_robust_mae": 0.9471625751648224,
      "horizon_11_all_candidates_improvement_pct": 14.759366400866753,
      "horizon_11_affected_candidates_model_robust_mae": 1.360161699551018,
      "horizon_11_affected_candidates_baseline_robust_mae": 1.5798637806463696,
      "horizon_11_affected_candidates_improvement_pct": 13.906393942740108,
      "horizon_12_all_candidates_model_robust_mae": 0.8199260012567822,
      "horizon_12_all_candidates_baseline_robust_mae": 0.962095373567048,
      "horizon_12_all_candidates_improvement_pct": 14.777056019213681,
      "horizon_12_affected_candidates_model_robust_mae": 1.3908948685248081,
      "horizon_12_affected_candidates_baseline_robust_mae": 1.6147309258643616,
      "horizon_12_affected_candidates_improvement_pct": 13.862127352254344,
      "affected_node_rate": 0.23427743925374256
    },
    "test": {
      "all_candidates_model_robust_mae": 0.7088015154839387,
      "all_candidates_baseline_robust_mae": 0.8328134196658367,
      "all_candidates_improvement_pct": 14.890718767675157,
      "affected_candidates_model_robust_mae": 1.108218157510093,
      "affected_candidates_baseline_robust_mae": 1.293837027683651,
      "affected_candidates_improvement_pct": 14.346387234400806,
      "unaffected_candidates_model_robust_mae": 0.5214034312269107,
      "unaffected_candidates_baseline_robust_mae": 0.6165106195898865,
      "unaffected_candidates_improvement_pct": 15.42669101567833,
      "horizon_01_all_candidates_model_robust_mae": 0.5232165385659463,
      "horizon_01_all_candidates_baseline_robust_mae": 0.5912248439472282,
      "horizon_01_all_candidates_improvement_pct": 11.50295121687278,
      "horizon_01_affected_candidates_model_robust_mae": 0.734896289872255,
      "horizon_01_affected_candidates_baseline_robust_mae": 0.8144241910254835,
      "horizon_01_affected_candidates_improvement_pct": 9.764923737480197,
      "horizon_02_all_candidates_model_robust_mae": 0.584406888603903,
      "horizon_02_all_candidates_baseline_robust_mae": 0.6647113446148724,
      "horizon_02_all_candidates_improvement_pct": 12.081102069575332,
      "horizon_02_affected_candidates_model_robust_mae": 0.8558600474011578,
      "horizon_02_affected_candidates_baseline_robust_mae": 0.9614806863858398,
      "horizon_02_affected_candidates_improvement_pct": 10.985206513269128,
      "horizon_03_all_candidates_model_robust_mae": 0.6310374696052131,
      "horizon_03_all_candidates_baseline_robust_mae": 0.7255605942083166,
      "horizon_03_all_candidates_improvement_pct": 13.027598984512226,
      "horizon_03_affected_candidates_model_robust_mae": 0.9493898821547219,
      "horizon_03_affected_candidates_baseline_robust_mae": 1.0792830623658292,