epoch,train_loss,val_loss
1,0.3594737566652752,0.41285114811324614
2,0.359744154555457,0.412808077215373
3,0.35991977396465485,0.4127662207442822
