{
  "metrics": {
    "val": {
      "all_candidates_model_robust_mae": 0.7061600704073804,
      "all_candidates_baseline_robust_mae": 0.8218168881689608,
      "all_candidates_improvement_pct": 14.073307500320201,
      "affected_candidates_model_robust_mae": 1.1444486787740344,
      "affected_candidates_baseline_robust_mae": 1.3219000995193382,
      "affected_candidates_improvement_pct": 13.423966062929235,
      "unaffected_candidates_model_robust_mae": 0.5273949169539119,
      "unaffected_candidates_baseline_robust_mae": 0.6178475316068376,
      "unaffected_candidates_improvement_pct": 14.639957275168733,
      "horizon_01_all_candidates_model_robust_mae": 0.5274315936161683,
      "horizon_01_all_candidates_baseline_robust_mae": 0.5962882497768883,
      "horizon_01_all_candidates_improvement_pct": 11.547545366940222,
      "horizon_01_affected_candidates_model_robust_mae": 0.7542850276059138,
      "horizon_01_affected_candidates_baseline_robust_mae": 0.8344840373537125,
      "horizon_01_affected_candidates_improvement_pct": 9.610610408093974,
      "horizon_02_all_candidates_model_robust_mae": 0.586776144620827,
      "horizon_02_all_candidates_baseline_robust_mae": 0.6658843733432382,
      "horizon_02_all_candidates_improvement_pct": 11.880174980714557,
      "horizon_02_affected_candidates_model_robust_mae": 0.8716947344903886,
      "horizon_02_affected_candidates_baseline_robust_mae": 0.9774392385869892,
      "horizon_02_affected_candidates_improvement_pct": 10.818524561124388,
      "horizon_03_all_candidates_model_robust_mae": 0.627466206625511,
      "horizon_03_all_candidates_baseline_robust_mae": 0.7185090786500914,
      "horizon_03_all_candidates_improvement_pct": 12.67108165085797,
      "horizon_03_affected_candidates_model_robust_mae": 0.9582879322614251,
      "horizon_03_affected_candidates_baseline_robust_mae": 1.0872711965038102,
      "horizon_03_affected_candidates_improvement_pct": 11.86302595499072,
      "horizon_04_all_candidates_model_robust_mae": 0.6661629859960758,
      "horizon_04_all_candidates_baseline_robust_mae": 0.7657993052305269,
      "horizon_04_all_candidates_improvement_pct": 13.010761246963753,
      "horizon_04_affected_candidates_model_robust_mae": 1.0422439811276636,
      "horizon_04_affected_candidates_baseline_robust_mae": 1.187129700689447,
      "horizon_04_affected_candidates_improvement_pct": 12.204708506377898,
      "horizon_05_all_candidates_model_robust_mae": 0.689640628516599,
      "horizon_05_all_candidates_baseline_robust_mae": 0.7988252539690779,
      "horizon_05_all_candidates_improvement_pct": 13.668148936200927,
      "horizon_05_affected_candidates_model_robust_mae": 1.1130490082232245,
      "horizon_05_affected_candidates_baseline_robust_mae": 1.2785870320543862,
      "horizon_05_affected_candidates_improvement_pct": 12.946950006616392,
      "horizon_06_all_candidates_model_robust_mae": 0.7115013622494359,
      "horizon_06_all_candidates_baseline_robust_mae": 0.8271635535159605,
      "horizon_06_all_candidates_improvement_pct": 13.982989310262544,
      "horizon_06_affected_candidates_model_robust_mae": 1.1565483722316299,
      "horizon_06_affected_candidates_baseline_robust_mae": 1.3361698332050853,
      "horizon_06_affected_candidates_improvement_pct": 13.443011248247947,
      "horizon_07_all_candidates_model_robust_mae": 0.7333226191380794,
      "horizon_07_all_candidates_baseline_robust_mae": 0.8581669699021014,
      "horizon_07_all_candidates_improvement_pct": 14.54779257913691,
      "horizon_07_affected_candidates_model_robust_mae": 1.205646260156189,
      "horizon_07_affected_candidates_baseline_robust_mae": 1.3967604632186175,
      "horizon_07_affected_candidates_improvement_pct": 13.682675597935772,
      "horizon_08_all_candidates_model_robust_mae": 0.7536592951904623,
      "horizon_08_all_candidates_baseline_robust_mae": 0.883295949313542,
      "horizon_08_all_candidates_improvement_pct": 14.676468767215288,
      "horizon_08_affected_candidates_model_robust_mae": 1.2554181858584121,
      "horizon_08_affected_candidates_baseline_robust_mae": 1.4631506608582496,
      "horizon_08_affected_candidates_improvement_pct": 14.197613448637377,
      "horizon_09_all_candidates_model_robust_mae": 0.7752876908342462,
      "horizon_09_all_candidates_baseline_robust_mae": 0.9114611282562483,
      "horizon_09_all_candidates_improvement_pct": 14.940125607168872,
      "horizon_09_affected_candidates_model_robust_mae": 1.3038706858731663,
      "horizon_09_affected_candidates_baseline_robust_mae": 1.5233428746320015,
      "horizon_09_affected_candidates_improvement_pct": 14.407274449742884,
      "horizon_10_all_candidates_model_robust_mae": 0.783101024276839,
      "horizon_10_all_candidates_baseline_robust_mae": 0.9254124956052001,
      "horizon_10_all_candidates_improvement_pct": 15.378166169594717,
      "horizon_10_affected_candidates_model_robust_mae": 1.3161105014970333,
      "horizon_10_affected_candidates_baseline_robust_mae": 1.546078384663797,
      "horizon_10_affected_candidates_improvement_pct": 14.874270635170383,
      "horizon_11_all_candidates_model_robust_mae": 0.8035300576378293,
      "horizon_11_all_candidates_baseline_robust_mae": 0.9489043962937059,
      "horizon_11_all_candidates_improvement_pct": 15.320230280699453,
      "horizon_11_affected_candidates_model_robust_mae": 1.36207714245528,
      "horizon_11_affected_candidates_baseline_robust_mae": 1.600209733968768,
      "horizon_11_affected_candidates_improvement_pct": 14.881336268520394,
      "horizon_12_all_candidates_model_robust_mae": 0.8161254653770266,
      "horizon_12_all_candidates_baseline_robust_mae": 0.9622013016987141,
      "horizon_12_all_candidates_improvement_pct": 15.181421607287225,
      "horizon_12_affected_candidates_model_robust_mae": 1.3944311104257447,
      "horizon_12_affected_candidates_baseline_robust_mae": 1.6325334372307085,
      "horizon_12_affected_candidates_improvement_pct": 14.584836143317249,
      "affected_node_rate": 0.23040841625624014
    },
    "test": {
      "all_candidates_model_robust_mae": 0.706488430963935,
      "all_candidates_baseline_robust_mae": 0.8305550588112532,
      "all_candidates_improvement_pct": 14.937796902337917,
      "affected_candidates_model_robust_mae": 1.1014367154956233,
      "affected_candidates_baseline_robust_mae": 1.288427202634489,
      "affected_candidates_improvement_pct": 14.513081278982636,
      "unaffected_candidates_model_robust_mae": 0.5214679084326708,
      "unaffected_candidates_baseline_robust_mae": 0.6160567217461063,
      "unaffected_candidates_improvement_pct": 15.353913036666471,
      "horizon_01_all_candidates_model_robust_mae": 0.5230778516820338,
      "horizon_01_all_candidates_baseline_robust_mae": 0.5892743111770206,
      "horizon_01_all_candidates_improvement_pct": 11.23355595847467,
      "horizon_01_affected_candidates_model_robust_mae": 0.7305781161623304,
      "horizon_01_affected_candidates_baseline_robust_mae": 0.8069023321008759,
      "horizon_01_affected_candidates_improvement_pct": 9.458916265593812,
      "horizon_02_all_candidates_model_robust_mae": 0.5838128300458905,
      "horizon_02_all_candidates_baseline_robust_mae": 0.6626268622511173,
      "horizon_02_all_candidates_improvement_pct": 11.894180072548663,
      "horizon_02_affected_candidates_model_robust_mae": 0.8557514828390287,
      "horizon_02_affected_candidates_baseline_robust_mae": 0.9595131865520382,
      "horizon_02_affected_candidates_improvement_pct": 10.813994551327838,
      "horizon_03_all_candidates_model_robust_mae": 0.6250646746365388,
      "horizon_03_all_candidates_baseline_robust_mae": 0.7171255289241326,
      "horizon_03_all_candidates_improvement_pct": 12.837481106788664,
      "horizon_03_affected_candidates_model_robust_mae": 0.9304072947684613,
      "horizon_03_affected_candidates_baseline_robust_mae": 1.0557178274597083,