{
  "metrics": {
    "val": {
      "all_candidates_model_robust_mae": 0.7064499636881378,
      "all_candidates_baseline_robust_mae": 0.8218168869426726,
      "all_candidates_improvement_pct": 14.038032691652688,
      "affected_candidates_model_robust_mae": 1.1447201704760945,
      "affected_candidates_baseline_robust_mae": 1.321900093170066,
      "affected_candidates_improvement_pct": 13.403427657613213,
      "unaffected_candidates_model_robust_mae": 0.5276923273553048,
      "unaffected_candidates_baseline_robust_mae": 0.6178475281539271,
      "unaffected_candidates_improvement_pct": 14.59182026154542,
      "horizon_01_all_candidates_model_robust_mae": 0.5276787008000712,
      "horizon_01_all_candidates_baseline_robust_mae": 0.5962882424202636,
      "horizon_01_all_candidates_improvement_pct": 11.50610338076001,
      "horizon_01_affected_candidates_model_robust_mae": 0.7544742069114937,
      "horizon_01_affected_candidates_baseline_robust_mae": 0.8344840254504524,
      "horizon_01_affected_candidates_improvement_pct": 9.587938905813042,
      "horizon_02_all_candidates_model_robust_mae": 0.5869839074797705,
      "horizon_02_all_candidates_baseline_robust_mae": 0.6658843623079687,
      "horizon_02_all_candidates_improvement_pct": 11.848972478453708,
      "horizon_02_affected_candidates_model_robust_mae": 0.8718137988329497,
      "horizon_02_affected_candidates_baseline_robust_mae": 0.9774392338256852,
      "horizon_02_affected_candidates_improvement_pct": 10.806342874054565,
      "horizon_03_all_candidates_model_robust_mae": 0.6276504880494622,
      "horizon_03_all_candidates_baseline_robust_mae": 0.7185090804896771,
      "horizon_03_all_candidates_improvement_pct": 12.645434122877486,
      "horizon_03_affected_candidates_model_robust_mae": 0.9583898691793837,
      "horizon_03_affected_candidates_baseline_robust_mae": 1.0872711996786735,
      "horizon_03_affected_candidates_improvement_pct": 11.85365073013786,
      "horizon_04_all_candidates_model_robust_mae": 0.6663645849323176,
      "horizon_04_all_candidates_baseline_robust_mae": 0.7657993273023962,
      "horizon_04_all_candidates_improvement_pct": 12.98443845861647,
      "horizon_04_affected_candidates_model_robust_mae": 1.0422902943318797,
      "horizon_04_affected_candidates_baseline_robust_mae": 1.187129695928143,
      "horizon_04_affected_candidates_improvement_pct": 12.20080687839439,
      "horizon_05_all_candidates_model_robust_mae": 0.6898377548607344,
      "horizon_05_all_candidates_baseline_robust_mae": 0.7988252447729507,
      "horizon_05_all_candidates_improvement_pct": 13.643470912488965,
      "horizon_05_affected_candidates_model_robust_mae": 1.1131000980498102,
      "horizon_05_affected_candidates_baseline_robust_mae": 1.2785870019025969,
      "horizon_05_affected_candidates_improvement_pct": 12.942952150032374,
      "horizon_06_all_candidates_model_robust_mae": 0.7117613389634326,
      "horizon_06_all_candidates_baseline_robust_mae": 0.8271635636319291,
      "horizon_06_all_candidates_improvement_pct": 13.951560458222518,
      "horizon_06_affected_candidates_model_robust_mae": 1.1566719391028637,
      "horizon_06_affected_candidates_baseline_robust_mae": 1.3361698379661417,
      "horizon_06_affected_candidates_improvement_pct": 13.433763714985647,
      "horizon_07_all_candidates_model_robust_mae": 0.7336532039708004,
      "horizon_07_all_candidates_baseline_robust_mae": 0.8581669754201103,
      "horizon_07_all_candidates_improvement_pct": 14.509270924618724,
      "horizon_07_affected_candidates_model_robust_mae": 1.2058588690189356,
      "horizon_07_affected_candidates_baseline_robust_mae": 1.396760433062908,
      "horizon_07_affected_candidates_improvement_pct": 13.667452164674433,
      "horizon_08_all_candidates_model_robust_mae": 0.7539258039841966,
      "horizon_08_all_candidates_baseline_robust_mae": 0.8832959456348695,
      "horizon_08_all_candidates_improvement_pct": 14.646296327975103,
      "horizon_08_affected_candidates_model_robust_mae": 1.2557129785527006,
      "horizon_08_affected_candidates_baseline_robust_mae": 1.4631506402253955,
      "horizon_08_affected_candidates_improvement_pct": 14.177464436658386,
      "horizon_09_all_candidates_model_robust_mae": 0.7756122842167439,
      "horizon_09_all_candidates_baseline_robust_mae": 0.9114611392936798,
      "horizon_09_all_candidates_improvement_pct": 14.904514215736008,
      "horizon_09_affected_candidates_model_robust_mae": 1.304303928007834,
      "horizon_09_affected_candidates_baseline_robust_mae": 1.5233428762195156,
      "horizon_09_affected_candidates_improvement_pct": 14.378834314390945,
      "horizon_10_all_candidates_model_robust_mae": 0.7834668185104848,
      "horizon_10_all_candidates_baseline_robust_mae": 0.9254125011244565,
      "horizon_10_all_candidates_improvement_pct": 15.33863897899535,
      "horizon_10_affected_candidates_model_robust_mae": 1.3166346784945278,
      "horizon_10_affected_candidates_baseline_robust_mae": 1.546078384663797,
      "horizon_10_affected_candidates_improvement_pct": 14.840366985608114,
      "horizon_11_all_candidates_model_robust_mae": 0.8039551480345267,
      "horizon_11_all_candidates_baseline_robust_mae": 0.9489043907745328,
      "horizon_11_all_candidates_improvement_pct": 15.27543176628078,
      "horizon_11_affected_candidates_model_robust_mae": 1.3626072008122814,
      "horizon_11_affected_candidates_baseline_robust_mae": 1.6002097212676636,
      "horizon_11_affected_candidates_improvement_pct": 14.848211287402808,
      "horizon_12_all_candidates_model_robust_mae": 0.8165939616092689,
      "horizon_12_all_candidates_baseline_robust_mae": 0.9622013237750741,
      "horizon_12_all_candidates_improvement_pct": 15.132733510959355,
      "horizon_12_affected_candidates_model_robust_mae": 1.3950633657338345,
      "horizon_12_affected_candidates_baseline_robust_mae": 1.6325334546965442,
      "horizon_12_affected_candidates_improvement_pct": 14.546108582310842,
      "affected_node_rate": 0.23040841625624014
    },
    "test": {
      "all_candidates_model_robust_mae": 0.7066402678216667,
      "all_candidates_baseline_robust_mae": 0.8305550675168533,
      "all_candidates_improvement_pct": 14.919516422392086,
      "affected_candidates_model_robust_mae": 1.101485725090717,
      "affected_candidates_baseline_robust_mae": 1.288427198736098,
      "affected_candidates_improvement_pct": 14.509277189177935,
      "unaffected_candidates_model_robust_mae": 0.5216679023942902,
      "unaffected_candidates_baseline_robust_mae": 0.6160567199198358,
      "unaffected_candidates_improvement_pct": 15.321449222699483,
      "horizon_01_all_candidates_model_robust_mae": 0.5232051264452555,
      "horizon_01_all_candidates_baseline_robust_mae": 0.5892743176977213,
      "horizon_01_all_candidates_improvement_pct": 11.211958381386165,
      "horizon_01_affected_candidates_model_robust_mae": 0.7306938256322161,
      "horizon_01_affected_candidates_baseline_robust_mae": 0.8069023430602876,
      "horizon_01_affected_candidates_improvement_pct": 9.444577535744948,
      "horizon_02_all_candidates_model_robust_mae": 0.5839143708002699,
      "horizon_02_all_candidates_baseline_robust_mae": 0.6626268678422095,
      "horizon_02_all_candidates_improvement_pct": 11.87885684416336,
      "horizon_02_affected_candidates_model_robust_mae": 0.8557722507821106,
      "horizon_02_affected_candidates_baseline_robust_mae": 0.9595131967832721,
      "horizon_02_affected_candidates_improvement_pct": 10.811831077357628,
      "horizon_03_all_candidates_model_robust_mae": 0.625149872027485,
      "horizon_03_all_candidates_baseline_robust_mae": 0.7171255289241326,
      "horizon_03_all_candidates_improvement_pct": 12.825600705448895,
      "horizon_03_affected_candidates_model_robust_mae": 0.9303659288994773,
      "horizon_03_affected_candidates_baseline_robust_mae": 1.055717821613149,