{
  "metrics": {
    "val": {
      "all_candidates_model_robust_mae": 0.7064084673250924,
      "all_candidates_baseline_robust_mae": 0.8218168869426726,
      "all_candidates_improvement_pct": 14.043082035819827,
      "affected_candidates_model_robust_mae": 1.1447308922803145,
      "affected_candidates_baseline_robust_mae": 1.321900093170066,
      "affected_candidates_improvement_pct": 13.402616567253553,
      "unaffected_candidates_model_robust_mae": 0.5276295413576357,
      "unaffected_candidates_baseline_robust_mae": 0.6178475281539271,
      "unaffected_candidates_improvement_pct": 14.601982315257388,
      "horizon_01_all_candidates_model_robust_mae": 0.5276427296641119,
      "horizon_01_all_candidates_baseline_robust_mae": 0.5962882424202636,
      "horizon_01_all_candidates_improvement_pct": 11.512135888765421,
      "horizon_01_affected_candidates_model_robust_mae": 0.754448676799331,
      "horizon_01_affected_candidates_baseline_robust_mae": 0.8344840254504524,
      "horizon_01_affected_candidates_improvement_pct": 9.590998294774847,
      "horizon_02_all_candidates_model_robust_mae": 0.5869499418397154,
      "horizon_02_all_candidates_baseline_robust_mae": 0.6658843623079687,
      "horizon_02_all_candidates_improvement_pct": 11.854073310066177,
      "horizon_02_affected_candidates_model_robust_mae": 0.8718042920959205,
      "horizon_02_affected_candidates_baseline_robust_mae": 0.9774392338256852,
      "horizon_02_affected_candidates_improvement_pct": 10.807315490734995,
      "horizon_03_all_candidates_model_robust_mae": 0.6276149950816835,
      "horizon_03_all_candidates_baseline_robust_mae": 0.7185090804896771,
      "horizon_03_all_candidates_improvement_pct": 12.650373930702116,
      "horizon_03_affected_candidates_model_robust_mae": 0.9583796096091779,
      "horizon_03_affected_candidates_baseline_robust_mae": 1.0872711996786735,
      "horizon_03_affected_candidates_improvement_pct": 11.854594337418993,
      "horizon_04_all_candidates_model_robust_mae": 0.6663307892217706,
      "horizon_04_all_candidates_baseline_robust_mae": 0.7657993273023962,
      "horizon_04_all_candidates_improvement_pct": 12.98885158740128,
      "horizon_04_affected_candidates_model_robust_mae": 1.0422953936884864,
      "horizon_04_affected_candidates_baseline_robust_mae": 1.187129695928143,
      "horizon_04_affected_candidates_improvement_pct": 12.200377324940861,
      "horizon_05_all_candidates_model_robust_mae": 0.6898017823698381,
      "horizon_05_all_candidates_baseline_robust_mae": 0.7988252447729507,
      "horizon_05_all_candidates_improvement_pct": 13.647974086510022,
      "horizon_05_affected_candidates_model_robust_mae": 1.1131163768421664,
      "horizon_05_affected_candidates_baseline_robust_mae": 1.2785870019025969,
      "horizon_05_affected_candidates_improvement_pct": 12.941678963903321,
      "horizon_06_all_candidates_model_robust_mae": 0.7117158299796874,
      "horizon_06_all_candidates_baseline_robust_mae": 0.8271635636319291,
      "horizon_06_all_candidates_improvement_pct": 13.95706227016711,
      "horizon_06_affected_candidates_model_robust_mae": 1.15667735242401,
      "horizon_06_affected_candidates_baseline_robust_mae": 1.3361698379661417,
      "horizon_06_affected_candidates_improvement_pct": 13.433358577779849,
      "horizon_07_all_candidates_model_robust_mae": 0.7336064452830706,
      "horizon_07_all_candidates_baseline_robust_mae": 0.8581669754201103,
      "horizon_07_all_candidates_improvement_pct": 14.514719594757405,
      "horizon_07_affected_candidates_model_robust_mae": 1.2058728580939093,
      "horizon_07_affected_candidates_baseline_robust_mae": 1.396760433062908,
      "horizon_07_affected_candidates_improvement_pct": 13.666450627500083,
      "horizon_08_all_candidates_model_robust_mae": 0.753879151058304,
      "horizon_08_all_candidates_baseline_robust_mae": 0.8832959456348695,
      "horizon_08_all_candidates_improvement_pct": 14.651578014834769,
      "horizon_08_affected_candidates_model_robust_mae": 1.2557300847757624,
      "horizon_08_affected_candidates_baseline_robust_mae": 1.4631506402253955,
      "horizon_08_affected_candidates_improvement_pct": 14.176295300508523,
      "horizon_09_all_candidates_model_robust_mae": 0.7755674041809673,
      "horizon_09_all_candidates_baseline_robust_mae": 0.9114611392936798,
      "horizon_09_all_candidates_improvement_pct": 14.90943818164545,
      "horizon_09_affected_candidates_model_robust_mae": 1.3043327667897529,
      "horizon_09_affected_candidates_baseline_robust_mae": 1.5233428762195156,
      "horizon_09_affected_candidates_improvement_pct": 14.376941189581741,
      "horizon_10_all_candidates_model_robust_mae": 0.7834243239161182,
      "horizon_10_all_candidates_baseline_robust_mae": 0.9254125011244565,
      "horizon_10_all_candidates_improvement_pct": 15.34323094142454,
      "horizon_10_affected_candidates_model_robust_mae": 1.3166664060416693,
      "horizon_10_affected_candidates_baseline_robust_mae": 1.546078384663797,
      "horizon_10_affected_candidates_improvement_pct": 14.838314855039815,
      "horizon_11_all_candidates_model_robust_mae": 0.8039081522750179,
      "horizon_11_all_candidates_baseline_robust_mae": 0.9489043907745328,
      "horizon_11_all_candidates_improvement_pct": 15.280384400072524,
      "horizon_11_affected_candidates_model_robust_mae": 1.3626337223054963,
      "horizon_11_affected_candidates_baseline_robust_mae": 1.6002097212676636,
      "horizon_11_affected_candidates_improvement_pct": 14.84655391131876,
      "horizon_12_all_candidates_model_robust_mae": 0.8165445105629789,
      "horizon_12_all_candidates_baseline_robust_mae": 0.9622013237750741,
      "horizon_12_all_candidates_improvement_pct": 15.137872876814304,
      "horizon_12_affected_candidates_model_robust_mae": 1.3950924415866244,
      "horizon_12_affected_candidates_baseline_robust_mae": 1.6325334546965442,
      "horizon_12_affected_candidates_improvement_pct": 14.544327555851249,
      "affected_node_rate": 0.23040841625624014
    },
    "test": {
      "all_candidates_model_robust_mae": 0.7065984311951558,
      "all_candidates_baseline_robust_mae": 0.8305550675168533,
      "all_candidates_improvement_pct": 14.924553611152607,
      "affected_candidates_model_robust_mae": 1.1014972818703743,
      "affected_candidates_baseline_robust_mae": 1.288427198736098,
      "affected_candidates_improvement_pct": 14.508380221179388,
      "unaffected_candidates_model_robust_mae": 0.5216010545046172,
      "unaffected_candidates_baseline_robust_mae": 0.6160567199198358,
      "unaffected_candidates_improvement_pct": 15.332300153711424,
      "horizon_01_all_candidates_model_robust_mae": 0.5231679235186936,
      "horizon_01_all_candidates_baseline_robust_mae": 0.5892743176977213,
      "horizon_01_all_candidates_improvement_pct": 11.218271727385579,
      "horizon_01_affected_candidates_model_robust_mae": 0.7306713822180849,
      "horizon_01_affected_candidates_baseline_robust_mae": 0.8069023430602876,
      "horizon_01_affected_candidates_improvement_pct": 9.447358964541651,
      "horizon_02_all_candidates_model_robust_mae": 0.583881752369311,
      "horizon_02_all_candidates_baseline_robust_mae": 0.6626268678422095,
      "horizon_02_all_candidates_improvement_pct": 11.883779438241856,
      "horizon_02_affected_candidates_model_robust_mae": 0.8557725226406097,
      "horizon_02_affected_candidates_baseline_robust_mae": 0.9595131967832721,
      "horizon_02_affected_candidates_improvement_pct": 10.81180274439671,
      "horizon_03_all_candidates_model_robust_mae": 0.6251146729872624,
      "horizon_03_all_candidates_baseline_robust_mae": 0.7171255289241326,
      "horizon_03_all_candidates_improvement_pct": 12.830509056749026,
      "horizon_03_affected_candidates_model_robust_mae": 0.9303638738338686,
      "horizon_03_affected_candidates_baseline_robust_mae": 1.055717821613149,