{
  "metrics": {
    "val": {
      "all_candidates_model_robust_mae": 0.7219806906715066,
      "all_candidates_baseline_robust_mae": 0.8342644212989947,
      "all_candidates_improvement_pct": 13.45900984877867,
      "affected_candidates_model_robust_mae": 1.1607157892328386,
      "affected_candidates_baseline_robust_mae": 1.325356605085942,
      "affected_candidates_improvement_pct": 12.422378642948505,
      "unaffected_candidates_model_robust_mae": 0.5334675322398488,
      "unaffected_candidates_baseline_robust_mae": 0.6232547691370386,
      "unaffected_candidates_improvement_pct": 14.4061852942593,
      "horizon_01_all_candidates_model_robust_mae": 0.5381421793289312,
      "horizon_01_all_candidates_baseline_robust_mae": 0.6060512015765577,
      "horizon_01_all_candidates_improvement_pct": 11.205162545832872,
      "horizon_01_affected_candidates_model_robust_mae": 0.7806057390047161,
      "horizon_01_affected_candidates_baseline_robust_mae": 0.8545475690588292,
      "horizon_01_affected_candidates_improvement_pct": 8.65274593613908,
      "horizon_02_all_candidates_model_robust_mae": 0.6032085735525119,
      "horizon_02_all_candidates_baseline_robust_mae": 0.6792279083637904,
      "horizon_02_all_candidates_improvement_pct": 11.192021687448543,
      "horizon_02_affected_candidates_model_robust_mae": 0.9075636441957647,
      "horizon_02_affected_candidates_baseline_robust_mae": 1.0048633575629324,
      "horizon_02_affected_candidates_improvement_pct": 9.682880028897264,
      "horizon_03_all_candidates_model_robust_mae": 0.6513174817638018,
      "horizon_03_all_candidates_baseline_robust_mae": 0.7388730039111293,
      "horizon_03_all_candidates_improvement_pct": 11.849874292857315,
      "horizon_03_affected_candidates_model_robust_mae": 1.0109237691029267,
      "horizon_03_affected_candidates_baseline_robust_mae": 1.1264019975787336,
      "horizon_03_affected_candidates_improvement_pct": 10.25195522771036,
      "horizon_04_all_candidates_model_robust_mae": 0.6793370621876379,
      "horizon_04_all_candidates_baseline_robust_mae": 0.7777048912978698,
      "horizon_04_all_candidates_improvement_pct": 12.648477618042381,
      "horizon_04_affected_candidates_model_robust_mae": 1.0666888030636714,
      "horizon_04_affected_candidates_baseline_robust_mae": 1.2044959439770366,
      "horizon_04_affected_candidates_improvement_pct": 11.44106309385733,
      "horizon_05_all_candidates_model_robust_mae": 0.7053469057808363,
      "horizon_05_all_candidates_baseline_robust_mae": 0.8121778416506266,
      "horizon_05_all_candidates_improvement_pct": 13.153638327865835,
      "horizon_05_affected_candidates_model_robust_mae": 1.124985900822692,
      "horizon_05_affected_candidates_baseline_robust_mae": 1.2799844590602674,
      "horizon_05_affected_candidates_improvement_pct": 12.10940938699924,
      "horizon_06_all_candidates_model_robust_mae": 0.7320921144221555,
      "horizon_06_all_candidates_baseline_robust_mae": 0.8464704441935069,
      "horizon_06_all_candidates_improvement_pct": 13.512383161863125,
      "horizon_06_affected_candidates_model_robust_mae": 1.1800006670698129,
      "horizon_06_affected_candidates_baseline_robust_mae": 1.3513120465456392,
      "horizon_06_affected_candidates_improvement_pct": 12.677410810756095,
      "horizon_07_all_candidates_model_robust_mae": 0.7540584016676047,
      "horizon_07_all_candidates_baseline_robust_mae": 0.8747980508837777,
      "horizon_07_all_candidates_improvement_pct": 13.802002541523034,
      "horizon_07_affected_candidates_model_robust_mae": 1.2207425339806222,
      "horizon_07_affected_candidates_baseline_robust_mae": 1.4029683964706665,
      "horizon_07_affected_candidates_improvement_pct": 12.988593538418623,
      "horizon_08_all_candidates_model_robust_mae": 0.7739139271920473,
      "horizon_08_all_candidates_baseline_robust_mae": 0.900471835342788,
      "horizon_08_all_candidates_improvement_pct": 14.05462149769105,
      "horizon_08_affected_candidates_model_robust_mae": 1.2725836915010549,
      "horizon_08_affected_candidates_baseline_robust_mae": 1.4661330605118215,
      "horizon_08_affected_candidates_improvement_pct": 13.201350833954951,
      "horizon_09_all_candidates_model_robust_mae": 0.7863788325347638,
      "horizon_09_all_candidates_baseline_robust_mae": 0.9181474601338652,
      "horizon_09_all_candidates_improvement_pct": 14.351575680434774,
      "horizon_09_affected_candidates_model_robust_mae": 1.2954671242190028,
      "horizon_09_affected_candidates_baseline_robust_mae": 1.4990092805889916,
      "horizon_09_affected_candidates_improvement_pct": 13.578445377603861,
      "horizon_10_all_candidates_model_robust_mae": 0.7972911060714045,
      "horizon_10_all_candidates_baseline_robust_mae": 0.9325457430243009,
      "horizon_10_all_candidates_improvement_pct": 14.503807235692014,
      "horizon_10_affected_candidates_model_robust_mae": 1.32037819253056,
      "horizon_10_affected_candidates_baseline_robust_mae": 1.5298620796626234,
      "horizon_10_affected_candidates_improvement_pct": 13.69299167008966,
      "horizon_11_all_candidates_model_robust_mae": 0.8147360575659618,
      "horizon_11_all_candidates_baseline_robust_mae": 0.9551026473810996,
      "horizon_11_all_candidates_improvement_pct": 14.696492591662722,
      "horizon_11_affected_candidates_model_robust_mae": 1.3607962150961048,
      "horizon_11_affected_candidates_baseline_robust_mae": 1.5776494926317455,
      "horizon_11_affected_candidates_improvement_pct": 13.74533941464389,
      "horizon_12_all_candidates_model_robust_mae": 0.8280874526893292,
      "horizon_12_all_candidates_baseline_robust_mae": 0.9697845665835225,
      "horizon_12_all_candidates_improvement_pct": 14.611194978425111,
      "horizon_12_affected_candidates_model_robust_mae": 1.3879077074921298,
      "horizon_12_affected_candidates_baseline_robust_mae": 1.607119796316617,
      "horizon_12_affected_candidates_improvement_pct": 13.64005902527633,
      "affected_node_rate": 0.24013498613385012
    },
    "test": {
      "all_candidates_model_robust_mae": 0.7034456180806713,
      "all_candidates_baseline_robust_mae": 0.829412917497065,
      "all_candidates_improvement_pct": 15.187525629155573,
      "affected_candidates_model_robust_mae": 1.0905772192991998,
      "affected_candidates_baseline_robust_mae": 1.2852424314257316,
      "affected_candidates_improvement_pct": 15.14618622656177,
      "unaffected_candidates_model_robust_mae": 0.5220157524967787,
      "unaffected_candidates_baseline_robust_mae": 0.6157876624977404,
      "unaffected_candidates_improvement_pct": 15.227961797839015,
      "horizon_01_all_candidates_model_robust_mae": 0.5195343752246024,
      "horizon_01_all_candidates_baseline_robust_mae": 0.5881859476425729,
      "horizon_01_all_candidates_improvement_pct": 11.671746442281288,
      "horizon_01_affected_candidates_model_robust_mae": 0.7250984006341574,
      "horizon_01_affected_candidates_baseline_robust_mae": 0.8081600043029459,
      "horizon_01_affected_candidates_improvement_pct": 10.277866168399505,
      "horizon_02_all_candidates_model_robust_mae": 0.5841701578260614,
      "horizon_02_all_candidates_baseline_robust_mae": 0.6646552208159057,
      "horizon_02_all_candidates_improvement_pct": 12.109295235963668,
      "horizon_02_affected_candidates_model_robust_mae": 0.8519889161859516,
      "horizon_02_affected_candidates_baseline_robust_mae": 0.9598749196568144,
      "horizon_02_affected_candidates_improvement_pct": 11.239589790452635,
      "horizon_03_all_candidates_model_robust_mae": 0.6297427970041152,
      "horizon_03_all_candidates_baseline_robust_mae": 0.7268808241537192,
      "horizon_03_all_candidates_improvement_pct": 13.363679976383793,
      "horizon_03_affected_candidates_model_robust_mae": 0.9417315197552272,
      "horizon_03_affected_candidates_baseline_robust_mae": 1.0790258218922062,