epoch,train_loss,val_loss,val_residual_loss,val_impact_loss,val_event_aux_loss,val_node_aux_loss
1,0.46590710431337357,0.5396863371133804,0.4991670548915863,0.21618950366973877,0.40802593529224396,0.6705996692180634
