{
  "metrics": {
    "val": {
      "all_candidates_model_robust_mae": 0.6983431668894217,
      "all_candidates_baseline_robust_mae": 0.812272253538368,
      "all_candidates_improvement_pct": 14.025972960747554,
      "affected_candidates_model_robust_mae": 1.1256833062889307,
      "affected_candidates_baseline_robust_mae": 1.2999156952298925,
      "affected_candidates_improvement_pct": 13.403360662565776,
      "unaffected_candidates_model_robust_mae": 0.5235162718469138,
      "unaffected_candidates_baseline_robust_mae": 0.6127749966054564,
      "unaffected_candidates_improvement_pct": 14.566313125209485,
      "horizon_01_all_candidates_model_robust_mae": 0.5250812660990123,
      "horizon_01_all_candidates_baseline_robust_mae": 0.5925561872164117,
      "horizon_01_all_candidates_improvement_pct": 11.387092494024772,
      "horizon_01_affected_candidates_model_robust_mae": 0.7507950960827605,
      "horizon_01_affected_candidates_baseline_robust_mae": 0.8310821840812233,
      "horizon_01_affected_candidates_improvement_pct": 9.660547360574407,
      "horizon_02_all_candidates_model_robust_mae": 0.5833682258008647,
      "horizon_02_all_candidates_baseline_robust_mae": 0.6605090726494501,
      "horizon_02_all_candidates_improvement_pct": 11.678998827246417,
      "horizon_02_affected_candidates_model_robust_mae": 0.8673857299556745,
      "horizon_02_affected_candidates_baseline_robust_mae": 0.969432654323763,
      "horizon_02_affected_candidates_improvement_pct": 10.526458327244226,
      "horizon_03_all_candidates_model_robust_mae": 0.6243123287948866,
      "horizon_03_all_candidates_baseline_robust_mae": 0.7156650011947023,
      "horizon_03_all_candidates_improvement_pct": 12.764725429819151,
      "horizon_03_affected_candidates_model_robust_mae": 0.9591423467246228,
      "horizon_03_affected_candidates_baseline_robust_mae": 1.0868382318468646,
      "horizon_03_affected_candidates_improvement_pct": 11.749300068810431,
      "horizon_04_all_candidates_model_robust_mae": 0.6596489160962621,
      "horizon_04_all_candidates_baseline_robust_mae": 0.7587719564434949,
      "horizon_04_all_candidates_improvement_pct": 13.063614107701206,
      "horizon_04_affected_candidates_model_robust_mae": 1.024433244912073,
      "horizon_04_affected_candidates_baseline_robust_mae": 1.1706791141493218,
      "horizon_04_affected_candidates_improvement_pct": 12.492395864046733,
      "horizon_05_all_candidates_model_robust_mae": 0.681266237295111,
      "horizon_05_all_candidates_baseline_robust_mae": 0.78826782591811,
      "horizon_05_all_candidates_improvement_pct": 13.574268174445937,
      "horizon_05_affected_candidates_model_robust_mae": 1.0887752732509355,
      "horizon_05_affected_candidates_baseline_robust_mae": 1.250857173134531,
      "horizon_05_affected_candidates_improvement_pct": 12.957666419854593,
      "horizon_06_all_candidates_model_robust_mae": 0.704228249224816,
      "horizon_06_all_candidates_baseline_robust_mae": 0.8191494627034623,
      "horizon_06_all_candidates_improvement_pct": 14.02933392635925,
      "horizon_06_affected_candidates_model_robust_mae": 1.1388380344207796,
      "horizon_06_affected_candidates_baseline_robust_mae": 1.3189782477938825,
      "horizon_06_affected_candidates_improvement_pct": 13.657557558239091,
      "horizon_07_all_candidates_model_robust_mae": 0.7247214115335238,
      "horizon_07_all_candidates_baseline_robust_mae": 0.8484080569173638,
      "horizon_07_all_candidates_improvement_pct": 14.578674067906366,
      "horizon_07_affected_candidates_model_robust_mae": 1.1842383622414738,
      "horizon_07_affected_candidates_baseline_robust_mae": 1.373737024284366,
      "horizon_07_affected_candidates_improvement_pct": 13.794391407744838,
      "horizon_08_all_candidates_model_robust_mae": 0.7461445980769205,
      "horizon_08_all_candidates_baseline_robust_mae": 0.8730975337730842,
      "horizon_08_all_candidates_improvement_pct": 14.540521623917273,
      "horizon_08_affected_candidates_model_robust_mae": 1.2344936497542267,
      "horizon_08_affected_candidates_baseline_robust_mae": 1.436019830312394,
      "horizon_08_affected_candidates_improvement_pct": 14.033662788230929,
      "horizon_09_all_candidates_model_robust_mae": 0.763437579249641,
      "horizon_09_all_candidates_baseline_robust_mae": 0.8976867136473045,
      "horizon_09_all_candidates_improvement_pct": 14.95500962158711,
      "horizon_09_affected_candidates_model_robust_mae": 1.2723537287199023,
      "horizon_09_affected_candidates_baseline_robust_mae": 1.4868423174878904,
      "horizon_09_affected_candidates_improvement_pct": 14.425779132408575,
      "horizon_10_all_candidates_model_robust_mae": 0.7724657883645302,
      "horizon_10_all_candidates_baseline_robust_mae": 0.9113789985417645,
      "horizon_10_all_candidates_improvement_pct": 15.242090326801463,
      "horizon_10_affected_candidates_model_robust_mae": 1.2883506145626575,
      "horizon_10_affected_candidates_baseline_robust_mae": 1.5105281051277468,
      "horizon_10_affected_candidates_improvement_pct": 14.708596934467467,
      "horizon_11_all_candidates_model_robust_mae": 0.7907131444853844,
      "horizon_11_all_candidates_baseline_robust_mae": 0.9332737739183414,
      "horizon_11_all_candidates_improvement_pct": 15.275327928097399,
      "horizon_11_affected_candidates_model_robust_mae": 1.3329312561946813,
      "horizon_11_affected_candidates_baseline_robust_mae": 1.564404800238793,
      "horizon_11_affected_candidates_improvement_pct": 14.796269099198566,
      "horizon_12_all_candidates_model_robust_mae": 0.8047791287383053,
      "horizon_12_all_candidates_baseline_robust_mae": 0.9485655322208022,
      "horizon_12_all_candidates_improvement_pct": 15.158299410886361,
      "horizon_12_affected_candidates_model_robust_mae": 1.3666758657690499,
      "horizon_12_affected_candidates_baseline_robust_mae": 1.5998585408337254,
      "horizon_12_affected_candidates_improvement_pct": 14.575205814331454,
      "affected_node_rate": 0.2311284046692607
    },
    "test": {
      "all_candidates_model_robust_mae": 0.7095994630847725,
      "all_candidates_baseline_robust_mae": 0.8330488830427023,
      "all_candidates_improvement_pct": 14.818988713727348,
      "affected_candidates_model_robust_mae": 1.1051057508059,
      "affected_candidates_baseline_robust_mae": 1.2900944477339138,
      "affected_candidates_improvement_pct": 14.339159218377507,
      "unaffected_candidates_model_robust_mae": 0.5225011690878099,
      "unaffected_candidates_baseline_robust_mae": 0.6168388012401588,
      "unaffected_candidates_improvement_pct": 15.293725356232851,
      "horizon_01_all_candidates_model_robust_mae": 0.5248890874919133,
      "horizon_01_all_candidates_baseline_robust_mae": 0.5907186167402946,
      "horizon_01_all_candidates_improvement_pct": 11.14397403143344,
      "horizon_01_affected_candidates_model_robust_mae": 0.7333669894885005,
      "horizon_01_affected_candidates_baseline_robust_mae": 0.8083569085558622,
      "horizon_01_affected_candidates_improvement_pct": 9.27683282887158,
      "horizon_02_all_candidates_model_robust_mae": 0.5827501224298877,
      "horizon_02_all_candidates_baseline_robust_mae": 0.6613039375788015,
      "horizon_02_all_candidates_improvement_pct": 11.878625044411333,
      "horizon_02_affected_candidates_model_robust_mae": 0.8513413266279257,
      "horizon_02_affected_candidates_baseline_robust_mae": 0.9541223391609646,
      "horizon_02_affected_candidates_improvement_pct": 10.772309620527524,
      "horizon_03_all_candidates_model_robust_mae": 0.6266949792990809,
      "horizon_03_all_candidates_baseline_robust_mae": 0.7180480895724983,
      "horizon_03_all_candidates_improvement_pct": 12.722422300128391,
      "horizon_03_affected_candidates_model_robust_mae": 0.9317046895175929,
      "horizon_03_affected_candidates_baseline_robust_mae": 1.0552724023797542,