{
  "metrics": {
    "val": {
      "all_candidates_model_robust_mae": 0.698419401160055,
      "all_candidates_baseline_robust_mae": 0.812272253538368,
      "all_candidates_improvement_pct": 14.016587650551221,
      "affected_candidates_model_robust_mae": 1.1248137350233702,
      "affected_candidates_baseline_robust_mae": 1.2999156952298925,
      "affected_candidates_improvement_pct": 13.470255098008886,
      "unaffected_candidates_model_robust_mae": 0.5239794146380093,
      "unaffected_candidates_baseline_robust_mae": 0.6127749966054564,
      "unaffected_candidates_improvement_pct": 14.490731909647305,
      "horizon_01_all_candidates_model_robust_mae": 0.5250761418439861,
      "horizon_01_all_candidates_baseline_robust_mae": 0.5925561872164117,
      "horizon_01_all_candidates_improvement_pct": 11.387957265186856,
      "horizon_01_affected_candidates_model_robust_mae": 0.7505075688001284,
      "horizon_01_affected_candidates_baseline_robust_mae": 0.8310821840812233,
      "horizon_01_affected_candidates_improvement_pct": 9.695144093381284,
      "horizon_02_all_candidates_model_robust_mae": 0.5836170775888606,
      "horizon_02_all_candidates_baseline_robust_mae": 0.6605090726494501,
      "horizon_02_all_candidates_improvement_pct": 11.64132307103042,
      "horizon_02_affected_candidates_model_robust_mae": 0.8675646938678957,
      "horizon_02_affected_candidates_baseline_robust_mae": 0.969432654323763,
      "horizon_02_affected_candidates_improvement_pct": 10.507997641870881,
      "horizon_03_all_candidates_model_robust_mae": 0.6243625782956718,
      "horizon_03_all_candidates_baseline_robust_mae": 0.7156650011947023,
      "horizon_03_all_candidates_improvement_pct": 12.75770405798998,
      "horizon_03_affected_candidates_model_robust_mae": 0.9587470867361215,
      "horizon_03_affected_candidates_baseline_robust_mae": 1.0868382318468646,
      "horizon_03_affected_candidates_improvement_pct": 11.785667945548594,
      "horizon_04_all_candidates_model_robust_mae": 0.6598043238863032,
      "horizon_04_all_candidates_baseline_robust_mae": 0.7587719564434949,
      "horizon_04_all_candidates_improvement_pct": 13.043132619327608,
      "horizon_04_affected_candidates_model_robust_mae": 1.0240490593610097,
      "horizon_04_affected_candidates_baseline_robust_mae": 1.1706791141493218,
      "horizon_04_affected_candidates_improvement_pct": 12.525213187463535,
      "horizon_05_all_candidates_model_robust_mae": 0.6813686401759097,
      "horizon_05_all_candidates_baseline_robust_mae": 0.78826782591811,
      "horizon_05_all_candidates_improvement_pct": 13.561277300350653,
      "horizon_05_affected_candidates_model_robust_mae": 1.0881449293522714,
      "horizon_05_affected_candidates_baseline_robust_mae": 1.250857173134531,
      "horizon_05_affected_candidates_improvement_pct": 13.00805937535762,
      "horizon_06_all_candidates_model_robust_mae": 0.7044368636043002,
      "horizon_06_all_candidates_baseline_robust_mae": 0.8191494627034623,
      "horizon_06_all_candidates_improvement_pct": 14.003866732766062,
      "horizon_06_affected_candidates_model_robust_mae": 1.1382347257294763,
      "horizon_06_affected_candidates_baseline_robust_mae": 1.3189782477938825,
      "horizon_06_affected_candidates_improvement_pct": 13.703298167859638,
      "horizon_07_all_candidates_model_robust_mae": 0.7250356219815748,
      "horizon_07_all_candidates_baseline_robust_mae": 0.8484080569173638,
      "horizon_07_all_candidates_improvement_pct": 14.541638770387777,
      "horizon_07_affected_candidates_model_robust_mae": 1.1841500200109547,
      "horizon_07_affected_candidates_baseline_robust_mae": 1.373737024284366,
      "horizon_07_affected_candidates_improvement_pct": 13.800822204102326,
      "horizon_08_all_candidates_model_robust_mae": 0.7462846002619666,
      "horizon_08_all_candidates_baseline_robust_mae": 0.8730975337730842,
      "horizon_08_all_candidates_improvement_pct": 14.52448650989729,
      "horizon_08_affected_candidates_model_robust_mae": 1.2332868171078089,
      "horizon_08_affected_candidates_baseline_robust_mae": 1.436019830312394,
      "horizon_08_affected_candidates_improvement_pct": 14.117702898328528,
      "horizon_09_all_candidates_model_robust_mae": 0.7635515952707398,
      "horizon_09_all_candidates_baseline_robust_mae": 0.8976867136473045,
      "horizon_09_all_candidates_improvement_pct": 14.942308528949168,
      "horizon_09_affected_candidates_model_robust_mae": 1.2714968300296274,
      "horizon_09_affected_candidates_baseline_robust_mae": 1.4868423174878904,
      "horizon_09_affected_candidates_improvement_pct": 14.483411248484114,
      "horizon_10_all_candidates_model_robust_mae": 0.7724807863096197,
      "horizon_10_all_candidates_baseline_robust_mae": 0.9113789985417645,
      "horizon_10_all_candidates_improvement_pct": 15.240444694730337,
      "horizon_10_affected_candidates_model_robust_mae": 1.28665104635791,
      "horizon_10_affected_candidates_baseline_robust_mae": 1.5105281051277468,
      "horizon_10_affected_candidates_improvement_pct": 14.821111769443268,
      "horizon_11_all_candidates_model_robust_mae": 0.7906358423983535,
      "horizon_11_all_candidates_baseline_robust_mae": 0.9332737739183414,
      "horizon_11_all_candidates_improvement_pct": 15.283610823126839,
      "horizon_11_affected_candidates_model_robust_mae": 1.3307408061889203,
      "horizon_11_affected_candidates_baseline_robust_mae": 1.564404800238793,
      "horizon_11_affected_candidates_improvement_pct": 14.936287207390682,
      "horizon_12_all_candidates_model_robust_mae": 0.8044272278741411,
      "horizon_12_all_candidates_baseline_robust_mae": 0.9485655322208022,
      "horizon_12_all_candidates_improvement_pct": 15.195397624157959,
      "horizon_12_affected_candidates_model_robust_mae": 1.3644037778177915,
      "horizon_12_affected_candidates_baseline_robust_mae": 1.5998585408337254,
      "horizon_12_affected_candidates_improvement_pct": 14.717223867382213,
      "affected_node_rate": 0.2311284046692607
    },
    "test": {
      "all_candidates_model_robust_mae": 0.7094366355430352,
      "all_candidates_baseline_robust_mae": 0.8330488830427023,
      "all_candidates_improvement_pct": 14.838534690566382,
      "affected_candidates_model_robust_mae": 1.1037322796693636,
      "affected_candidates_baseline_robust_mae": 1.2900944477339138,
      "affected_candidates_improvement_pct": 14.44562205440853,
      "unaffected_candidates_model_robust_mae": 0.5229110435385785,
      "unaffected_candidates_baseline_robust_mae": 0.6168388012401588,
      "unaffected_candidates_improvement_pct": 15.227277777068794,
      "horizon_01_all_candidates_model_robust_mae": 0.5248007269614295,
      "horizon_01_all_candidates_baseline_robust_mae": 0.5907186167402946,
      "horizon_01_all_candidates_improvement_pct": 11.158932173597872,
      "horizon_01_affected_candidates_model_robust_mae": 0.7332241950191748,
      "horizon_01_affected_candidates_baseline_robust_mae": 0.8083569085558622,
      "horizon_01_affected_candidates_improvement_pct": 9.294497608848639,
      "horizon_02_all_candidates_model_robust_mae": 0.5827710159248639,
      "horizon_02_all_candidates_baseline_robust_mae": 0.6613039375788015,
      "horizon_02_all_candidates_improvement_pct": 11.875465605341192,
      "horizon_02_affected_candidates_model_robust_mae": 0.8510708437100599,
      "horizon_02_affected_candidates_baseline_robust_mae": 0.9541223391609646,
      "horizon_02_affected_candidates_improvement_pct": 10.800658492235492,
      "horizon_03_all_candidates_model_robust_mae": 0.6268024123999395,
      "horizon_03_all_candidates_baseline_robust_mae": 0.7180480895724983,
      "horizon_03_all_candidates_improvement_pct": 12.707460474810738,
      "horizon_03_affected_candidates_model_robust_mae": 0.9314234195794276,
      "horizon_03_affected_candidates_baseline_robust_mae": 1.0552724023797542,