epoch,train_loss,val_loss,val_residual_loss,val_veto_loss,val_ranking_loss,val_regret_loss,val_sparsity_loss,val_normal_advantage_mean,val_positive_rate,val_affected_positive_rate,val_ranking_positive_count,val_ranking_negative_count,val_normal_veto_mean,val_affected_normal_veto_mean,val_effective_gate_mean,val_base_gate_mean
1,0.9639791756868362,1.0509948320686817,0.6003565359860659,0.3320792932063341,1.2594601958990097,0.1427774541079998,0.008415820659138262,-0.07103277812711895,0.15067525673657656,0.18163256254047155,3616.25,11309.5,0.008539115777239203,0.008309430559165776,0.43367073498666286,0.4374733082950115
2,0.9464886605739593,1.0365726128220558,0.6003685314208269,0.3134536426514387,1.223206877708435,0.14278595428913832,0.01049799716565758,-0.07103277812711895,0.15067525673657656,0.18163256254047155,3616.25,11309.5,0.010674631572328508,0.010345444199629128,0.43268176913261414,0.4374733082950115
