{
  "metrics": {
    "train": {
      "all_candidates_model_robust_mae": 0.6578986790308156,
      "all_candidates_baseline_robust_mae": 0.7568154095024562,
      "all_candidates_improvement_pct": 13.07012637819706,
      "affected_candidates_model_robust_mae": 1.004142957707285,
      "affected_candidates_baseline_robust_mae": 1.1386817385167165,
      "affected_candidates_improvement_pct": 11.815310306520427,
      "unaffected_candidates_model_robust_mae": 0.5160138855317774,
      "unaffected_candidates_baseline_robust_mae": 0.6003333293543087,
      "unaffected_candidates_improvement_pct": 14.045437709284188,
      "horizon_01_all_candidates_model_robust_mae": 0.5028429554719177,
      "horizon_01_all_candidates_baseline_robust_mae": 0.5654217572374136,
      "horizon_01_all_candidates_improvement_pct": 11.067632429153207,
      "horizon_01_affected_candidates_model_robust_mae": 0.6877584875161342,
      "horizon_01_affected_candidates_baseline_robust_mae": 0.7520198272297759,
      "horizon_01_affected_candidates_improvement_pct": 8.545165617555845,
      "horizon_02_all_candidates_model_robust_mae": 0.5596460131028119,
      "horizon_02_all_candidates_baseline_robust_mae": 0.6292246044649835,
      "horizon_02_all_candidates_improvement_pct": 11.057830680561644,
      "horizon_02_affected_candidates_model_robust_mae": 0.800175500367877,
      "horizon_02_affected_candidates_baseline_robust_mae": 0.8813356343317446,
      "horizon_02_affected_candidates_improvement_pct": 9.20876574171492,
      "horizon_03_all_candidates_model_robust_mae": 0.5993942709589181,
      "horizon_03_all_candidates_baseline_robust_mae": 0.679347079728674,
      "horizon_03_all_candidates_improvement_pct": 11.76906638086801,
      "horizon_03_affected_candidates_model_robust_mae": 0.8781627532737964,
      "horizon_03_affected_candidates_baseline_robust_mae": 0.9767396365336127,
      "horizon_03_affected_candidates_improvement_pct": 10.09244219981278,
      "horizon_04_all_candidates_model_robust_mae": 0.627109995676099,
      "horizon_04_all_candidates_baseline_robust_mae": 0.7151619962165963,
      "horizon_04_all_candidates_improvement_pct": 12.31217556390252,
      "horizon_04_affected_candidates_model_robust_mae": 0.9359713724440746,
      "horizon_04_affected_candidates_baseline_robust_mae": 1.0490735628419376,
      "horizon_04_affected_candidates_improvement_pct": 10.781149616569264,
      "horizon_05_all_candidates_model_robust_mae": 0.647467559737813,
      "horizon_05_all_candidates_baseline_robust_mae": 0.7417047606680339,
      "horizon_05_all_candidates_improvement_pct": 12.705486863175041,
      "horizon_05_affected_candidates_model_robust_mae": 0.9803466821743333,
      "horizon_05_affected_candidates_baseline_robust_mae": 1.1069414973693565,
      "horizon_05_affected_candidates_improvement_pct": 11.436450390185524,
      "horizon_06_all_candidates_model_robust_mae": 0.6659449992038489,
      "horizon_06_all_candidates_baseline_robust_mae": 0.7669953066504662,
      "horizon_06_all_candidates_improvement_pct": 13.174827351670853,
      "horizon_06_affected_candidates_model_robust_mae": 1.0209428941971723,
      "horizon_06_affected_candidates_baseline_robust_mae": 1.1594224070231753,
      "horizon_06_affected_candidates_improvement_pct": 11.943836171111277,
      "horizon_07_all_candidates_model_robust_mae": 0.6833259183366209,
      "horizon_07_all_candidates_baseline_robust_mae": 0.788761482783057,
      "horizon_07_all_candidates_improvement_pct": 13.367230366576528,
      "horizon_07_affected_candidates_model_robust_mae": 1.0556304044736766,
      "horizon_07_affected_candidates_baseline_robust_mae": 1.2043536333754532,
      "horizon_07_affected_candidates_improvement_pct": 12.34880061638944,
      "horizon_08_all_candidates_model_robust_mae": 0.6986918328154191,
      "horizon_08_all_candidates_baseline_robust_mae": 0.8087404399535016,
      "horizon_08_all_candidates_improvement_pct": 13.607407482233697,
      "horizon_08_affected_candidates_model_robust_mae": 1.0891403192384694,
      "horizon_08_affected_candidates_baseline_robust_mae": 1.2461668478890353,
      "horizon_08_affected_candidates_improvement_pct": 12.600762804480278,
      "horizon_09_all_candidates_model_robust_mae": 0.7115989820414406,
      "horizon_09_all_candidates_baseline_robust_mae": 0.8259273767270113,
      "horizon_09_all_candidates_improvement_pct": 13.842427059220611,
      "horizon_09_affected_candidates_model_robust_mae": 1.1157937766183732,
      "horizon_09_affected_candidates_baseline_robust_mae": 1.2794429852053282,
      "horizon_09_affected_candidates_improvement_pct": 12.790660504554813,
      "horizon_10_all_candidates_model_robust_mae": 0.7223149126596166,
      "horizon_10_all_candidates_baseline_robust_mae": 0.8405281192388496,
      "horizon_10_all_candidates_improvement_pct": 14.064158458646506,
      "horizon_10_affected_candidates_model_robust_mae": 1.1385199993312576,
      "horizon_10_affected_candidates_baseline_robust_mae": 1.3083243909294042,
      "horizon_10_affected_candidates_improvement_pct": 12.978768321938983,
      "horizon_11_all_candidates_model_robust_mae": 0.7325166255851754,
      "horizon_11_all_candidates_baseline_robust_mae": 0.8542083067179264,
      "horizon_11_all_candidates_improvement_pct": 14.246136472299089,
      "horizon_11_affected_candidates_model_robust_mae": 1.1602154885313831,
      "horizon_11_affected_candidates_baseline_robust_mae": 1.33543275088949,
      "horizon_11_affected_candidates_improvement_pct": 13.120635407616012,
      "horizon_12_all_candidates_model_robust_mae": 0.7441042334324172,
      "horizon_12_all_candidates_baseline_robust_mae": 0.8659857967194721,
      "horizon_12_all_candidates_improvement_pct": 14.07431435351096,
      "horizon_12_affected_candidates_model_robust_mae": 1.1872668491943419,
      "horizon_12_affected_candidates_baseline_robust_mae": 1.3651884539716925,
      "horizon_12_affected_candidates_improvement_pct": 13.032750479227234,
      "affected_node_rate": 0.22748324205772144
    },
    "val": {
      "all_candidates_model_robust_mae": 0.7165015520460923,
      "all_candidates_baseline_robust_mae": 0.8272501102632047,
      "all_candidates_improvement_pct": 13.387554361506911,
      "affected_candidates_model_robust_mae": 1.1609825941601977,
      "affected_candidates_baseline_robust_mae": 1.3240686546633906,
      "affected_candidates_improvement_pct": 12.317039598271684,
      "unaffected_candidates_model_robust_mae": 0.5312679039984892,
      "unaffected_candidates_baseline_robust_mae": 0.6202052552880885,
      "unaffected_candidates_improvement_pct": 14.33998672718234,
      "horizon_01_all_candidates_model_robust_mae": 0.5341831459212764,
      "horizon_01_all_candidates_baseline_robust_mae": 0.6003526860005128,
      "horizon_01_all_candidates_improvement_pct": 11.021777968555629,
      "horizon_01_affected_candidates_model_robust_mae": 0.768051369238832,
      "horizon_01_affected_candidates_baseline_robust_mae": 0.8427632402965712,
      "horizon_01_affected_candidates_improvement_pct": 8.86510795504653,
      "horizon_02_all_candidates_model_robust_mae": 0.5979984640936469,
      "horizon_02_all_candidates_baseline_robust_mae": 0.6733494887504019,
      "horizon_02_all_candidates_improvement_pct": 11.190477740852083,
      "horizon_02_affected_candidates_model_robust_mae": 0.9004183898512194,
      "horizon_02_affected_candidates_baseline_robust_mae": 0.9973475126132015,
      "horizon_02_affected_candidates_improvement_pct": 9.718690981442686,
      "horizon_03_all_candidates_model_robust_mae": 0.64473564728297,
      "horizon_03_all_candidates_baseline_robust_mae": 0.7308534904495786,
      "horizon_03_all_candidates_improvement_pct": 11.783188325971318,
      "horizon_03_affected_candidates_model_robust_mae": 0.9994196559195004,
      "horizon_03_affected_candidates_baseline_robust_mae": 1.1166547427176545,