{
  "metrics": {
    "val": {
      "all_candidates_model_robust_mae": 0.7175685981968715,
      "all_candidates_baseline_robust_mae": 0.8243860967074997,
      "all_candidates_improvement_pct": 12.957217369051309,
      "affected_candidates_model_robust_mae": 1.1666710020999262,
      "affected_candidates_baseline_robust_mae": 1.3241227669562736,
      "affected_candidates_improvement_pct": 11.891024668224505,
      "unaffected_candidates_model_robust_mae": 0.5305485083472222,
      "unaffected_candidates_baseline_robust_mae": 0.6162803354377097,
      "unaffected_candidates_improvement_pct": 13.91117356188185,
      "horizon_01_all_candidates_model_robust_mae": 0.5366015441442425,
      "horizon_01_all_candidates_baseline_robust_mae": 0.6010695121455304,
      "horizon_01_all_candidates_improvement_pct": 10.725542836329872,
      "horizon_01_affected_candidates_model_robust_mae": 0.7690047698191002,
      "horizon_01_affected_candidates_baseline_robust_mae": 0.8412605027392817,
      "horizon_01_affected_candidates_improvement_pct": 8.58898434966399,
      "horizon_02_all_candidates_model_robust_mae": 0.5954413657741019,
      "horizon_02_all_candidates_baseline_robust_mae": 0.6697839908482474,
      "horizon_02_all_candidates_improvement_pct": 11.099492685693235,
      "horizon_02_affected_candidates_model_robust_mae": 0.8941957990696243,
      "horizon_02_affected_candidates_baseline_robust_mae": 0.9909466067722453,
      "horizon_02_affected_candidates_improvement_pct": 9.763473333620059,
      "horizon_03_all_candidates_model_robust_mae": 0.6441908628471128,
      "horizon_03_all_candidates_baseline_robust_mae": 0.730396723283704,
      "horizon_03_all_candidates_improvement_pct": 11.802607773078234,
      "horizon_03_affected_candidates_model_robust_mae": 1.0011801023210467,
      "horizon_03_affected_candidates_baseline_robust_mae": 1.1176758212811302,
      "horizon_03_affected_candidates_improvement_pct": 10.423032935127008,
      "horizon_04_all_candidates_model_robust_mae": 0.6740197303295948,
      "horizon_04_all_candidates_baseline_robust_mae": 0.7692886943863247,
      "horizon_04_all_candidates_improvement_pct": 12.38403277624243,
      "horizon_04_affected_candidates_model_robust_mae": 1.0609333837721875,
      "horizon_04_affected_candidates_baseline_robust_mae": 1.1962563316064412,
      "horizon_04_affected_candidates_improvement_pct": 11.312203267716862,
      "horizon_05_all_candidates_model_robust_mae": 0.7057537155461404,
      "horizon_05_all_candidates_baseline_robust_mae": 0.8068954942559714,
      "horizon_05_all_candidates_improvement_pct": 12.53468131001185,
      "horizon_05_affected_candidates_model_robust_mae": 1.1411395007620149,
      "horizon_05_affected_candidates_baseline_robust_mae": 1.2913077010332776,
      "horizon_05_affected_candidates_improvement_pct": 11.62915702826687,
      "horizon_06_all_candidates_model_robust_mae": 0.7271864292131848,
      "horizon_06_all_candidates_baseline_robust_mae": 0.8349826106857253,
      "horizon_06_all_candidates_improvement_pct": 12.909991189398959,
      "horizon_06_affected_candidates_model_robust_mae": 1.1890004410480908,
      "horizon_06_affected_candidates_baseline_robust_mae": 1.3452307379851651,
      "horizon_06_affected_candidates_improvement_pct": 11.613643111595122,
      "horizon_07_all_candidates_model_robust_mae": 0.7463845990468969,
      "horizon_07_all_candidates_baseline_robust_mae": 0.8618791210736175,
      "horizon_07_all_candidates_improvement_pct": 13.400315566625222,
      "horizon_07_affected_candidates_model_robust_mae": 1.2337479918497622,
      "horizon_07_affected_candidates_baseline_robust_mae": 1.4056307551743428,
      "horizon_07_affected_candidates_improvement_pct": 12.228158973603392,
      "horizon_08_all_candidates_model_robust_mae": 0.76834746473847,
      "horizon_08_all_candidates_baseline_robust_mae": 0.8878596421687964,
      "horizon_08_all_candidates_improvement_pct": 13.46070614702016,
      "horizon_08_affected_candidates_model_robust_mae": 1.285225274776431,
      "horizon_08_affected_candidates_baseline_robust_mae": 1.4659460743556973,
      "horizon_08_affected_candidates_improvement_pct": 12.327929569898776,
      "horizon_09_all_candidates_model_robust_mae": 0.7791780384101065,
      "horizon_09_all_candidates_baseline_robust_mae": 0.9031918707038202,
      "horizon_09_all_candidates_improvement_pct": 13.730618744063195,
      "horizon_09_affected_candidates_model_robust_mae": 1.297453326886464,
      "horizon_09_affected_candidates_baseline_robust_mae": 1.4902557483885537,
      "horizon_09_affected_candidates_improvement_pct": 12.937539191549577,
      "horizon_10_all_candidates_model_robust_mae": 0.798210671757375,
      "horizon_10_all_candidates_baseline_robust_mae": 0.9263063850224589,
      "horizon_10_all_candidates_improvement_pct": 13.828654896077186,
      "horizon_10_affected_candidates_model_robust_mae": 1.3449540079066977,
      "horizon_10_affected_candidates_baseline_robust_mae": 1.545945163788775,
      "horizon_10_affected_candidates_improvement_pct": 13.001182745026455,
      "horizon_11_all_candidates_model_robust_mae": 0.8118107734614923,
      "horizon_11_all_candidates_baseline_robust_mae": 0.9442007165288019,
      "horizon_11_all_candidates_improvement_pct": 14.021377102319867,
      "horizon_11_affected_candidates_model_robust_mae": 1.378695460211299,
      "horizon_11_affected_candidates_baseline_robust_mae": 1.5863841569918702,
      "horizon_11_affected_candidates_improvement_pct": 13.091954799548308,
      "horizon_12_all_candidates_model_robust_mae": 0.8238198928142616,
      "horizon_12_all_candidates_baseline_robust_mae": 0.9569317231279437,
      "horizon_12_all_candidates_improvement_pct": 13.910274588721604,
      "horizon_12_affected_candidates_model_robust_mae": 1.4046271981217833,
      "horizon_12_affected_candidates_baseline_robust_mae": 1.612761953029406,
      "horizon_12_affected_candidates_improvement_pct": 12.9054851843859,
      "affected_node_rate": 0.2338696383238271
    },
    "test": {
      "all_candidates_model_robust_mae": 0.7141295367885891,
      "all_candidates_baseline_robust_mae": 0.8400260379889846,
      "all_candidates_improvement_pct": 14.987214146574624,
      "affected_candidates_model_robust_mae": 1.1035784268072275,
      "affected_candidates_baseline_robust_mae": 1.294312035248775,
      "affected_candidates_improvement_pct": 14.73629258225102,
      "unaffected_candidates_model_robust_mae": 0.5285303865019161,
      "unaffected_candidates_baseline_robust_mae": 0.6235275659780307,
      "unaffected_candidates_improvement_pct": 15.235441808752647,
      "horizon_01_all_candidates_model_robust_mae": 0.5287430197983367,
      "horizon_01_all_candidates_baseline_robust_mae": 0.5958953048448069,
      "horizon_01_all_candidates_improvement_pct": 11.269141491886586,
      "horizon_01_affected_candidates_model_robust_mae": 0.7368134947971641,
      "horizon_01_affected_candidates_baseline_robust_mae": 0.8166636259899338,
      "horizon_01_affected_candidates_improvement_pct": 9.777603489561315,
      "horizon_02_all_candidates_model_robust_mae": 0.5888491164129398,
      "horizon_02_all_candidates_baseline_robust_mae": 0.6699001114370843,
      "horizon_02_all_candidates_improvement_pct": 12.098967240096753,
      "horizon_02_affected_candidates_model_robust_mae": 0.8507539721203571,
      "horizon_02_affected_candidates_baseline_robust_mae": 0.9595153244771741,
      "horizon_02_affected_candidates_improvement_pct": 11.33503025770636,
      "horizon_03_all_candidates_model_robust_mae": 0.634634815367658,
      "horizon_03_all_candidates_baseline_robust_mae": 0.7295714467193155,
      "horizon_03_all_candidates_improvement_pct": 13.01265719465335,
      "horizon_03_affected_candidates_model_robust_mae": 0.941846324767504,
      "horizon_03_affected_candidates_baseline_robust_mae": 1.0763457725849357,